[
    {
        "start": 0,
        "stop": 1000,
        "text": "(オラゴン) ドーム連合とのゲームランド許さんぞ! 私らの命を何だかおう! (レン)出てくるのはドーム連合のナイトサベ! (オラゴン)やったー!"
    },
    {
        "start": 1200,
        "stop": 1700,
        "text": "(オラゴン) あっ… それで なんでここに集められてるんですよ? 私たち…"
    },
    {
        "start": 1800,
        "stop": 2500,
        "text": "(レン)昨日 オレらが勝った後にいただろう? 要求に そこのエルフ… フィール…"
    },
    {
        "start": 2500,
        "stop": 2900,
        "text": "(レン)あんたの記憶を改ざんする権利をいただく (オラゴン)なっ!"
    },
    {
        "start": 2900,
        "stop": 3300,
        "text": "(レン)私たちにスパイをやれって言うんでしょ? (オラゴン)スパイ…"
    },
    {
        "start": 3300,
        "stop": 4100,
        "text": "(レン)オレらがイマニティの駒をかけたのは エルブンガルドの内通者であるクラミーが接触してくると踏んでいたからだ"
    },
    {
        "start": 4100,
        "stop": 4500,
        "text": "(レン)そして オレらはゲームに勝った (オラゴン)フィール…"
    },
    {
        "start": 4500,
        "stop": 5300,
        "text": "(オラゴン)そのゲームの中で 記憶を私に託せば 名訳を使わず 私を味方にできると踏んだわけでしょ?"
    },
    {
        "start": 5300,
        "stop": 6100,
        "text": "(オラゴン)ただ こっちも乗ってあげるとは言ったけど あんたの記憶を探っても トーブ連合に勝てるとは思えないんだけど その辺は大丈夫なの?"
    },
    {
        "start": 6100,
        "stop": 6300,
        "text": "(レン)大丈夫だって"
    },
    {
        "start": 6400,
        "stop": 7100,
        "text": "(レン)とにかく お前たちに集まってもらったのは他でもない 今オレらがやるべきはただひとつ"
    },
    {
        "start": 7100,
        "stop": 7500,
        "text": "(レン)共闘のために 必要不可欠なこと"
    },
    {
        "start": 7500,
        "stop": 7700,
        "text": "(オラゴン)それは…"
    },
    {
        "start": 7900,
        "stop": 8100,
        "text": "(オラゴン)つまり…"
    },
    {
        "start": 8200,
        "stop": 8400,
        "text": "(オラゴン)自己紹介だ"
    },
    {
        "start": 8500,
        "stop": 8900,
        "text": "(オラゴン)そのままの音楽を 歌ってみようか"
    },
    {
        "start": 8900,
        "stop": 9300,
        "text": "♪~"
    },
    {
        "start": 9300,
        "stop": 9700,
        "text": "♪~"
    },
    {
        "start": 9700,
        "stop": 10036,
        "text": "- 世界の中である創造者 -"
    },
    {
        "start": 10036,
        "stop": 10346,
        "text": "回り続ける"
    },
    {
        "start": 10346,
        "stop": 10688,
        "text": "悪夢にはなり下がらない"
    },
    {
        "start": 10688,
        "stop": 10996,
        "text": "平気を揺れじる"
    },
    {
        "start": 10996,
        "stop": 11362,
        "text": "他所から始まった地獄"
    },
    {
        "start": 11362,
        "stop": 11678,
        "text": "あそれ反論で神が導いた"
    },
    {
        "start": 11678,
        "stop": 12016,
        "text": "万丈の世界のNo No No Get Out Of Life"
    },
    {
        "start": 12016,
        "stop": 12342,
        "text": "温い平温を薄力に捨てて"
    },
    {
        "start": 12342,
        "stop": 12756,
        "text": "栄光への階段に存在刻むんだ"
    },
    {
        "start": 12756,
        "stop": 13212,
        "text": "目に映るのは完全勝利の運命"
    },
    {
        "start": 13212,
        "stop": 13604,
        "text": "何もかも計算通り"
    },
    {
        "start": 13604,
        "stop": 14098,
        "text": "変えてやる 染まらないクエクゼ"
    },
    {
        "start": 14098,
        "stop": 14750,
        "text": "みんなまなびく空際なんていらない"
    },
    {
        "start": 14750,
        "stop": 15428,
        "text": "怯鳴りし襲うでも勝てないだけの話さえも"
    },
    {
        "start": 15428,
        "stop": 16062,
        "text": "激意気と才能が無敗さらう"
    },
    {
        "start": 16062,
        "stop": 16706,
        "text": "生まれ直した命で楽しむさ"
    },
    {
        "start": 16706,
        "stop": 17412,
        "text": "自分だけは自分信じてる"
    },
    {
        "start": 17720,
        "stop": 18436,
        "text": "みんなまなびく空際なんていらない…"
    },
    {
        "start": 18534,
        "stop": 18922,
        "text": "自古消化…今更なんでそんな…"
    },
    {
        "start": 19426,
        "stop": 19710,
        "text": "くらみ言ってるよ よろしく"
    },
    {
        "start": 19804,
        "stop": 20294,
        "text": "はい?それだけ?もうちょっと他にないんですの?"
    },
    {
        "start": 20294,
        "stop": 20548,
        "text": "ないわ 別に問題ないでしょ?"
    },
    {
        "start": 20548,
        "stop": 21048,
        "text": "えー…俺と同い年の18歳 身長は158センチ"
    },
    {
        "start": 21048,
        "stop": 21234,
        "text": "スリーサイズは上から…"
    },
    {
        "start": 21234,
        "stop": 21358,
        "text": "ひきょうよ それ!"
    },
    {
        "start": 21358,
        "stop": 21618,
        "text": "あとブラーパットが入ってて実際は…"
    },
    {
        "start": 21618,
        "stop": 21906,
        "text": "わかったわ!わかった! やめてちゃんとやるから!"
    },
    {
        "start": 22014,
        "stop": 22430,
        "text": "でもその前にフィーを紹介しなきゃ説明できないわね"
    },
    {
        "start": 22430,
        "stop": 22710,
        "text": "はーい フィールニルバレンなのですよ?"
    },
    {
        "start": 22838,
        "stop": 23082,
        "text": "そこの悪魔以外は…"
    },
    {
        "start": 23082,
        "stop": 23382,
        "text": "気楽にフィーって呼んでほしいのですよ?"
    },
    {
        "start": 23382,
        "stop": 23702,
        "text": "かつて ずいぶん嫌われたものですね"
    },
    {
        "start": 23702,
        "stop": 23982,
        "text": "なんででしょう 不思議でございます?"
    },
    {
        "start": 23982,
        "stop": 24126,
        "text": "だって…"
    },
    {
        "start": 24226,
        "stop": 24526,
        "text": "どこかのフリューゲルの本を語るなぁ"
    },
    {
        "start": 24526,
        "stop": 25070,
        "text": "対戦時私たちに撃った転撃で 何人が犠牲になったかと思うと…"
    },
    {
        "start": 25170,
        "stop": 25410,
        "text": "秘国ジブリール ベンゴ"
    },
    {
        "start": 25410,
        "stop": 25614,
        "text": "ベンゴと言われましても…"
    },
    {
        "start": 25682,
        "stop": 26134,
        "text": "身の程をわきまえ 上空に飛行妨害魔法をはらなければ"
    },
    {
        "start": 26134,
        "stop": 26650,
        "text": "ガン中にとどめることすらなかったのに… 自業自得でございます"
    },
    {
        "start": 26882,
        "stop": 27158,
        "text": "あれで落下して単古部ができたのですよ?"
    },
    {
        "start": 27158,
        "stop": 27558,
        "text": "うっかり皆殺しにして 私に何の落ち度がございましょう?"
    },
    {
        "start": 27558,
        "stop": 27874,
        "text": "ジャッジ 判決ジブリール キュルティー!"
    },
    {
        "start": 27874,
        "stop": 27982,
        "text": "なぜ!?"
    },
    {
        "start": 27982,
        "stop": 28366,
        "text": "フィー 協闘するにあたって わだかまりはなくしたい"
    },
    {
        "start": 28366,
        "stop": 28606,
        "text": "どうすればジブリールを許してくれる?"
    },
    {
        "start": 28606,
        "stop": 29018,
        "text": "うーん… それはとっても難しいのですよ"
    },
    {
        "start": 29018,
        "stop": 29118,
        "text": "フィー?"
    },
    {
        "start": 29118,
        "stop": 29566,
        "text": "ん? ソラの計画に彼女の力は必要よ"
    },
    {
        "start": 29566,
        "stop": 29730,
        "text": "私からもお願い"
    },
    {
        "start": 29730,
        "stop": 30190,
        "text": "…はぁ… じゃあ 足を舐めて許してください"
    },
    {
        "start": 30190,
        "stop": 30466,
        "text": "フィール様って言えば 許すのですよ?"
    },
    {
        "start": 30466,
        "stop": 30890,
        "text": "…おやおや? 天の彼方まで突き上がりましたね"
    },
    {
        "start": 30890,
        "stop": 31194,
        "text": "耳が長いだけの森の雑種さんが…"
    },
    {
        "start": 31194,
        "stop": 31478,
        "text": "ジブリール 遊債 罰"
    },
    {
        "start": 31478,
        "stop": 31654,
        "text": "うわっ… えぇ!?"
    },
    {
        "start": 31654,
        "stop": 31958,
        "text": "ま…まさか本当に こんな動物の足を舐めろと!"
    },
    {
        "start": 31958,
        "stop": 32030,
        "text": "罰…"
    },
    {
        "start": 32030,
        "stop": 32346,
        "text": "う…うううううう…"
    },
    {
        "start": 32474,
        "stop": 32842,
        "text": "納得いかないですが マスターたちのご命令とあらば…"
    },
    {
        "start": 33050,
        "stop": 33334,
        "text": "どうぞお許しください フィール様…"
    },
    {
        "start": 33378,
        "stop": 33622,
        "text": "はーい 許したのですよ?"
    },
    {
        "start": 33622,
        "stop": 33754,
        "text": "こんなんでいいのか?"
    },
    {
        "start": 33798,
        "stop": 34198,
        "text": "ま…マスター! このような過刀動物の足を舐めて謝罪などを"
    },
    {
        "start": 34198,
        "stop": 34518,
        "text": "自力の極みのはずなのですが どうしてでございましょう!?"
    },
    {
        "start": 34602,
        "stop": 34982,
        "text": "マスターたちに命令されてやってることだと思うと 不思議だ…"
    },
    {
        "start": 34982,
        "stop": 35130,
        "text": "ゾックゾック来るものが…"
    },
    {
        "start": 35130,
        "stop": 35442,
        "text": "ウリュウゲルに ここまでやらせる空白って…"
    },
    {
        "start": 35442,
        "stop": 35526,
        "text": "あの…"
    },
    {
        "start": 35526,
        "stop": 35618,
        "text": "ん?"
    },
    {
        "start": 35618,
        "stop": 35930,
        "text": "わだかまりと言うなら 私にもありますわよ!"
    },
    {
        "start": 35930,
        "stop": 36054,
        "text": "この人!"
    },
    {
        "start": 36054,
        "stop": 36418,
        "text": "魔法使ったイカ様で 私を任した人じゃないですのよ!"
    },
    {
        "start": 36418,
        "stop": 36598,
        "text": "騙されるお前が悪い"
    },
    {
        "start": 36598,
        "stop": 36702,
        "text": "うわぁぁぁぁぁぁぁ!"
    },
    {
        "start": 36738,
        "stop": 37066,
        "text": "なんだ…ただの冷酷無慈悲か…"
    },
    {
        "start": 37066,
        "stop": 37218,
        "text": "ふぅぅ…"
    },
    {
        "start": 37326,
        "stop": 37770,
        "text": "フィーは幼馴染 正確には私の主人だけどね"
    },
    {
        "start": 37770,
        "stop": 37894,
        "text": "ん?"
    },
    {
        "start": 37894,
        "stop": 38354,
        "text": "エルブンガルドは民主国家ですが 異界序列で自分たち以下の種族を"
    },
    {
        "start": 38354,
        "stop": 38642,
        "text": "名訳で縛ることを推奨しておりまして"
    },
    {
        "start": 38642,
        "stop": 38990,
        "text": "端的に申せば奴隷制度を採用しているのです"
    },
    {
        "start": 38990,
        "stop": 39306,
        "text": "えっ じゃあ…クロミーは…"
    },
    {
        "start": 39306,
        "stop": 39362,
        "text": "ええ"
    },
    {
        "start": 39474,
        "stop": 39814,
        "text": "創祖父の代から ニルヴァレン家の奴隷"
    },
    {
        "start": 39814,
        "stop": 40074,
        "text": "生まれも育ちもエルブンガルド"
    },
    {
        "start": 40074,
        "stop": 40422,
        "text": "ニルヴァレン家は エルブンガルドでも名のある家で"
    },
    {
        "start": 40422,
        "stop": 40734,
        "text": "代々上院議員を務めてきている"
    },
    {
        "start": 40734,
        "stop": 41050,
        "text": "それなのに奴隷の私をフィーだけは…"
    },
    {
        "start": 41050,
        "stop": 41194,
        "text": "一緒に食べましょう?"
    },
    {
        "start": 41194,
        "stop": 41306,
        "text": "フィー…"
    },
    {
        "start": 41306,
        "stop": 41542,
        "text": "もう私に優しくしないで!"
    },
    {
        "start": 41542,
        "stop": 41962,
        "text": "私みたいな奴隷なんかを友達扱いしてたら…"
    },
    {
        "start": 41962,
        "stop": 42286,
        "text": "友人として扱ってくれた…"
    },
    {
        "start": 42286,
        "stop": 42654,
        "text": "当然表向きには そんな素振り見せられないけどね"
    },
    {
        "start": 42654,
        "stop": 43066,
        "text": "私はそれがすごく気に入らないのですよ!"
    },
    {
        "start": 43066,
        "stop": 43406,
        "text": "で 昨年先代当主が奇跡に入ってからは"
    },
    {
        "start": 43406,
        "stop": 43610,
        "text": "フィーが事実上の家長"
    },
    {
        "start": 43610,
        "stop": 44046,
        "text": "だから私たちの関係は 世間からしたらさらに複雑なわけ"
    },
    {
        "start": 44046,
        "stop": 44398,
        "text": "えっ?じゃあフィールさん 今は上院議員代行?"
    },
    {
        "start": 44398,
        "stop": 44862,
        "text": "上院議員が奴隷解放運動を企てるって こっから反逆じゃないですの!"
    },
    {
        "start": 44862,
        "stop": 45142,
        "text": "-えっ!? -さすがに驚きますわよね!"
    },
    {
        "start": 45266,
        "stop": 45538,
        "text": "スティフ 今の話ついてこれたのか!?"
    },
    {
        "start": 45538,
        "stop": 45730,
        "text": "驚くとこどこですの!?"
    },
    {
        "start": 45814,
        "stop": 46050,
        "text": "フィールさんはいいんですの?"
    },
    {
        "start": 46050,
        "stop": 46646,
        "text": "私たちに協力するのは エルブンガルドの破滅につながるかもしれないんですのよ"
    },
    {
        "start": 46646,
        "stop": 47202,
        "text": "私は…クラミーが傷つけられなければ 何でもいいのですよ!"
    },
    {
        "start": 47414,
        "stop": 47678,
        "text": "家とか正直 どうでもいいですし"
    },
    {
        "start": 47678,
        "stop": 48158,
        "text": "一層国ごとなくなれば話が早いのに と思ったこともあるのですよ!"
    },
    {
        "start": 48158,
        "stop": 48586,
        "text": "えへへへ…さらりとエゲつないですわね"
    },
    {
        "start": 48586,
        "stop": 48950,
        "text": "クラミーは目を離すと すぐこっそり泣いてるから"
    },
    {
        "start": 48950,
        "stop": 49134,
        "text": "そばにいたいのですよ!"
    },
    {
        "start": 49134,
        "stop": 49410,
        "text": "な…泣いてないわ! 泣いたことすらないわ!"
    },
    {
        "start": 49410,
        "stop": 49902,
        "text": "いや国を選定戦で負けたときに 子供みたいに泣きじゃくって…"
    },
    {
        "start": 49902,
        "stop": 50122,
        "text": "違う! あれは違うの!"
    },
    {
        "start": 50122,
        "stop": 50462,
        "text": "-やっぱりそうなるんですね! -だから泣いてないっつってんでしょ!"
    },
    {
        "start": 50462,
        "stop": 50914,
        "text": "赤ん坊の頃から知ってるからって いつまでも子供扱いしないでくれる!?"
    },
    {
        "start": 50914,
        "stop": 51178,
        "text": "クラミーは清いすぎだのですよ!"
    },
    {
        "start": 51330,
        "stop": 51642,
        "text": "親友って言うより母親だな…"
    },
    {
        "start": 51730,
        "stop": 52270,
        "text": "(パンドラ)とにかく! これから私たちが相手にしなきゃいけないのは 東武連合の連中なのよ!"
    },
    {
        "start": 52270,
        "stop": 53038,
        "text": "美子と呼ばれる統治者の登場により わずか半世紀で世界第三位の大国になった 連中の脅威は未知数!"
    },
    {
        "start": 53038,
        "stop": 53266,
        "text": "事実を知る者はいないわ!"
    },
    {
        "start": 53266,
        "stop": 53726,
        "text": "さらにワービーストは 結界という能力も兼ね備えている!"
    },
    {
        "start": 53830,
        "stop": 54062,
        "text": "何か対策でも考えてるわけ?"
    },
    {
        "start": 54062,
        "stop": 54574,
        "text": "考えてるさ 共闘する俺らに一つの力が 必要だったのよ!"
    },
    {
        "start": 54574,
        "stop": 55166,
        "text": "共闘する俺らに必要なのはチームワーク! 絆だ! 互いの信仰を深めなきゃなんね!"
    },
    {
        "start": 55346,
        "stop": 55630,
        "text": "その信仰を深めるためじゃ!"
    },
    {
        "start": 55630,
        "stop": 55886,
        "text": "お風呂なら一緒に入らないわよ!"
    },
    {
        "start": 55886,
        "stop": 56314,
        "text": "えぇ…!? な、なぜわかったし… あ…"
    },
    {
        "start": 56314,
        "stop": 56934,
        "text": "自分の記憶を全部渡したの 忘れてるのかしら この人… まっ 残念でした!"
    },
    {
        "start": 56934,
        "stop": 57430,
        "text": "クラミー 共闘する相手との信仰は 大事なのですよ!"
    },
    {
        "start": 57430,
        "stop": 58418,
        "text": "その通りだ 俺らが求いた世界! 日本の信仰を深めるための絶闘景色! それが… 裸の付き合いだ!"
    },
    {
        "start": 58418,
        "stop": 59030,
        "text": "クラミーたちには迷惑でなく 信頼関係だけで動いてもらうんだ! ここは天道文化に耐えるしかないのだ!"
    },
    {
        "start": 59030,
        "stop": 59414,
        "text": "あんたが今 頼ってるのは 果てしなき盆の落とした心でしょ?"
    },
    {
        "start": 59414,
        "stop": 59690,
        "text": "ジブリール君 説明して差し上げたまえ"
    },
    {
        "start": 59690,
        "stop": 60190,
        "text": "あっはん 裸の付き合いとは古くは戦乱時代 武器を仕込めず…"
    },
    {
        "start": 60390,
        "stop": 61390,
        "text": "つまり 古代ローマ人と現代の日本人が 共通の先頭という文化を用いていたからこそ 作品は大ヒットし 時の話題をさらったのである"
    },
    {
        "start": 61390,
        "stop": 61590,
        "text": "どうだ わかったか クラミー?"
    },
    {
        "start": 61590,
        "stop": 61930,
        "text": "もう 何の話だかわかんない…"
    },
    {
        "start": 61930,
        "stop": 62390,
        "text": "仕方ないですね 私が代わりにお断りするのですよ"
    },
    {
        "start": 62390,
        "stop": 62990,
        "text": "クラミーはこう言いたいんですよ お風呂が嫌なのは プロポーションに自信がないから…"
    },
    {
        "start": 62990,
        "stop": 63190,
        "text": "違うわー!"
    },
    {
        "start": 63190,
        "stop": 63790,
        "text": "大丈夫なのですよ クラミー 女の価値は… 胸じゃないのですよ"
    },
    {
        "start": 63790,
        "stop": 64190,
        "text": "わかったわよ! 入るわよ 入ればいいんでしょ!"
    },
    {
        "start": 64590,
        "stop": 64990,
        "text": "このシャンプー もう少し扱いやすくならないですよ"
    },
    {
        "start": 65490,
        "stop": 65790,
        "text": "クラミー そんなスタイルよかったんですよ?"
    },
    {
        "start": 65890,
        "stop": 66090,
        "text": "気痩せするタイプなのよ"
    },
    {
        "start": 66090,
        "stop": 66390,
        "text": "マスター あれは想定してございましたか?"
    },
    {
        "start": 66390,
        "stop": 66490,
        "text": "当然だ"
    },
    {
        "start": 66490,
        "stop": 66690,
        "text": "フィール… あっ いや フィール様?"
    },
    {
        "start": 66690,
        "stop": 66990,
        "text": "クラミーのおっぱい 偽装してる魔法"
    },
    {
        "start": 66990,
        "stop": 67290,
        "text": "あれは玄卵 それとも 変質させてる?"
    },
    {
        "start": 67290,
        "stop": 67890,
        "text": "クラミー バレてるし やっぱり裸の付き合いで 偽装は失礼だと思うのですよ"
    },
    {
        "start": 68090,
        "stop": 68390,
        "text": "それでどのような魔法がご所望ですか?"
    },
    {
        "start": 68390,
        "stop": 68590,
        "text": "話が早くて…"
    },
    {
        "start": 68590,
        "stop": 69190,
        "text": "クラミー 俺を女性化できないですかね? そうすりゃ 俺を背後に広がる楽園を見ることができるのです"
    },
    {
        "start": 69190,
        "stop": 69390,
        "text": "できるのですよ"
    },
    {
        "start": 69390,
        "stop": 69490,
        "text": "マジですか!"
    },
    {
        "start": 69490,
        "stop": 69790,
        "text": "ただし 元にも戻せませんが いいですか?"
    },
    {
        "start": 69990,
        "stop": 70090,
        "text": "きゃっか…"
    },
    {
        "start": 70090,
        "stop": 70390,
        "text": "本に楽しい連中や"
    },
    {
        "start": 70390,
        "stop": 71190,
        "text": "アテラにマッコーから勝負挑んでくるイマニティが 間抱いてるとは 楽しいとしか言えんわ ないの?"
    },
    {
        "start": 71190,
        "stop": 71390,
        "text": "おっしゃる通りで…"
    },
    {
        "start": 71390,
        "stop": 71790,
        "text": "ただな 楽しいのは連中だけで…"
    },
    {
        "start": 71890,
        "stop": 72590,
        "text": "あんたがやることはたったひとつや わかっとるな イズナ?"
    },
    {
        "start": 72890,
        "stop": 72990,
        "text": "ちょっと!"
    },
    {
        "start": 73090,
        "stop": 73490,
        "text": "結局 今日一日 ろくの話し合いもせず 特に消えたのよ"
    },
    {
        "start": 73790,
        "stop": 73890,
        "text": "ソウル!"
    },
    {
        "start": 73890,
        "stop": 73990,
        "text": "ソウル!"
    },
    {
        "start": 74490,
        "stop": 74890,
        "text": "これが東部連合を破る戦略? ずいぶん誘調ね"
    },
    {
        "start": 74890,
        "stop": 75490,
        "text": "正直 こっから白の領分でな 俺にはさっぱり あくまでお手伝いだ"
    },
    {
        "start": 75490,
        "stop": 75790,
        "text": "なんで? さっきのお風呂動画の確認語だな"
    },
    {
        "start": 75890,
        "stop": 76290,
        "text": "私にステファニードーラのような反応を期待してるなら無駄よ"
    },
    {
        "start": 76290,
        "stop": 76490,
        "text": "顔を真っ赤にして 胸を隠して言われても…"
    },
    {
        "start": 76490,
        "stop": 76590,
        "text": "うう…"
    },
    {
        "start": 76790,
        "stop": 77090,
        "text": "本当に勝てるのかって 聞きに来たんだろ?"
    },
    {
        "start": 77090,
        "stop": 77190,
        "text": "うっ…"
    },
    {
        "start": 77190,
        "stop": 77990,
        "text": "ええ そうよ あなたの記憶を見る限り 今までの勝利だってギリギリで やっと勝ってきたものばかりじゃない"
    },
    {
        "start": 77990,
        "stop": 78690,
        "text": "それに さっきも言ったけど 今回の相手は東部連合 一歩でも間違えれば谷底よ"
    },
    {
        "start": 78790,
        "stop": 79090,
        "text": "これじゃ 勝てる気がしないわ"
    },
    {
        "start": 79090,
        "stop": 79390,
        "text": "だから 一歩も間違えないしかないだろ?"
    },
    {
        "start": 79390,
        "stop": 79690,
        "text": "たったひとつのミスもしないって 言い切れるの あなたは"
    },
    {
        "start": 79690,
        "stop": 79890,
        "text": "はははは それは無理だわ"
    },
    {
        "start": 79990,
        "stop": 80490,
        "text": "俺一人じゃ絶対しくじる けど空白なら話は別だ"
    },
    {
        "start": 80490,
        "stop": 80590,
        "text": "え?"
    },
    {
        "start": 80590,
        "stop": 81190,
        "text": "俺が踏み外してもシロがいる それが空白の必勝法だ"
    },
    {
        "start": 81290,
        "stop": 81590,
        "text": "クラミーは私とは仲良くしたくないのですか?"
    },
    {
        "start": 81590,
        "stop": 82290,
        "text": "そうじゃないけど でも もし私たちのことが知れて フィーが大変なことになったら…"
    },
    {
        "start": 82390,
        "stop": 82690,
        "text": "私とクラミーなら話は別なのですよ"
    },
    {
        "start": 82790,
        "stop": 83090,
        "text": "私が踏み外してもクラミーがいるのですよ"
    },
    {
        "start": 83290,
        "stop": 83790,
        "text": "むしろ 大事な人を失うような愚かな行動に 私が走らないよう"
    },
    {
        "start": 83790,
        "stop": 84090,
        "text": "いつもそばで見張っていてほしいのですよ"
    },
    {
        "start": 84690,
        "stop": 84990,
        "text": "今のセリフって… 私の記憶かしら?"
    },
    {
        "start": 85090,
        "stop": 85190,
        "text": "さあな"
    },
    {
        "start": 85190,
        "stop": 85790,
        "text": "とにかく分かったわ 私には空一人の記憶しかないから 勝てるように思えないってわけで"
    },
    {
        "start": 85990,
        "stop": 86290,
        "text": "あなたは翼見つけたのね"
    },
    {
        "start": 86390,
        "stop": 86790,
        "text": "なあシロ 人は変われるって言うけど"
    },
    {
        "start": 86890,
        "stop": 87090,
        "text": "本当にそうかな"
    },
    {
        "start": 87190,
        "stop": 87690,
        "text": "はっつかしいけど嫌いじゃないわよ その考え 胸を張っていいんじゃない?"
    },
    {
        "start": 87690,
        "stop": 87790,
        "text": "うっせえよ!"
    },
    {
        "start": 87790,
        "stop": 88490,
        "text": "できた妹を持つと大変ね 意地があるもんね おにいちゃん"
    },
    {
        "start": 88490,
        "stop": 88990,
        "text": "てめぇさっそく帰れよ エリキアに長いしてるら怪しまねえんだろ!"
    },
    {
        "start": 88990,
        "stop": 89190,
        "text": "いよいよ明日ね"
    },
    {
        "start": 89290,
        "stop": 89590,
        "text": "人類の可能性 信じるわよ"
    },
    {
        "start": 89690,
        "stop": 89990,
        "text": "当然だ お前だって人類だろうが"
    },
    {
        "start": 89990,
        "stop": 90090,
        "text": "おい!"
    },
    {
        "start": 90190,
        "stop": 90490,
        "text": "どこの子とってってきたぞ!"
    },
    {
        "start": 90490,
        "stop": 90690,
        "text": "怒りが出ねえココ!"
    },
    {
        "start": 90890,
        "stop": 90990,
        "text": "うふふ"
    },
    {
        "start": 91290,
        "stop": 91790,
        "text": "こんな状況で専門から出るなんて 情機を言いしてますわ! 暴動が起きてるんですよ!"
    },
    {
        "start": 91790,
        "stop": 92090,
        "text": "起きてるんじゃなく起こさせたの"
    },
    {
        "start": 92090,
        "stop": 92190,
        "text": "うん"
    },
    {
        "start": 92190,
        "stop": 92390,
        "text": "どういうことです?"
    },
    {
        "start": 92390,
        "stop": 92690,
        "text": "じゃあ道も開いたみたいだし出発しますか?"
    },
    {
        "start": 92690,
        "stop": 92890,
        "text": "目的地は?"
    },
    {
        "start": 92890,
        "stop": 92990,
        "text": "伊豆のたんちで"
    },
    {
        "start": 92990,
        "stop": 93090,
        "text": "おー"
    },
    {
        "start": 93190,
        "stop": 93490,
        "text": "なんて無視でしょ!"
    },
    {
        "start": 93490,
        "stop": 93744,
        "text": "(ワルプルギス) 持ち口は イズナたんちで"
    },
    {
        "start": 93756,
        "stop": 93890,
        "text": "(ゼロメン)ほう…"
    },
    {
        "start": 93952,
        "stop": 94182,
        "text": "(皆実)なんて無視ですなー!"
    },
    {
        "start": 95194,
        "stop": 95424,
        "text": "(レン)お待ちしておりました"
    },
    {
        "start": 95444,
        "stop": 95952,
        "text": "では ゲーム開始時刻まで ここでお待ちを"
    },
    {
        "start": 95994,
        "stop": 96948,
        "text": "(レン)観客も ちゃんと通しといてくれよ? よししろ 調子はどうだ?"
    },
    {
        "start": 96960,
        "stop": 97094,
        "text": "(オラゴン) オールグリーン"
    },
    {
        "start": 97106,
        "stop": 97260,
        "text": "(レン)ジブリールはどうだ?"
    },
    {
        "start": 97272,
        "stop": 97644,
        "text": "(オラゴン) 良運の兵器フリューゲルに 調子の良し足はございません"
    },
    {
        "start": 97656,
        "stop": 97948,
        "text": "命令一つで いつでも 全令を捧げましょう"
    },
    {
        "start": 97960,
        "stop": 98282,
        "text": "(ジブリール) イェー イェラクルクルしますわ!"
    },
    {
        "start": 98294,
        "stop": 98498,
        "text": "(レン)ところで ステフ… (ステフォン)はい?"
    },
    {
        "start": 98510,
        "stop": 98798,
        "text": "(レン)この間 俺らがやったゲームで 掛けたものさ"
    },
    {
        "start": 98810,
        "stop": 99048,
        "text": "俺 まだ要求してないの 覚えてる?"
    },
    {
        "start": 99060,
        "stop": 99160,
        "text": "(ステフォン)え?"
    },
    {
        "start": 99172,
        "stop": 99564,
        "text": "(レン)ジブリール この場の音を ワービーストに聞こえないようにすることはできるか?"
    },
    {
        "start": 99576,
        "stop": 99702,
        "text": "(ステフォン)はい!"
    },
    {
        "start": 99832,
        "stop": 100290,
        "text": "マスターとドラちゃんを 精霊で追い 音漏れを遮断しましょう"
    },
    {
        "start": 100406,
        "stop": 100894,
        "text": "(レン)それじゃ ステフ 今から とっておきのお待ちなりを掛けてやろう"
    },
    {
        "start": 100906,
        "stop": 101152,
        "text": "(ステフォン)嫌な予感だな イエーイ!"
    },
    {
        "start": 101164,
        "stop": 101452,
        "text": "(レン)お待ちしてるわ オラゴン! オラゴン!"
    },
    {
        "start": 101464,
        "stop": 101706,
        "text": "(オラゴン)嫌な予感しかしませんわ!"
    },
    {
        "start": 103036,
        "stop": 103420,
        "text": "(ディスペース)皆さん こちらにお座りください"
    },
    {
        "start": 103816,
        "stop": 104062,
        "text": "(オラゴン)えっ… (オラゴン)あっ…"
    },
    {
        "start": 104192,
        "stop": 104626,
        "text": "では これより 名薬内容の確認を始めます"
    },
    {
        "start": 104680,
        "stop": 105098,
        "text": "東部連合 ルーシア大陸に 保有する全てを…"
    },
    {
        "start": 105156,
        "stop": 105522,
        "text": "エルキア王国 主の駒"
    },
    {
        "start": 105610,
        "stop": 106210,
        "text": "つなわち イマニティの人権 領土 その他保有する全てを互いにかけ"
    },
    {
        "start": 106222,
        "stop": 106668,
        "text": "東部連合指定のゲームを 東部連合大陸代表者"
    },
    {
        "start": 106694,
        "stop": 107362,
        "text": "エルキア国王2名と その従者2名の計5名 1対4で取り行う"
    },
    {
        "start": 107412,
        "stop": 107808,
        "text": "なお 東部連合は 官例としてゲーム内容に関する"
    },
    {
        "start": 107820,
        "stop": 108204,
        "text": "一切の記憶の暴脚を 不遂して要求"
    },
    {
        "start": 108216,
        "stop": 108788,
        "text": "これには全プレイヤー 感染者を含めた全イマニティが 含まれるものとする"
    },
    {
        "start": 108854,
        "stop": 109218,
        "text": "また ルール説明は ゲーム開始後となります"
    },
    {
        "start": 109234,
        "stop": 109676,
        "text": "よって ルールを聞かされてからの ゲーム拒否は無効勝負とし"
    },
    {
        "start": 109688,
        "stop": 110004,
        "text": "ゲームに関する 記憶暴脚のみを行う"
    },
    {
        "start": 110084,
        "stop": 110318,
        "text": "本当によろしいですかな?"
    },
    {
        "start": 110360,
        "stop": 110826,
        "text": "ああ 何も問題ない ただし 2つだけ明確にしておくぞ"
    },
    {
        "start": 110872,
        "stop": 111256,
        "text": "俺らが危険しても消えるのは 今日のゲームの記憶のみだ"
    },
    {
        "start": 111290,
        "stop": 111890,
        "text": "不可能ゲー ふっかけで自体させ 都合の悪い記憶だけ奪おうって機体は 今のちに捨てとけ"
    },
    {
        "start": 111944,
        "stop": 112394,
        "text": "そして2つ目だ ゲーム中の不正発覚は敗北とみなす"
    },
    {
        "start": 112428,
        "stop": 112888,
        "text": "10の迷惑の大前提 そっちが忘れてさえいなければ 何も問題はない"
    },
    {
        "start": 112942,
        "stop": 113396,
        "text": "では 同意したとみなし 迷惑の宣言を願います"
    },
    {
        "start": 113536,
        "stop": 113672,
        "text": "(一同)アッシェンテ!"
    },
    {
        "start": 113762,
        "stop": 113956,
        "text": "アッシェンテです…"
    },
    {
        "start": 114540,
        "stop": 114686,
        "text": "やるぞ イスナターン"
    },
    {
        "start": 114692,
        "stop": 114788,
        "text": "(イスナー)う…"
    },
    {
        "start": 115380,
        "stop": 115526,
        "text": "(イスナー)ふう…"
    },
    {
        "start": 115730,
        "stop": 115956,
        "text": "負けねえぞ です"
    },
    {
        "start": 116030,
        "stop": 116214,
        "text": "(レン)なあ イスナーさあ…"
    },
    {
        "start": 116230,
        "stop": 116394,
        "text": "なんだ です?"
    },
    {
        "start": 116410,
        "stop": 116820,
        "text": "(レン)最後にゲームを楽しいって感じたの…いつ?"
    },
    {
        "start": 116928,
        "stop": 117194,
        "text": "(イスナー)準備はよろしいですかな?"
    },
    {
        "start": 117248,
        "stop": 117474,
        "text": "(レン)それじゃあしろ 手を離すなよ"
    },
    {
        "start": 117498,
        "stop": 117608,
        "text": "(イスナー)2個さ…"
    },
    {
        "start": 117704,
        "stop": 118004,
        "text": "(レン)さあ ゲームを始めようぜ"
    },
    {
        "start": 118274,
        "stop": 118414,
        "text": "(イスナー)ういっ!"
    },
    {
        "start": 119048,
        "stop": 119308,
        "text": "(ジェル)これは魔法の気配…"
    },
    {
        "start": 119418,
        "stop": 119716,
        "text": "グラミ・ゼル なぜここにいる?"
    },
    {
        "start": 119836,
        "stop": 119952,
        "text": "それに…"
    },
    {
        "start": 119976,
        "stop": 120544,
        "text": "(イスナー)うふふっ 気づかないふりして 耳が魔法に反応して動いてるのですよ"
    },
    {
        "start": 120560,
        "stop": 121084,
        "text": "(イスナー)フィーン どうやらゲームはこっちから 干渉できることはなさそうだけど…"
    },
    {
        "start": 121100,
        "stop": 121264,
        "text": "(フィーン)わかってるのですよ"
    },
    {
        "start": 121280,
        "stop": 121660,
        "text": "私たちが見てるっていう 事実が重要なのですよ"
    },
    {
        "start": 121678,
        "stop": 122128,
        "text": "(イスナー)これで東部連合は 明らさま過ぎる 布施はできないってことね"
    },
    {
        "start": 122144,
        "stop": 122454,
        "text": "見せてもらうわよ ソラ"
    },
    {
        "start": 122562,
        "stop": 123036,
        "text": "(東部連合)エルフに情報を流すつもりか あの男…"
    },
    {
        "start": 123052,
        "stop": 123360,
        "text": "どこまで良い衆闘なのだ?"
    },
    {
        "start": 123376,
        "stop": 124022,
        "text": "それでも我々 ワビーストが この勝負で負けるわけがないがな…"
    },
    {
        "start": 124306,
        "stop": 124768,
        "text": "(オラゴン) ホントに大丈夫ですの? 全く勝てる気がしないですわ!"
    },
    {
        "start": 124786,
        "stop": 125108,
        "text": "(レン)ステフ さっきの質問の答えと同じだ"
    },
    {
        "start": 125124,
        "stop": 125358,
        "text": "なぜ大衆に暴動を起こさせたのか?"
    },
    {
        "start": 125374,
        "stop": 125638,
        "text": "(オラゴン)は? なんですの こんな時に?"
    },
    {
        "start": 125654,
        "stop": 126092,
        "text": "(レン)俺らなら きっと勝てるなんて 甘えた信頼はいらねんだよ"
    },
    {
        "start": 126108,
        "stop": 126754,
        "text": "俺らが八王朝で負けないかどうか 血真っ子になって観戦してくれる連中を…"
    },
    {
        "start": 126770,
        "stop": 127216,
        "text": "それが結果的に 東部連合の明らさまなチート対策になり"
    },
    {
        "start": 127234,
        "stop": 127558,
        "text": "疑惑の目以上に信頼できる監視はねえだろ?"
    },
    {
        "start": 127576,
        "stop": 127842,
        "text": "(オラゴン)うっ さすがマスターでございましゅ!"
    },
    {
        "start": 127858,
        "stop": 128322,
        "text": "(レン)奴らはワービースの特性とイカ様で なんとかその監視をも乗り切ろうと"
    },
    {
        "start": 128338,
        "stop": 128680,
        "text": "こちらが想定しない あの手この手を使ってくるはずだ"
    },
    {
        "start": 128696,
        "stop": 129404,
        "text": "想定した者 想定外の者にも いかに早く対応し 戦術に組み込めるかが勝負!"
    },
    {
        "start": 129422,
        "stop": 129530,
        "text": "(オラゴン)うっ…"
    },
    {
        "start": 129848,
        "stop": 130048,
        "text": "(レン)あっ… うっ…"
    },
    {
        "start": 130114,
        "stop": 130398,
        "text": "(マーサル)こ… ここは一体 どこですの?"
    },
    {
        "start": 130436,
        "stop": 130816,
        "text": "(オラゴン)見たことも聞いたこともない 幻の世界…"
    },
    {
        "start": 130832,
        "stop": 131136,
        "text": "(オラゴン)うっはは マスター! うわっ…"
    },
    {
        "start": 131312,
        "stop": 131582,
        "text": "い… いかがなさいましたか マスター?"
    },
    {
        "start": 131600,
        "stop": 131838,
        "text": "(マーサル)だめだ… (オラゴン)ああっ…"
    },
    {
        "start": 131854,
        "stop": 132258,
        "text": "(マーサル)俺たちはもうだめだ… すまん 今のティーは終わりだ"
    },
    {
        "start": 132276,
        "stop": 132534,
        "text": "(オラゴン)ど… どういうことですの? あんな単価聞いといて!"
    },
    {
        "start": 132550,
        "stop": 132988,
        "text": "(マーサル)うっ… ごめんなさい すいません さまさま 東京の舞台なんて…"
    },
    {
        "start": 133004,
        "stop": 133304,
        "text": "(マーサル)そうしてないです もうアーヴェイです もうアーヴェイです!"
    },
    {
        "start": 133322,
        "stop": 133538,
        "text": "(マーサル)もう僕たちは役を立たないで 申し訳ないですか?"
    },
    {
        "start": 133554,
        "stop": 133780,
        "text": "(マーサル)次に何とか聞きたい… (オラゴン)そんな…"
    },
    {
        "start": 133800,
        "stop": 134960,
        "text": "【映画「"
    },
    {
        "start": 134960,
        "stop": 135264,
        "text": "涙の中」に対して幻覚(この дв mob ネナキエッティ...)"
    },
    {
        "start": 135264,
        "stop": 135336,
        "text": ":"
    },
    {
        "start": 135336,
        "stop": 135558,
        "text": "【見てヤバイ!神竜的 Hakone 1000! 】"
    },
    {
        "start": 135558,
        "stop": 135980,
        "text": "誰にも 言えない"
    },
    {
        "start": 135980,
        "stop": 136328,
        "text": "孤独を抱えたまま"
    },
    {
        "start": 136328,
        "stop": 136554,
        "text": "一人で泣いてた"
    },
    {
        "start": 136554,
        "stop": 137144,
        "text": "誰にも 上手に"
    },
    {
        "start": 137144,
        "stop": 137432,
        "text": "笑えない僕ら"
    },
    {
        "start": 137432,
        "stop": 137810,
        "text": "二人でやって笑った"
    },
    {
        "start": 137810,
        "stop": 138386,
        "text": "真夜中過ぎに 外の奥に"
    },
    {
        "start": 138386,
        "stop": 138888,
        "text": "どうしようもない気持ちをただ推し合って"
    },
    {
        "start": 138888,
        "stop": 139460,
        "text": "さよならを泣き止まれ変われるから"
    },
    {
        "start": 139460,
        "stop": 139892,
        "text": "悲しみにって起こるんでしょう?"
    },
    {
        "start": 139892,
        "stop": 140292,
        "text": "そして いつか笑うこのままの心に"
    },
    {
        "start": 140292,
        "stop": 140632,
        "text": "灯りを灯すように"
    },
    {
        "start": 140632,
        "stop": 141210,
        "text": "途切れ途切れの言葉を探して 常に止めた"
    },
    {
        "start": 141210,
        "stop": 141790,
        "text": "それでも たった一人の世界を続いていくんだ"
    },
    {
        "start": 141790,
        "stop": 142308,
        "text": "空に見取るように"
    },
    {
        "start": 142308,
        "stop": 142672,
        "text": "どうせ 永遠に..."
    },
    {
        "start": 142672,
        "stop": 142872,
        "text": "【ご視聴ありがとうございました!】"
    },
    {
        "start": 142916,
        "stop": 143096,
        "text": "今更疑う者か?"
    },
    {
        "start": 143096,
        "stop": 143296,
        "text": "俺はシロを信じる!"
    },
    {
        "start": 143316,
        "stop": 143860,
        "text": "さよならを泣き止まれ変われるから..."
    },
    {
        "start": 143860,
        "stop": 143910,
        "text": "by H."
    },
    {
        "start": 143910,
        "stop": 144310,
        "text": "[音声なし]"
    }
]