[
    {
        "start": 0,
        "stop": 400,
        "text": "俺たちはもうダメだ…すまん、今のティーは終わりだ…"
    },
    {
        "start": 400,
        "stop": 800,
        "text": "ど、どういうことですの?あんな単価切っていて!"
    },
    {
        "start": 900,
        "stop": 1700,
        "text": "ごめんなさい、すみません、まさか東京が舞台なんて言うそうしてないです。特にここは無理です、もう無理です。もう僕たちは役に立たないで申し訳ないで。"
    },
    {
        "start": 1700,
        "stop": 2200,
        "text": "まさか…ここがマスターたちの世界なのでございますか?"
    },
    {
        "start": 2500,
        "stop": 4500,
        "text": "あなたはモテモテだった。世界中の女の子に待てて待てて追いかけられる日々のあなた。しかし、そんなあなたの心中にはただ一人と決めている重い人がいるのであった。"
    },
    {
        "start": 5000,
        "stop": 6500,
        "text": "しかし、そんなあなたもあまりに多くの誘惑が続けばその想いもブレてしまう。多くの誘惑を懐かげてあなたは重い人に愛を届けられるのか!"
    },
    {
        "start": 6500,
        "stop": 7800,
        "text": "リビング・フォア・デッドシリーズ・バーンガイ!ラブ・フォア・ラベット2!恋の弾丸、あの子に届け!"
    },
    {
        "start": 7800,
        "stop": 8500,
        "text": "弾ける箇所、ほらね、めちゃくちゃメロン、ヨロいしっせー!"
    },
    {
        "start": 8500,
        "stop": 9600,
        "text": "愛はドキュー、恋はズキュー、ラブ・パワー!このハート、どんな仮面?自分嫌よ、だけどね、もう一回!"
    },
    {
        "start": 9600,
        "stop": 11500,
        "text": "愛はドキュー、恋はズキュー、ラブ・モーション、体中、痺れちゃう音中、強く、うちの心から、バーンガイ!リビング・フォア・デッドシリーズ・バーンガイ!ラブ・フォア・ラベット2!恋の弾丸、あの子に届け!"
    },
    {
        "start": 11600,
        "stop": 12500,
        "text": "愛はドキュー、恋はズキュー、ラブ・パワー!このハート、どんな仮面?"
    },
    {
        "start": 13000,
        "stop": 13900,
        "text": "聞こえますかな?ようこそゲームの中の世界へ。今回はこの架空フィールドでゲームを行っていただきたいと。"
    },
    {
        "start": 13900,
        "stop": 14000,
        "text": "待って。"
    },
    {
        "start": 14000,
        "stop": 14100,
        "text": "はい?"
    },
    {
        "start": 14100,
        "stop": 15000,
        "text": "確認させろ。ここは架空の場所、実際しない場所、つまり、アンタらが想像で作ったゲーム用の仮想空間だと。"
    },
    {
        "start": 15000,
        "stop": 15200,
        "text": "その通りですが、何か?"
    },
    {
        "start": 15300,
        "stop": 15500,
        "text": "驚かすんじゃねー!"
    },
    {
        "start": 15600,
        "stop": 15900,
        "text": "あは、クソ!トライバーがいつかフラッシュバックしたじゃねーか!"
    },
    {
        "start": 15900,
        "stop": 16400,
        "text": "何でそこまでお怒りになっているのか。このシケージに五分間を…"
    },
    {
        "start": 16400,
        "stop": 16700,
        "text": "うまん、どれだれだ!何が悲しくてこんなステージにした!"
    },
    {
        "start": 16700,
        "stop": 16900,
        "text": "精神攻撃か?嫌がらせか?"
    },
    {
        "start": 16900,
        "stop": 17800,
        "text": "トーブレンゴの若者にさっこん人気の高いSFステージで、特に意図はございませんが、とにかくご安心を。"
    },
    {
        "start": 17800,
        "stop": 18300,
        "text": "ゲームの中ですからある程度のことは大丈夫でございます。"
    },
    {
        "start": 18300,
        "stop": 18800,
        "text": "あ、ああ、通りで火の光を浴びても大丈夫なわけだな。"
    },
    {
        "start": 18800,
        "stop": 19800,
        "text": "ハーピー…シロ、落ち着け!ここは東京じゃない!似てるだけで、連中が想像で作った場所だ!"
    },
    {
        "start": 19800,
        "stop": 20600,
        "text": "そうだ!ここはゲームの中だ!ヘルトラとかしつけとか、アキバツスリップとか、ゲームの中なら大丈夫だ!"
    },
    {
        "start": 20600,
        "stop": 21000,
        "text": "ゲームの…中?"
    },
    {
        "start": 21100,
        "stop": 21600,
        "text": "…うん、わかった。"
    },
    {
        "start": 21600,
        "stop": 22000,
        "text": "よし、もう大丈夫だ。始めてくれ。"
    },
    {
        "start": 22000,
        "stop": 22500,
        "text": "それでは皆様、ルールをご説明させていただきます。"
    },
    {
        "start": 22500,
        "stop": 22900,
        "text": "まずは足元の箱をご覧ください。"
    },
    {
        "start": 23200,
        "stop": 23800,
        "text": "皆様にはそちらの銃で迫ってくるNPCたちを、撃っていただきます!"
    },
    {
        "start": 23800,
        "stop": 24000,
        "text": "って撃つのかよ?"
    },
    {
        "start": 24000,
        "stop": 24500,
        "text": "時に撃ち、時に爆破して、メロメロにしていただきます!"
    },
    {
        "start": 24500,
        "stop": 24600,
        "text": "…がっ…かよ!"
    },
    {
        "start": 24600,
        "stop": 25100,
        "text": "メロメロにされた女の子は、皆様に愛の力を託して消えます!"
    },
    {
        "start": 25100,
        "stop": 25700,
        "text": "メロメロ感から放たれるのは、ラブパワー!つまり、皆様の愛の力です!"
    },
    {
        "start": 25700,
        "stop": 25900,
        "text": "これメロメロ感って名前なのか?"
    },
    {
        "start": 25900,
        "stop": 26000,
        "text": "たさい。"
    },
    {
        "start": 26000,
        "stop": 26600,
        "text": "一方、皆様の誰かが柄に撃たれますと、柄の愛の奴隷になります!"
    },
    {
        "start": 26600,
        "stop": 26800,
        "text": "願えるって言おうぜ。"
    },
    {
        "start": 26800,
        "stop": 27400,
        "text": "世界中の女の子が自分に振り向くなか、重い人だけは振り向いてくれない!"
    },
    {
        "start": 27400,
        "stop": 28000,
        "text": "その愛の力を伝えてメロメロにするのが、このゲームの目的となる!"
    },
    {
        "start": 28000,
        "stop": 28300,
        "text": "以上、説明書より!"
    },
    {
        "start": 28500,
        "stop": 29000,
        "text": "要するに、片っ端から女の子を振ってまわれって…何様だ?"
    },
    {
        "start": 29000,
        "stop": 29400,
        "text": "つまり、イズナは4人を惚れさせてハーレムエンド狙い。"
    },
    {
        "start": 29400,
        "stop": 29600,
        "text": "俺たちはイズナを単独狙い。"
    },
    {
        "start": 29600,
        "stop": 29900,
        "text": "そうなりますが、最後に1点。"
    },
    {
        "start": 29900,
        "stop": 30500,
        "text": "そちらの仮想空間では魔法の類が使用できませんので、お気をつけください。"
    },
    {
        "start": 30500,
        "stop": 30700,
        "text": "どうです?"
    },
    {
        "start": 30700,
        "stop": 31000,
        "text": "さらにルールの詳細は必要でしょうか?"
    },
    {
        "start": 31000,
        "stop": 31200,
        "text": "いや、やりながら確認する。"
    },
    {
        "start": 31500,
        "stop": 31700,
        "text": "一所試してみるか!"
    },
    {
        "start": 31700,
        "stop": 32000,
        "text": "メロメロガンを撃つと、ラブパワーを消費する。"
    },
    {
        "start": 32000,
        "stop": 32500,
        "text": "NPCを撃破することで、ラブパワーを回復できる。"
    },
    {
        "start": 32700,
        "stop": 33400,
        "text": "NPCに触れられるとラブパワーが減り、ラブパワーが尽きるとNPCは寄りつかなくなる。"
    },
    {
        "start": 33400,
        "stop": 33600,
        "text": "あれ、どうしたんですか?"
    },
    {
        "start": 33600,
        "stop": 34200,
        "text": "ただし、メロメロガンを撃つためのエネルギーがなくなり、実情戦闘不能になるか。"
    },
    {
        "start": 34200,
        "stop": 34500,
        "text": "で、仲間を撃つとどうなんだ、シンさん!"
    },
    {
        "start": 34500,
        "stop": 35400,
        "text": "ラブパワーギレを回復させることができ、さらにイズナに撃たれ愛の奴隷になった仲間を救出することもできます。"
    },
    {
        "start": 35400,
        "stop": 35800,
        "text": "ただし、一時的に撃った相手の愛の奴隷に…"
    },
    {
        "start": 36100,
        "stop": 36300,
        "text": "ああ、マスター!"
    },
    {
        "start": 36400,
        "stop": 36900,
        "text": "ああ、我が妹よ!こんな近くに、こんな愛らしく、愛おしい女性がいたと!"
    },
    {
        "start": 36900,
        "stop": 37400,
        "text": "今の今まで気付かなかった己の両目を、あは!えぐりとってしまいたい。"
    },
    {
        "start": 37400,
        "stop": 37800,
        "text": "いや、兄だめ。シロたち今日…"
    },
    {
        "start": 38000,
        "stop": 38200,
        "text": "一部リール、初期!"
    },
    {
        "start": 38200,
        "stop": 38500,
        "text": "シロ!一日もあった、シロ!"
    },
    {
        "start": 38500,
        "stop": 38800,
        "text": "これがマスターの文献にあった、産月関係のネトラリでございますね!"
    },
    {
        "start": 38800,
        "stop": 39300,
        "text": "恋愛感情を許さない私にすら、何やら誘うものが…"
    },
    {
        "start": 39400,
        "stop": 39700,
        "text": "一部リール、後で押し置き!"
    },
    {
        "start": 39700,
        "stop": 39900,
        "text": "ああ、もうよろしくなさい、シロ様!"
    },
    {
        "start": 39900,
        "stop": 40400,
        "text": "愛の奴隷状態では完全に機能が停止して自分をコントロールできなくなるのか。"
    },
    {
        "start": 40400,
        "stop": 40600,
        "text": "見つけました!"
    },
    {
        "start": 40600,
        "stop": 41000,
        "text": "みんなしてもっと私を放置しましたわね!動けないで…"
    },
    {
        "start": 41000,
        "stop": 41106,
        "text": "(オラゴン) なっ!? (オラゴン) あっ!"
    },
    {
        "start": 41118,
        "stop": 41320,
        "text": "(オラゴン) 私の王様! (レン) ステフ…"
    },
    {
        "start": 41332,
        "stop": 41682,
        "text": "ここまでのルール理解できたか? (オラゴン) 愛にルールなり必要ありませんわ!"
    },
    {
        "start": 41694,
        "stop": 41974,
        "text": "(オラゴン) そんなもの知らなくて… (レン) ふむ… 当然理解できてないな"
    },
    {
        "start": 41986,
        "stop": 42408,
        "text": "じゃあ ここをこうして こうして… で 一指引いてみせ…"
    },
    {
        "start": 42420,
        "stop": 42600,
        "text": "(オラゴン) くっ わたくし いったい何を… (レン) あっ!"
    },
    {
        "start": 42612,
        "stop": 42712,
        "text": "(オラゴン) あっ! (レン) あっ!"
    },
    {
        "start": 42754,
        "stop": 43044,
        "text": "(オラゴン) なって素敵な… おわ… たっく…"
    },
    {
        "start": 43058,
        "stop": 43648,
        "text": "やはり 物に当たると跳ね返るのか… この超男性能が鍵だぞ シロ"
    },
    {
        "start": 43662,
        "stop": 43754,
        "text": "任せて…"
    },
    {
        "start": 43766,
        "stop": 44382,
        "text": "(レン) うう… それと… ゲームの中とはいえ 体力は現実とさほど変わらない"
    },
    {
        "start": 44396,
        "stop": 44734,
        "text": "くれぐれも走るのは最低限にな… (オラゴン) うん…"
    },
    {
        "start": 44780,
        "stop": 44960,
        "text": "(レン) よし… (オラゴン) あっ! あっ! あっ! あっ!"
    },
    {
        "start": 44972,
        "stop": 45344,
        "text": "(レン) 行くぞ! 二人とも! (オラゴン) ああああああ!"
    },
    {
        "start": 45636,
        "stop": 45978,
        "text": "(オラゴン) ようやく本番スタートってところかしら…"
    },
    {
        "start": 46020,
        "stop": 46228,
        "text": "(オラゴン) どう? フィー 見えてる?"
    },
    {
        "start": 46240,
        "stop": 46448,
        "text": "(フィー) はい 感動良好!"
    },
    {
        "start": 46498,
        "stop": 46836,
        "text": "クラミーのおめめ バッチリいただいてるのですよ"
    },
    {
        "start": 46878,
        "stop": 47352,
        "text": "(オラゴン) ホント ワービーストからしたら 溜まったもんじゃないわね こんな魔法"
    },
    {
        "start": 47402,
        "stop": 47794,
        "text": "(フィー) うん この術式 維持するの大変なのですよ"
    },
    {
        "start": 47902,
        "stop": 48248,
        "text": "でも クラミーのために 頑張るのです"
    },
    {
        "start": 48390,
        "stop": 48994,
        "text": "(オラゴン) ワービースト… その身体能力は 物理限界にさえ迫ると言われている"
    },
    {
        "start": 49030,
        "stop": 49384,
        "text": "そんなとんでもない種族を 相手にどう戦うのか…"
    },
    {
        "start": 49738,
        "stop": 50014,
        "text": "見せてもらうわよ ソラ"
    },
    {
        "start": 50526,
        "stop": 50672,
        "text": "(レン) なあ イズナサー"
    },
    {
        "start": 50848,
        "stop": 51240,
        "text": "(一同) あああああ! (オラゴン) サンシャン サンシャン サンシャン!"
    },
    {
        "start": 51252,
        "stop": 51552,
        "text": "(レン) 最後にゲームを楽しいって感じたのを…"
    },
    {
        "start": 51552,
        "stop": 51652,
        "text": "(銃声)"
    },
    {
        "start": 51810,
        "stop": 51910,
        "text": "(銃声)"
    },
    {
        "start": 52006,
        "stop": 52102,
        "text": "(兵士)ああ…"
    },
    {
        "start": 53002,
        "stop": 53102,
        "text": "(銃声)"
    },
    {
        "start": 53156,
        "stop": 53244,
        "text": "(兵士)ああ!"
    },
    {
        "start": 53256,
        "stop": 53328,
        "text": "(銃声)"
    },
    {
        "start": 53340,
        "stop": 53440,
        "text": "(銃声)"
    },
    {
        "start": 53452,
        "stop": 53724,
        "text": "(亡霊) やはりそうか これこそ このゲームの醍醐味か!"
    },
    {
        "start": 53736,
        "stop": 53890,
        "text": "ならば できるか!"
    },
    {
        "start": 53974,
        "stop": 54132,
        "text": "ターゲット 『ノープレイアーケラン』"
    },
    {
        "start": 54144,
        "stop": 54628,
        "text": "(銃声) コットンパンツとかで 布の厚み マックス1ミリ 12時方向 距離20050"
    },
    {
        "start": 54640,
        "stop": 54898,
        "text": "射角93 弾速300メーターセカンド"
    },
    {
        "start": 54910,
        "stop": 55140,
        "text": "許容着弾誤差 0.5ミリ未満"
    },
    {
        "start": 55152,
        "stop": 55294,
        "text": "だが俺ならやれる!"
    },
    {
        "start": 55306,
        "stop": 55406,
        "text": "ファイヤー!"
    },
    {
        "start": 55432,
        "stop": 55532,
        "text": "(銃声)"
    },
    {
        "start": 55548,
        "stop": 55674,
        "text": "(亡霊) ハッハー!"
    },
    {
        "start": 55740,
        "stop": 55832,
        "text": "(銃声) 何!?"
    },
    {
        "start": 55844,
        "stop": 55956,
        "text": "(亡霊) ハァハァ!"
    },
    {
        "start": 56644,
        "stop": 56914,
        "text": "(亡霊) くっ… うわああああああああっ!"
    },
    {
        "start": 56928,
        "stop": 57098,
        "text": "失敗したー!"
    },
    {
        "start": 57110,
        "stop": 57240,
        "text": "なぜだー!?"
    },
    {
        "start": 57252,
        "stop": 57590,
        "text": "(亡霊) なるようになればいいわ こんなバカ種族"
    },
    {
        "start": 57922,
        "stop": 58202,
        "text": "(銃声) 何を楽しそうにしてやがる ケース"
    },
    {
        "start": 58244,
        "stop": 58686,
        "text": "負ければ たくさんの人を 不幸にするから 勝たなきゃいけねえ テス"
    },
    {
        "start": 58736,
        "stop": 58886,
        "text": "でも 勝てば相手は…"
    },
    {
        "start": 58898,
        "stop": 58990,
        "text": "(亡霊) よっしゃー!"
    },
    {
        "start": 59002,
        "stop": 59290,
        "text": "(亡霊) ブロッパ対 テブロッパ マジョッパズー!"
    },
    {
        "start": 59328,
        "stop": 59758,
        "text": "(銃声) 楽しいなんて感じたこと あるわけねえだろ ケース"
    },
    {
        "start": 59770,
        "stop": 59924,
        "text": "(亡霊) ハッ…"
    },
    {
        "start": 60588,
        "stop": 60742,
        "text": "この足音は…"
    },
    {
        "start": 61158,
        "stop": 61350,
        "text": "シロ テス"
    },
    {
        "start": 61680,
        "stop": 61850,
        "text": "こっちに来やがれ テス"
    },
    {
        "start": 62330,
        "stop": 62526,
        "text": "シロ 勝った テス"
    },
    {
        "start": 62526,
        "stop": 62630,
        "text": "(亡霊)うっ…"
    },
    {
        "start": 63480,
        "stop": 63588,
        "text": "(銃声) (亡霊)うっ…"
    },
    {
        "start": 63760,
        "stop": 63872,
        "text": "(亡霊) ハッ…"
    },
    {
        "start": 63888,
        "stop": 64080,
        "text": "当たってねえ テス…"
    },
    {
        "start": 64160,
        "stop": 64276,
        "text": "そんなバカな…"
    },
    {
        "start": 64798,
        "stop": 64906,
        "text": "ううっ…"
    },
    {
        "start": 65014,
        "stop": 65206,
        "text": "ありえねえ テス"
    },
    {
        "start": 65210,
        "stop": 65306,
        "text": "(銃声)"
    },
    {
        "start": 65572,
        "stop": 65794,
        "text": "(亡霊)驚いてる頃だろ イズナタ"
    },
    {
        "start": 65848,
        "stop": 66282,
        "text": "世界中のコアシューターが ひしめき合うFPSというジャンルにおいて"
    },
    {
        "start": 66320,
        "stop": 66628,
        "text": "不動の記録を 叩き出したのは 俺じゃなく"
    },
    {
        "start": 66870,
        "stop": 66978,
        "text": "シロだ"
    },
    {
        "start": 67174,
        "stop": 67328,
        "text": "(イズナタ) なんた…"
    },
    {
        "start": 67516,
        "stop": 67570,
        "text": "(イズナタ) ハッ…"
    },
    {
        "start": 67582,
        "stop": 67970,
        "text": "(亡霊)悪魔的なまでの計算能力によって 敵の動きを把握"
    },
    {
        "start": 68124,
        "stop": 68550,
        "text": "そこから導き出される行動パターンから 射撃可能時間まで織り込んだ"
    },
    {
        "start": 68566,
        "stop": 68888,
        "text": "未来予知に迫る偏差射撃と 回避行動は…"
    },
    {
        "start": 68900,
        "stop": 69000,
        "text": "(銃声)"
    },
    {
        "start": 69042,
        "stop": 69254,
        "text": "まるで撃った弾が 避けて通り"
    },
    {
        "start": 69276,
        "stop": 69626,
        "text": "シロの弾がお前を追尾して 襲ってくるようだろ?"
    },
    {
        "start": 69642,
        "stop": 69822,
        "text": "(イズナタ)ハッ… テス…"
    },
    {
        "start": 69838,
        "stop": 70038,
        "text": "(イズナタ) きたらびじゃねえか テス!"
    },
    {
        "start": 70534,
        "stop": 70710,
        "text": "(イズナタ)逃げるしかねえ テス!"
    },
    {
        "start": 70712,
        "stop": 70812,
        "text": "(銃声)"
    },
    {
        "start": 71350,
        "stop": 71450,
        "text": "(イズナタ) えっ…"
    },
    {
        "start": 71542,
        "stop": 71642,
        "text": "(イズナタ) ハッ…"
    },
    {
        "start": 71718,
        "stop": 71938,
        "text": "(イズナタ) ハーイ"
    },
    {
        "start": 72022,
        "stop": 72242,
        "text": "いらっしゃいませ"
    },
    {
        "start": 72392,
        "stop": 72518,
        "text": "(イズナタ) フリューゲル…"
    },
    {
        "start": 72600,
        "stop": 72742,
        "text": "チブレルデス!"
    },
    {
        "start": 72838,
        "stop": 73050,
        "text": "(フリューゲル) メカラマシン・ボム! テス!"
    },
    {
        "start": 73272,
        "stop": 73638,
        "text": "(イズナタ) フフフフ… あっ あっ あっ… あれ?"
    },
    {
        "start": 73672,
        "stop": 73980,
        "text": "(イズナタ) あっ あっ 飛べないんでしたー!"
    },
    {
        "start": 74160,
        "stop": 74268,
        "text": "(イズナタ) チブレル!"
    },
    {
        "start": 75256,
        "stop": 75356,
        "text": "(イズナタ) えっ…"
    },
    {
        "start": 75594,
        "stop": 75698,
        "text": "(イズナタ) あっ…"
    },
    {
        "start": 75962,
        "stop": 76174,
        "text": "(イズナタ) テス… 避けられない テス!"
    },
    {
        "start": 76174,
        "stop": 76274,
        "text": "(イズナタ) ハーイ"
    },
    {
        "start": 76314,
        "stop": 76414,
        "text": "(イズナタ) ハーイ"
    },
    {
        "start": 77394,
        "stop": 77494,
        "text": "(イズナタ) エッ…"
    },
    {
        "start": 77816,
        "stop": 78016,
        "text": "(マスタード) あー マスター!"
    },
    {
        "start": 78036,
        "stop": 78490,
        "text": "(マスタード) 我が主さま どうか おそばにー!"
    },
    {
        "start": 78546,
        "stop": 78778,
        "text": "(マスタード) ハー… なる…"
    },
    {
        "start": 78874,
        "stop": 79134,
        "text": "(マスタード) 服を縦に 出来るんだ…"
    },
    {
        "start": 79134,
        "stop": 79234,
        "text": "(イズナタ) ハーイ"
    },
    {
        "start": 79236,
        "stop": 79336,
        "text": "(マスタード) ハーイ"
    },
    {
        "start": 79436,
        "stop": 79640,
        "text": "(マスタード) 何とか 何とか 何とか すごい…"
    },
    {
        "start": 79818,
        "stop": 80090,
        "text": "(マスタード) フィー 見た? 今の?"
    },
    {
        "start": 80118,
        "stop": 80364,
        "text": "(フィー) はい 鹿とクラミーの オメメで"
    },
    {
        "start": 80476,
        "stop": 80956,
        "text": "白さんの圧倒的な射撃も すごいのですが… それよりも…"
    },
    {
        "start": 80998,
        "stop": 81536,
        "text": "(マスタード) ええ なさか遠方で 音も立てずに待ち伏せしていた ソラの射撃を…"
    },
    {
        "start": 81560,
        "stop": 82044,
        "text": "発砲されるより 前に察知し 回避するなんて… これが…"
    },
    {
        "start": 82128,
        "stop": 82524,
        "text": "(マスタード) これがワービーストの第六巻でございましょうか?"
    },
    {
        "start": 82540,
        "stop": 83028,
        "text": "(フィー) バーカー言うな それができたら 第六巻じゃない 未来誌だよ"
    },
    {
        "start": 83070,
        "stop": 83170,
        "text": "(マスタード) では…"
    },
    {
        "start": 83170,
        "stop": 83404,
        "text": "(フィー) うん… 間違いない"
    },
    {
        "start": 83436,
        "stop": 83862,
        "text": "(マスタード) チート つまりズル イカ様なのですよ!"
    },
    {
        "start": 83888,
        "stop": 84200,
        "text": "(イズナタ) なるほど… 証明できないイカ様…"
    },
    {
        "start": 84254,
        "stop": 84538,
        "text": "第六巻と言い張られたら 終わりだものね"
    },
    {
        "start": 84588,
        "stop": 85168,
        "text": "(マスタード) やはり 奴らは このゲームを知っていた 我々以上に…"
    },
    {
        "start": 85310,
        "stop": 85598,
        "text": "だが… イズナ!"
    },
    {
        "start": 85640,
        "stop": 85714,
        "text": "(イズナタ) えっ?"
    },
    {
        "start": 85714,
        "stop": 86368,
        "text": "(マスタード) 奴らは その下の通路にいる シロは疲れきって 動けない 今のうちに攻め落とせ!"
    },
    {
        "start": 86390,
        "stop": 86598,
        "text": "(イズナタ) 言われるまでもねえ…です!"
    },
    {
        "start": 86640,
        "stop": 87040,
        "text": "(マスタード) フフッ… いかに小さかしい戦術を組もうとも…"
    },
    {
        "start": 87086,
        "stop": 87298,
        "text": "奴らに勝ち目などない!"
    },
    {
        "start": 87300,
        "stop": 87510,
        "text": "(バブルー) カーッ! カーッ! カーッ!"
    },
    {
        "start": 88214,
        "stop": 88812,
        "text": "(イズナタ) はあ… ついに 防衛戦に 回ることになっちまったか…"
    },
    {
        "start": 88842,
        "stop": 89350,
        "text": "たく… 頼むぞ シロ 初手で決められなかった 以上 ここからはアドリブだ!"
    },
    {
        "start": 89350,
        "stop": 89446,
        "text": "(イズナタ) うん…"
    },
    {
        "start": 89482,
        "stop": 90142,
        "text": "(マスタード) アドリブ… ゲームを熟知している チート使いを相手に純粋な勝負で 対抗しようって?"
    },
    {
        "start": 90188,
        "stop": 90310,
        "text": "それってつまり…"
    },
    {
        "start": 90518,
        "stop": 90672,
        "text": "ここであったが100年目!"
    },
    {
        "start": 90672,
        "stop": 90900,
        "text": "今までの恨み、そしてイズナ様のため!"
    },
    {
        "start": 91300,
        "stop": 91546,
        "text": "あー!アンチ、ブレードってばいけんぞ!"
    },
    {
        "start": 91546,
        "stop": 91964,
        "text": "私置いてみんなここ行ってたんですよ! コイツ連れて来たの失敗だったから…"
    },
    {
        "start": 93136,
        "stop": 93356,
        "text": "笑ってる…です…"
    },
    {
        "start": 93460,
        "stop": 93758,
        "text": "さっきからこの心臓も…うるせぇです!"
    },
    {
        "start": 93872,
        "stop": 94336,
        "text": "最後にゲームを楽しいって感じたの…いつ?"
    },
    {
        "start": 94572,
        "stop": 94730,
        "text": "うるせぇです!"
    },
    {
        "start": 94914,
        "stop": 95126,
        "text": "- あ! - シロ様 次の戦術を…"
    },
    {
        "start": 95126,
        "stop": 95380,
        "text": "チプリール うるさい!"
    },
    {
        "start": 95464,
        "stop": 95890,
        "text": "マスター やはり無茶なのでは?いくらシロ様でも…"
    },
    {
        "start": 95890,
        "stop": 96036,
        "text": "いや できる…"
    },
    {
        "start": 96082,
        "stop": 96352,
        "text": "ゲームで俺にできないことはシロができる…"
    },
    {
        "start": 96352,
        "stop": 96682,
        "text": "いつだってそうだったし これからもそうだ!"
    },
    {
        "start": 96816,
        "stop": 97316,
        "text": "ニー…シロを…信じる…"
    },
    {
        "start": 97486,
        "stop": 97896,
        "text": "あぁ?ニーちゃんがお前を疑ったことあるか?"
    },
    {
        "start": 98024,
        "stop": 98356,
        "text": "じゃあニー…今度は…"
    },
    {
        "start": 98552,
        "stop": 98752,
        "text": "ニーの番…ね"
    },
    {
        "start": 98866,
        "stop": 98966,
        "text": "あ、なに?"
    },
    {
        "start": 98966,
        "stop": 99246,
        "text": " film"
    },
    {
        "start": 99768,
        "stop": 99968,
        "text": "4"
    },
    {
        "start": 100322,
        "stop": 100532,
        "text": "��이"
    },
    {
        "start": 100782,
        "stop": 101158,
        "text": "shi"
    },
    {
        "start": 101162,
        "stop": 101426,
        "text": "でございます"
    },
    {
        "start": 101460,
        "stop": 101710,
        "text": "fach"
    },
    {
        "start": 101896,
        "stop": 102742,
        "text": "終わりでございますね マスターをかばった白様の行動私には理解できないのですが"
    },
    {
        "start": 102742,
        "stop": 103370,
        "text": "俺は理解してるから気にすんな 白は答えを出せなかったんじゃねえ"
    },
    {
        "start": 103370,
        "stop": 103982,
        "text": "あれ自体が答えだったんだ あれは空白つまり俺たちだ"
    },
    {
        "start": 103982,
        "stop": 104606,
        "text": "シロが敵になることまで含めて空白の力"
    },
    {
        "start": 104606,
        "stop": 105864,
        "text": "すまり残った俺が約束された勝利に導く魔法のような数式を完成させると そういうことだろ白"
    },
    {
        "start": 105864,
        "stop": 106310,
        "text": "ジブリール 泉の相手をして時間を稼いでくれ"
    },
    {
        "start": 106310,
        "stop": 107266,
        "text": "それはよろしいのですが別にあれを倒してしまっても構わんのだろう でございますよねー"
    },
    {
        "start": 107266,
        "stop": 107922,
        "text": "一部突っ込みれておくぞそれ死亡フラグ扱いなってるから では"
    },
    {
        "start": 107922,
        "stop": 108306,
        "text": "普通に倒してこようと思います"
    },
    {
        "start": 108738,
        "stop": 109070,
        "text": "手間が省けました"
    },
    {
        "start": 109318,
        "stop": 110530,
        "text": "どこ行きやがったっっっっっっっっ ご機嫌よ犬からっ あって騎士官がございますねー"
    },
    {
        "start": 110530,
        "stop": 111430,
        "text": "私が以前頭部連合に挑んでそして負けたときの対戦相手 もしあなたでございますか"
    },
    {
        "start": 111430,
        "stop": 112106,
        "text": "マスターには時間を稼げと言われましたがせっかくです 楽しみましょう"
    },
    {
        "start": 112106,
        "stop": 112842,
        "text": "シートの限りを尽くし気の済むまで恥の上塗りを重ねてくださいませ"
    },
    {
        "start": 112842,
        "stop": 113286,
        "text": "(白兵)くそ! ダメだ! フィールドの違いで どうにかまる問題じゃない!"
    },
    {
        "start": 113286,
        "stop": 113526,
        "text": "くそ! どうしろってんだよ 白!"
    },
    {
        "start": 113526,
        "stop": 113898,
        "text": "くっ、くっ、くっ、くっ、くっ…"
    },
    {
        "start": 113932,
        "stop": 114102,
        "text": "(レン)はっ…"
    },
    {
        "start": 114156,
        "stop": 114270,
        "text": "くっ…"
    },
    {
        "start": 114270,
        "stop": 114424,
        "text": "くそ、だめだ"
    },
    {
        "start": 114424,
        "stop": 114700,
        "text": "フィールドの違いで どうにかまる問題じゃない!"
    },
    {
        "start": 114700,
        "stop": 114966,
        "text": "くそっ、どうしろってんだよ! 死ろっ!"
    },
    {
        "start": 115404,
        "stop": 115498,
        "text": "(レン)きゃっ…"
    },
    {
        "start": 115498,
        "stop": 115916,
        "text": "(レン)ふっ… ふー… ふー… うー… ふー… ふー… ふー… ふー… ふー… ふー…"
    },
    {
        "start": 115916,
        "stop": 116208,
        "text": "くっ、このまま屋上まで逃げて…"
    },
    {
        "start": 116246,
        "stop": 116490,
        "text": "いや、それも読まれてるか…"
    },
    {
        "start": 116490,
        "stop": 116690,
        "text": "どの道すぐに追いつかれ…"
    },
    {
        "start": 116754,
        "stop": 116848,
        "text": "(レン)はっ…"
    },
    {
        "start": 116898,
        "stop": 117110,
        "text": "待て、おかしくないか…"
    },
    {
        "start": 117154,
        "stop": 117518,
        "text": "死ろはどうして 走って追いかけてこないんだ?"
    },
    {
        "start": 117518,
        "stop": 117820,
        "text": "走ればやれるタイミングなんて いくらでもあったんじゃ!"
    },
    {
        "start": 118064,
        "stop": 118318,
        "text": "(レン)くれぐれも走るのは 最低限にな"
    },
    {
        "start": 118318,
        "stop": 118418,
        "text": "(レン)ふっ…"
    },
    {
        "start": 118508,
        "stop": 118822,
        "text": "(レン)そもそも そう言ったのは 俺じゃねえか…"
    },
    {
        "start": 118904,
        "stop": 119304,
        "text": "(レン)ふっ… これを読み違えたら きついな…"
    },
    {
        "start": 119304,
        "stop": 119496,
        "text": "でも… まあ…"
    },
    {
        "start": 120414,
        "stop": 120592,
        "text": "(レン)さーてしろ…"
    },
    {
        "start": 120592,
        "stop": 120826,
        "text": "兄ちゃんそろそろ限界だわ…"
    },
    {
        "start": 120826,
        "stop": 121160,
        "text": "引きこもりに この周知はないんじゃないですかね?"
    },
    {
        "start": 121698,
        "stop": 122198,
        "text": "(レン)ふっ… 今更 こんなところで お兄ちゃんがミスるわけには…"
    },
    {
        "start": 122198,
        "stop": 122332,
        "text": "(レン)引かねえだろ!"
    },
    {
        "start": 122490,
        "stop": 122762,
        "text": "(レン)ふわあああああああああああああ!"
    },
    {
        "start": 122970,
        "stop": 123470,
        "text": "しろ… お前が思いつきもしないことがあるとしたら それは…"
    },
    {
        "start": 123608,
        "stop": 123730,
        "text": "(レン)あっ…"
    },
    {
        "start": 124096,
        "stop": 124430,
        "text": "(レン)俺が余計おうとしないことだろ!"
    },
    {
        "start": 124976,
        "stop": 125210,
        "text": "(シロ)ウィーン 大好き!"
    },
    {
        "start": 125210,
        "stop": 125480,
        "text": "(レン)ああ… 兄ちゃんも大好きだぞ"
    },
    {
        "start": 125536,
        "stop": 125764,
        "text": "(シロ)いずれな 今だ!"
    },
    {
        "start": 125868,
        "stop": 126140,
        "text": "(シロ)手こずらせてくれやがったな… です!"
    },
    {
        "start": 126540,
        "stop": 126674,
        "text": "(シロ)うっ… うっ…"
    },
    {
        "start": 127140,
        "stop": 127516,
        "text": "(レン)このために走らず 体力温存してたんだよな シロ!"
    },
    {
        "start": 127596,
        "stop": 127816,
        "text": "(シロ)兄 大好き!"
    },
    {
        "start": 127816,
        "stop": 128388,
        "text": "(レン)バカな! 空に撃たれた直後で まだ自由に動けないはず!"
    },
    {
        "start": 128388,
        "stop": 128808,
        "text": "(シロ)あっ… パンツがないです…"
    },
    {
        "start": 128808,
        "stop": 129450,
        "text": "(レン)まさか! 本当にパンツだけ狙い撃ちしたというのか!"
    },
    {
        "start": 129450,
        "stop": 130076,
        "text": "(レン)やっと気づいたか? シロは最初から 一度もお前の味方になってねえんだよ!"
    },
    {
        "start": 130202,
        "stop": 130656,
        "text": "(シロ)服に当てて 尺段を着装しやがったです!"
    },
    {
        "start": 130656,
        "stop": 131010,
        "text": "(シロ)はめられた…けど それだけのことで…"
    },
    {
        "start": 131154,
        "stop": 131298,
        "text": "(シロ)甘いです!"
    },
    {
        "start": 131740,
        "stop": 132228,
        "text": "(レン)最後にゲームを楽しいって感じたの… いつ?"
    },
    {
        "start": 133304,
        "stop": 133572,
        "text": "(シロ)おもしれい… です!"
    },
    {
        "start": 133572,
        "stop": 135444,
        "text": "(音楽)"
    },
    {
        "start": 135444,
        "stop": 136414,
        "text": "誰にも言えない孤独を抱えたまま"
    },
    {
        "start": 136414,
        "stop": 137438,
        "text": "一人で泣いてた誰にも上手に笑えない僕ら"
    },
    {
        "start": 137438,
        "stop": 137822,
        "text": "二人出会って笑った"
    },
    {
        "start": 137822,
        "stop": 138912,
        "text": "真夜中過ぎに外の奥にどうしようもない気持ちをただ押し合って"
    },
    {
        "start": 138912,
        "stop": 139902,
        "text": "さよなら僕らきっと招かれるから 悲しみにいて怒るでしょう"
    },
    {
        "start": 139902,
        "stop": 140648,
        "text": "そしていつか空っぽのままの心に 灯を灯すように"
    },
    {
        "start": 140648,
        "stop": 141232,
        "text": "途切れ途切れの言葉を探して 常に留めた"
    },
    {
        "start": 141232,
        "stop": 142332,
        "text": "それでもまた二人の世界は続いてくんだ 空に見取るように"
    },
    {
        "start": 142332,
        "stop": 142690,
        "text": "どうか永遠に…"
    },
    {
        "start": 142748,
        "stop": 143176,
        "text": "もう一息じゃパワーを空白に! いいですども!"
    },
    {
        "start": 143176,
        "stop": 143324,
        "text": "いいですと!"
    },
    {
        "start": 143324,
        "stop": 143864,
        "text": "さよならを抱きとまで変われるから…"
    },
    {
        "start": 143864,
        "stop": 144064,
        "text": "[音声なし]"
    },
    {
        "start": 144064,
        "stop": 144264,
        "text": "おめでとうございます。"
    }
]