[
    {
        "start": 0,
        "stop": 204,
        "text": "(レン)たく、もがにでかいなぁ"
    },
    {
        "start": 232,
        "stop": 834,
        "text": "(オラゴン) 実の武器以上のものを作り 必死に背伸びする様は 微笑ましいですね 滑稽で"
    },
    {
        "start": 872,
        "stop": 1366,
        "text": "(オラゴン) ところで… 突然ここへ連れてこられた理由を 教えてもらえますの?"
    },
    {
        "start": 1396,
        "stop": 1646,
        "text": "(オラゴン) ちょっと… 大使館は国外ですわよ!"
    },
    {
        "start": 1646,
        "stop": 1904,
        "text": "(レン) 知ってる 元はうちの城だったことも"
    },
    {
        "start": 1904,
        "stop": 2108,
        "text": "(オラゴン) だから 領土審判ですわよ!"
    },
    {
        "start": 2108,
        "stop": 2358,
        "text": "(レン) 安心しろ アポもとってある"
    },
    {
        "start": 2408,
        "stop": 2642,
        "text": "(レン) なあ ようこそ…"
    },
    {
        "start": 2642,
        "stop": 2992,
        "text": "(オラゴン) エルキア王 ソラ殿 シロ殿"
    },
    {
        "start": 2992,
        "stop": 3476,
        "text": "(オラゴン) 東武連合 ザイエルキア辞籍大使 ハツセイノです"
    },
    {
        "start": 3476,
        "stop": 3626,
        "text": "(オラゴン) お見知りおきを"
    },
    {
        "start": 3626,
        "stop": 3776,
        "text": "(ケッサ) うん? いつ?"
    },
    {
        "start": 3776,
        "stop": 4154,
        "text": "(レン) ケッサ そこのじいさんが 図書館にいた俺を見てたから"
    },
    {
        "start": 4154,
        "stop": 4346,
        "text": "(レン) 身ぶりで今から行くって"
    },
    {
        "start": 4446,
        "stop": 4800,
        "text": "(レン) 噂にたがわす ワービーストの五感はすげえなぁ"
    },
    {
        "start": 4800,
        "stop": 5000,
        "text": "(レン) 目もいいし びっくりしたよ"
    },
    {
        "start": 5000,
        "stop": 5154,
        "text": "(ケッサ) いい… そうじゃなくて…"
    },
    {
        "start": 5154,
        "stop": 5454,
        "text": "(オラゴン) ザイエルキア東武連合 シロ殿ですよ"
    },
    {
        "start": 5492,
        "stop": 6108,
        "text": "(ケッサ) ザイエルキア東武連合大使 ハツセイズナに用があるのですが…"
    },
    {
        "start": 6108,
        "stop": 6666,
        "text": "(オラゴン) 心を読める種族 ワービースト… 噂は本当だったんですのね?"
    },
    {
        "start": 6666,
        "stop": 7058,
        "text": "(ケッサ) 話が早くて結構 じゃあ 案内してくれ"
    },
    {
        "start": 7204,
        "stop": 7520,
        "text": "(オラゴン) では どうぞ こちらへ"
    },
    {
        "start": 7712,
        "stop": 8154,
        "text": "(オラゴン) ワービーストはともかく ソラはどうやって あそこから…"
    },
    {
        "start": 8354,
        "stop": 8554,
        "text": "(ケッサ) 駆け引きってのは…"
    },
    {
        "start": 8554,
        "stop": 8654,
        "text": "(オラゴン)あっ…"
    },
    {
        "start": 8904,
        "stop": 9304,
        "text": "(オラゴン) ゲームは… もう始まってるんですのね?"
    },
    {
        "start": 9404,
        "stop": 9904,
        "text": "♪~"
    },
    {
        "start": 9904,
        "stop": 10404,
        "text": "♪~"
    },
    {
        "start": 10404,
        "stop": 10904,
        "text": "♪~"
    },
    {
        "start": 10904,
        "stop": 11404,
        "text": "♪~"
    },
    {
        "start": 11404,
        "stop": 11904,
        "text": "♪~"
    },
    {
        "start": 11904,
        "stop": 12404,
        "text": "♪~"
    },
    {
        "start": 12404,
        "stop": 12904,
        "text": "♪~"
    },
    {
        "start": 12904,
        "stop": 13404,
        "text": "♪~"
    },
    {
        "start": 13404,
        "stop": 13904,
        "text": "♪~"
    },
    {
        "start": 13904,
        "stop": 14404,
        "text": "♪~"
    },
    {
        "start": 14404,
        "stop": 14904,
        "text": "♪~"
    },
    {
        "start": 14904,
        "stop": 15404,
        "text": "♪~"
    },
    {
        "start": 15504,
        "stop": 16004,
        "text": "♪~"
    },
    {
        "start": 16004,
        "stop": 16504,
        "text": "♪~"
    },
    {
        "start": 16504,
        "stop": 17004,
        "text": "♪~"
    },
    {
        "start": 17004,
        "stop": 17504,
        "text": "♪~"
    },
    {
        "start": 17604,
        "stop": 18104,
        "text": "♪~"
    },
    {
        "start": 18104,
        "stop": 18604,
        "text": "♪~"
    },
    {
        "start": 18604,
        "stop": 19104,
        "text": "♪~"
    },
    {
        "start": 19204,
        "stop": 19704,
        "text": "♪~"
    },
    {
        "start": 19704,
        "stop": 20204,
        "text": "♪~"
    },
    {
        "start": 20304,
        "stop": 20804,
        "text": "♪~"
    },
    {
        "start": 20804,
        "stop": 21304,
        "text": "♪~"
    },
    {
        "start": 21404,
        "stop": 21904,
        "text": "♪~"
    },
    {
        "start": 21904,
        "stop": 22404,
        "text": "♪~"
    },
    {
        "start": 22504,
        "stop": 23004,
        "text": "♪~"
    },
    {
        "start": 23104,
        "stop": 23604,
        "text": "♪~"
    },
    {
        "start": 23604,
        "stop": 24104,
        "text": "♪~"
    },
    {
        "start": 24104,
        "stop": 24604,
        "text": "♪~"
    },
    {
        "start": 24704,
        "stop": 25204,
        "text": "♪~"
    },
    {
        "start": 25304,
        "stop": 25804,
        "text": "♪~"
    },
    {
        "start": 25804,
        "stop": 26304,
        "text": "♪~"
    },
    {
        "start": 26304,
        "stop": 26804,
        "text": "♪~"
    },
    {
        "start": 26804,
        "stop": 27304,
        "text": "♪~"
    },
    {
        "start": 27304,
        "stop": 27804,
        "text": "♪~"
    },
    {
        "start": 27904,
        "stop": 28404,
        "text": "♪~"
    },
    {
        "start": 28404,
        "stop": 28904,
        "text": "♪~"
    },
    {
        "start": 28904,
        "stop": 29404,
        "text": "♪~"
    },
    {
        "start": 29404,
        "stop": 29904,
        "text": "♪~"
    },
    {
        "start": 29904,
        "stop": 30404,
        "text": "♪~"
    },
    {
        "start": 30404,
        "stop": 30704,
        "text": "(オラゴン) ウハハハハ…"
    },
    {
        "start": 30704,
        "stop": 30904,
        "text": "(ケッサ) では こちらでお待ちを"
    },
    {
        "start": 30904,
        "stop": 31104,
        "text": "(オラゴン) はあ…"
    },
    {
        "start": 31604,
        "stop": 32004,
        "text": "(オラゴン) 文明力の格差を 痛感しますわね"
    },
    {
        "start": 32104,
        "stop": 32504,
        "text": "(オラゴン) ところで マスター どうやって ワービーストと連絡を?"
    },
    {
        "start": 32504,
        "stop": 32804,
        "text": "(マスター) 誰も触れてないんだから 察しろよ"
    },
    {
        "start": 32804,
        "stop": 33004,
        "text": "(オラゴン) 申し訳ございません"
    },
    {
        "start": 33004,
        "stop": 33404,
        "text": "(オラゴン) 思考を読める獣と違い 私 気になります!"
    },
    {
        "start": 33404,
        "stop": 33704,
        "text": "(オラゴン) ヘッヘッヘッヘッヘッヘッ…"
    },
    {
        "start": 33904,
        "stop": 34004,
        "text": "(オラゴン) おや?"
    },
    {
        "start": 34004,
        "stop": 34304,
        "text": "(オラゴン) マスターは 本当は 見えていなかったと"
    },
    {
        "start": 34304,
        "stop": 34704,
        "text": "(オラゴン) しかし 相手には 見えているだろうと踏み 身振りを取った"
    },
    {
        "start": 34704,
        "stop": 35204,
        "text": "(オラゴン) つまり… 心を読めるという相手に ブラフを…"
    },
    {
        "start": 35204,
        "stop": 35404,
        "text": "(マスター) お待たせしました"
    },
    {
        "start": 35404,
        "stop": 35704,
        "text": "(マスター) トーブ連合 ザイ・エルキア大使"
    },
    {
        "start": 35804,
        "stop": 36004,
        "text": "(マスター) ハチス・イズナでございます"
    },
    {
        "start": 36004,
        "stop": 36204,
        "text": "(オラゴン) キング・クリムズ!"
    },
    {
        "start": 36204,
        "stop": 36604,
        "text": "(オラゴン) ケモメミのうるわしき幼女よ! お兄さんと遊ぼうか?"
    },
    {
        "start": 36604,
        "stop": 36904,
        "text": "(オラゴン) 何 ただの怪しい人なのですよ!"
    },
    {
        "start": 36904,
        "stop": 37204,
        "text": "(マスター) 何 気をつく触ってやがる…です"
    },
    {
        "start": 37204,
        "stop": 37304,
        "text": "(オラゴン) えっ?"
    },
    {
        "start": 37304,
        "stop": 37404,
        "text": "(マスター) えっ? これ…"
    },
    {
        "start": 37404,
        "stop": 37704,
        "text": "(オラゴン) 可愛さ-50っぽい…"
    },
    {
        "start": 37704,
        "stop": 37904,
        "text": "(マスター) 何 勝手にやめてんです"
    },
    {
        "start": 37904,
        "stop": 38004,
        "text": "(オラゴン) えっ?"
    },
    {
        "start": 38004,
        "stop": 38304,
        "text": "(マスター) いきなり触りやがったの 驚いただけだろ…です"
    },
    {
        "start": 38304,
        "stop": 38704,
        "text": "(オラゴン) 驚いただけだろ…です 早く続けろや…です"
    },
    {
        "start": 38904,
        "stop": 39004,
        "text": "(オラゴン) ああ…"
    },
    {
        "start": 39004,
        "stop": 39504,
        "text": "(オラゴン) あのさ 語尾に「です」ってつければ 丁寧語になるわけじゃねえぞ…です"
    },
    {
        "start": 39504,
        "stop": 39704,
        "text": "(マスター) ふ…そ そうなのか…です"
    },
    {
        "start": 39704,
        "stop": 40004,
        "text": "(マスター) 気を悪くせんでくだされ"
    },
    {
        "start": 40004,
        "stop": 40404,
        "text": "(マスター) 孫はまだイマニティの言葉は苦手でしたな"
    },
    {
        "start": 40404,
        "stop": 40504,
        "text": "(マスター) それと…"
    },
    {
        "start": 40604,
        "stop": 41104,
        "text": "(マスター) 何したのかわいい孫を 引かない手で触ってんだ! アゲザル! 死なすぞ! おい!"
    },
    {
        "start": 41104,
        "stop": 41404,
        "text": "(マスター) といわれる行動は 控えて頂けると"
    },
    {
        "start": 41404,
        "stop": 41604,
        "text": "(レン) なるほど じじ 手名の影響か"
    },
    {
        "start": 41604,
        "stop": 41904,
        "text": "(オラゴン) このじじ嫌い マイナス1000ポイント"
    },
    {
        "start": 41904,
        "stop": 42304,
        "text": "(オラゴン) でもイズナタン ギャップもええ プラス1000五種ポイント"
    },
    {
        "start": 42304,
        "stop": 42704,
        "text": "(イズナタン) アゲザルのくせに じいじより運命です もっとやれです"
    },
    {
        "start": 42704,
        "stop": 43004,
        "text": "(レン) じゃあ そのアゲザルってのやめよっか"
    },
    {
        "start": 43004,
        "stop": 43304,
        "text": "(レン) 俺はソラ そっちは妹のシロ"
    },
    {
        "start": 43304,
        "stop": 43504,
        "text": "(オラゴン) よろしく イズナタン"
    },
    {
        "start": 43504,
        "stop": 43804,
        "text": "(ソラ) ガッテンです ソラ シロです"
    },
    {
        "start": 43804,
        "stop": 44104,
        "text": "(マスター) では クソザルの養犬 伺いましょう"
    },
    {
        "start": 44104,
        "stop": 44404,
        "text": "(レン) 思考を読めんなら 伺うも何もないだろ"
    },
    {
        "start": 44404,
        "stop": 44704,
        "text": "(マスター) ここは外交の場 言葉や書面をかわす場でして"
    },
    {
        "start": 44704,
        "stop": 45004,
        "text": "(マスター) サルには難しい話でしたが"
    },
    {
        "start": 45004,
        "stop": 45304,
        "text": "(レン) 孫の扱いで負けて 切れんなよ じいさん"
    },
    {
        "start": 45304,
        "stop": 45504,
        "text": "(オラゴン) おとなげな"
    },
    {
        "start": 45504,
        "stop": 45704,
        "text": "(マスター) マスター ワービーストのガラス細工なみに"
    },
    {
        "start": 45704,
        "stop": 45904,
        "text": "(マスター) 脆い心を刺激しないよ"
    },
    {
        "start": 45904,
        "stop": 46204,
        "text": "(マスター) 哀れさに笑いを言え 涙を禁じえないので"
    },
    {
        "start": 46204,
        "stop": 46504,
        "text": "(オラゴン) ええ あなたが断念説ってものを"
    },
    {
        "start": 46604,
        "stop": 46904,
        "text": "(レン) なら 用件を言おう じいさん"
    },
    {
        "start": 46904,
        "stop": 47004,
        "text": "(マスター) ん?"
    },
    {
        "start": 47004,
        "stop": 47304,
        "text": "(レン) お孫さんのパンツをかけて ゲームしてくれ"
    },
    {
        "start": 47304,
        "stop": 47504,
        "text": "(レン) こっちはステフノをかけるから"
    },
    {
        "start": 47604,
        "stop": 47704,
        "text": "(オラゴン) あっ…"
    },
    {
        "start": 47704,
        "stop": 47804,
        "text": "(オラゴン) はい!"
    },
    {
        "start": 47804,
        "stop": 48104,
        "text": "(マスター) 爪切りして叩き出してほしいんだら"
    },
    {
        "start": 48104,
        "stop": 48304,
        "text": "(マスター) 初めから ソイエクソだろ"
    },
    {
        "start": 48304,
        "stop": 48504,
        "text": "(レン) えっ ステフノよりジブリルノがいい?"
    },
    {
        "start": 48504,
        "stop": 48804,
        "text": "(オラゴン) マスターのごメレート あらば"
    },
    {
        "start": 48804,
        "stop": 48904,
        "text": "(レン) え じゃ シロ"
    },
    {
        "start": 48904,
        "stop": 49204,
        "text": "(オラゴン) 十一歳児のパンツ欲しがるとはじいさん病気だぞ"
    },
    {
        "start": 49204,
        "stop": 49304,
        "text": "(レン) それとも…"
    },
    {
        "start": 49404,
        "stop": 49604,
        "text": "(オラゴン) ま…まさか オレ?"
    },
    {
        "start": 49704,
        "stop": 49904,
        "text": "(レン) いやー 僕ノンケですし"
    },
    {
        "start": 49904,
        "stop": 50104,
        "text": "(オラゴン) 兄の帝装 シロが守る"
    },
    {
        "start": 50104,
        "stop": 50304,
        "text": "(レン) なあ じいさん ダメか?"
    },
    {
        "start": 50304,
        "stop": 50604,
        "text": "(レン) イズナのパンツで手を打ってやるぞ"
    },
    {
        "start": 50604,
        "stop": 51104,
        "text": "(オラゴン) もう てめえ 本当の用件を離す気ねえなら さっさと引き取っ…"
    },
    {
        "start": 51104,
        "stop": 51304,
        "text": "(レン) クサイ 芝居 やめにしない?"
    },
    {
        "start": 51304,
        "stop": 51404,
        "text": "(オラゴン) ん?"
    },
    {
        "start": 51404,
        "stop": 51804,
        "text": "(レン) 試行が読めるならパンツをかけたゲームに乗っとけよ"
    },
    {
        "start": 51904,
        "stop": 52104,
        "text": "(レン) パンツより その副事結果"
    },
    {
        "start": 52104,
        "stop": 52604,
        "text": "(レン) お宅らのゲームを全て暴いた オレの記憶を消すチャンスだぞ"
    },
    {
        "start": 52604,
        "stop": 52804,
        "text": "(オラゴン) あ…握手して?"
    },
    {
        "start": 52904,
        "stop": 53204,
        "text": "(レン) 警戒したな 図5しか?"
    },
    {
        "start": 53204,
        "stop": 53404,
        "text": "(レン) コールドリーディング"
    },
    {
        "start": 53404,
        "stop": 53704,
        "text": "(レン) ワービーストの優れた互換なしても ちょっとしたコツ"
    },
    {
        "start": 53704,
        "stop": 54004,
        "text": "(レン) 観察力さえあれば 誰でもできる安い手品で"
    },
    {
        "start": 54104,
        "stop": 54404,
        "text": "(レン) 奇遇なことにオレの得意技なんだわ"
    },
    {
        "start": 54404,
        "stop": 54604,
        "text": "(オラゴン) こいつ…"
    },
    {
        "start": 54904,
        "stop": 55204,
        "text": "(レン) はったりじゃない確認は済んだか?"
    },
    {
        "start": 55304,
        "stop": 55404,
        "text": "(オラゴン) フッ…"
    },
    {
        "start": 55404,
        "stop": 55904,
        "text": "(レン) さて 試行が読めるなんて真っ赤な嘘っぱしと 確認が取れたところで"
    },
    {
        "start": 55904,
        "stop": 56104,
        "text": "(レン) お待ちかねえ"
    },
    {
        "start": 56204,
        "stop": 56404,
        "text": "(レン) 本当の要件といこうか"
    },
    {
        "start": 56504,
        "stop": 56704,
        "text": "(レン) 位階除列16位 イマニティ"
    },
    {
        "start": 56704,
        "stop": 57104,
        "text": "エルキア王国全権代理者 ソラとシロの名の下に"
    },
    {
        "start": 57304,
        "stop": 57604,
        "text": "(オラゴン) 帰国 東部連合が"
    },
    {
        "start": 57604,
        "stop": 58104,
        "text": "(オラゴン) 世界制覇最初の犠牲者に選ばれたこと 祝福する"
    },
    {
        "start": 58104,
        "stop": 58204,
        "text": "(レン) えっ…"
    },
    {
        "start": 58204,
        "stop": 58604,
        "text": "(オラゴン) 東方 帰国に対し 対国家ゲームで"
    },
    {
        "start": 58604,
        "stop": 58804,
        "text": "(レン) あっ… あっ…"
    },
    {
        "start": 58904,
        "stop": 59304,
        "text": "(一同) 大陸にある東部連合の全てを要求する"
    },
    {
        "start": 59504,
        "stop": 59704,
        "text": "(オラゴン) 対国家ゲーム?"
    },
    {
        "start": 59704,
        "stop": 60104,
        "text": "(オラゴン) 東部連合にこっちから仕掛けるって"
    },
    {
        "start": 60104,
        "stop": 60304,
        "text": "(オラゴン) 今 そう言ったんですの?"
    },
    {
        "start": 60304,
        "stop": 60404,
        "text": "(レン) そう"
    },
    {
        "start": 60404,
        "stop": 60804,
        "text": "(レン) ああ こっちが掛けるもんは 変更なくステフのパンツな"
    },
    {
        "start": 60804,
        "stop": 60904,
        "text": "(オラゴン) はあ!"
    },
    {
        "start": 60904,
        "stop": 61104,
        "text": "(レン) イズナのパンツで手を打っときゃな"
    },
    {
        "start": 61104,
        "stop": 61404,
        "text": "(レン) 残念 悪いね じいさん"
    },
    {
        "start": 61504,
        "stop": 61704,
        "text": "(レン) チェックだ"
    },
    {
        "start": 61704,
        "stop": 62004,
        "text": "(オラゴン) マ マスター どういうことでございましょう"
    },
    {
        "start": 62004,
        "stop": 62304,
        "text": "(オラゴン) ジブリール まだ分からない"
    },
    {
        "start": 62304,
        "stop": 62604,
        "text": "(レン) これで東部連合は積んだんだよ"
    },
    {
        "start": 62604,
        "stop": 63204,
        "text": "(レン) 半世紀前 急激に技術を飛躍させた島国 東部連合"
    },
    {
        "start": 63204,
        "stop": 63404,
        "text": "(レン) でも 高度文明は大変だな"
    },
    {
        "start": 63404,
        "stop": 63704,
        "text": "(レン) どれも大陸資源が必須"
    },
    {
        "start": 63704,
        "stop": 63804,
        "text": "(爆発音)"
    },
    {
        "start": 63804,
        "stop": 64104,
        "text": "(レン) だが 大陸領土を得る前に エルヴォンガルドが仕掛けてきた"
    },
    {
        "start": 64104,
        "stop": 64304,
        "text": "誘い受けのゲーム"
    },
    {
        "start": 64304,
        "stop": 64904,
        "text": "(レン) だが 最強国に連勝した正体不明ゲームは 誰も誘いに乗らん"
    },
    {
        "start": 64904,
        "stop": 65104,
        "text": "(レン) 大陸は手に入らない"
    },
    {
        "start": 65104,
        "stop": 65604,
        "text": "(レン) 犠牲覚悟で負けるべきだった なぜそうしなかった?"
    },
    {
        "start": 65604,
        "stop": 65904,
        "text": "順番に謎を解いていこうか"
    },
    {
        "start": 65904,
        "stop": 66304,
        "text": "(レン) クッション1 なぜゲームに関する記憶を消す?"
    },
    {
        "start": 66304,
        "stop": 66604,
        "text": "(オラゴン) 消さなきゃ必勝じゃなくなるから"
    },
    {
        "start": 66604,
        "stop": 67004,
        "text": "(レン) 正解 誘い受けとしては矛盾する"
    },
    {
        "start": 67004,
        "stop": 67504,
        "text": "(レン) 合理的じゃない記憶消去を行うのは それ以上にバレたら困るから"
    },
    {
        "start": 67504,
        "stop": 68004,
        "text": "だけどな 記憶を消しても負けたって結果は残る"
    },
    {
        "start": 68004,
        "stop": 68404,
        "text": "(レン) クッション2 なぜエルブンガルドは4回も挑んだ?"
    },
    {
        "start": 68404,
        "stop": 68804,
        "text": "(オラゴン) 負けた結果からゲームの正体を探るため"
    },
    {
        "start": 68804,
        "stop": 69404,
        "text": "(レン) エルブンガルドはエルキアと違い大国 多少の損を覚悟でコテ調べができる"
    },
    {
        "start": 69404,
        "stop": 69804,
        "text": "(レン) 一度負けたエルフは魔法の使いないゲームと予想しただろう"
    },
    {
        "start": 69804,
        "stop": 70204,
        "text": "エルフが負ける理由で真っ先に疑うのは それだろうしな"
    },
    {
        "start": 70204,
        "stop": 70804,
        "text": "そして何らかの対策を講じて2度目を挑み また負けた"
    },
    {
        "start": 70804,
        "stop": 71204,
        "text": "そこで3度目 どうやったかゲームの内容を暴いた"
    },
    {
        "start": 71204,
        "stop": 72004,
        "text": "魔法なんて公式チート羨ましい限りだが 万おじして4度目を挑み それでも負けた"
    },
    {
        "start": 72004,
        "stop": 72204,
        "text": "(オラゴン) 大した妄想ですんだ"
    },
    {
        "start": 72204,
        "stop": 72504,
        "text": "(レン) だがエルフが負けた過程はどうでもいいんだ"
    },
    {
        "start": 72604,
        "stop": 73304,
        "text": "なぜ4回で挑むのをやめたか? それ以外は妄想で結構だからさ"
    },
    {
        "start": 73304,
        "stop": 73704,
        "text": "挑むのをやめた理由 可能性は2つ"
    },
    {
        "start": 73804,
        "stop": 74204,
        "text": "1つ 原理的にひっぱいのゲームと理解した"
    },
    {
        "start": 74204,
        "stop": 74504,
        "text": "(オラゴン) ならバクロすれば5回目勝てる"
    },
    {
        "start": 74504,
        "stop": 75004,
        "text": "(レン) 2つ ゲームはわかったが なぜ負けたかはついぞわからなかった"
    },
    {
        "start": 75004,
        "stop": 75404,
        "text": "(オラゴン) そして挑むのをやめた"
    },
    {
        "start": 75504,
        "stop": 76004,
        "text": "でも あれれ おかしいぞ"
    },
    {
        "start": 76004,
        "stop": 76404,
        "text": "ゲームはわかった でもどうして負けたかわからないゲーム"
    },
    {
        "start": 76404,
        "stop": 76804,
        "text": "(レン) さあ 盛り上がってまいりました クッション3"
    },
    {
        "start": 76804,
        "stop": 77104,
        "text": "まったく性質の違う種族すべてに有効"
    },
    {
        "start": 77104,
        "stop": 77604,
        "text": "EXの優れた東武連合だけが持つという決勝ゲーム"
    },
    {
        "start": 77604,
        "stop": 77804,
        "text": "正解は"
    },
    {
        "start": 78004,
        "stop": 78304,
        "text": "(リボン) チートし放題のテレビゲーム"
    },
    {
        "start": 78304,
        "stop": 78604,
        "text": "(皆実) テレビゲーム?って 何ですの?"
    },
    {
        "start": 78604,
        "stop": 79004,
        "text": "(レン) 知らないよな でもジブリールは東武連合に一度挑んでる"
    },
    {
        "start": 79004,
        "stop": 79304,
        "text": "エントランスにあったものを なぜ見たことがない"
    },
    {
        "start": 79304,
        "stop": 79604,
        "text": "(オラゴン) あ あれ それは?"
    },
    {
        "start": 79604,
        "stop": 80004,
        "text": "(レン) 忘れたんだよ ゲームに関わる記憶だから"
    },
    {
        "start": 80004,
        "stop": 80104,
        "text": "(オラゴン) あ…"
    },
    {
        "start": 80104,
        "stop": 80304,
        "text": "(レン) まあ それを抜きにしても"
    },
    {
        "start": 80304,
        "stop": 80504,
        "text": "不留ゲルであるジブリールが知らないのなら"
    },
    {
        "start": 80504,
        "stop": 80904,
        "text": "この世界にテレビゲームがあるのは 東武連合だけだろう?"
    },
    {
        "start": 80904,
        "stop": 81204,
        "text": "だから記憶を消し 飲得する"
    },
    {
        "start": 81204,
        "stop": 81604,
        "text": "なぜなら自分たちがゲームマスターになり 行うテレビゲームなら"
    },
    {
        "start": 81604,
        "stop": 81804,
        "text": "チート放題 やり放題"
    },
    {
        "start": 81804,
        "stop": 82104,
        "text": "(オラゴン) 大戦相手にそれを暴くすべ 一切ない"
    },
    {
        "start": 82104,
        "stop": 82504,
        "text": "(レン) 電脳空間を知らなければ魔法も無意味"
    },
    {
        "start": 82504,
        "stop": 82704,
        "text": "心が読めるってホラ吹くのも"
    },
    {
        "start": 82704,
        "stop": 83104,
        "text": "チートを第六感といはり 選作させないためだろう?"
    },
    {
        "start": 83104,
        "stop": 83304,
        "text": "そう あんたらは"
    },
    {
        "start": 83304,
        "stop": 83804,
        "text": "嘘を見抜けるだけで 心なんて読めないのさ"
    },
    {
        "start": 83904,
        "stop": 84204,
        "text": "(オラゴン) さあ ラストクッション"
    },
    {
        "start": 84204,
        "stop": 84504,
        "text": "(レン) なぜ俺らはこの答えに 行きつけたのかな?"
    },
    {
        "start": 84504,
        "stop": 84904,
        "text": "この問題はじいさん あんたにくれてやる"
    },
    {
        "start": 85004,
        "stop": 85204,
        "text": "まさか全国王が"
    },
    {
        "start": 85204,
        "stop": 85504,
        "text": "だが奴には誰にも伝えないことを 迷惑に誓わせた"
    },
    {
        "start": 85504,
        "stop": 85804,
        "text": "心を読めないことも明かしていな"
    },
    {
        "start": 85804,
        "stop": 86004,
        "text": "いや 問題は"
    },
    {
        "start": 86004,
        "stop": 86304,
        "text": "(オラゴン) そう 問題はそこじゃない"
    },
    {
        "start": 86304,
        "stop": 86604,
        "text": "全国王が何か伝えられた時点で"
    },
    {
        "start": 86604,
        "stop": 86904,
        "text": "あんたらは彼の思考を読めていなかった"
    },
    {
        "start": 86904,
        "stop": 87304,
        "text": "生涯誰にも伝えないって迷惑に"
    },
    {
        "start": 87304,
        "stop": 87604,
        "text": "死後までは含まれないっていうトラップをな"
    },
    {
        "start": 87704,
        "stop": 87804,
        "text": "(レン) うわあ…"
    },
    {
        "start": 87804,
        "stop": 88204,
        "text": "(オラゴン) さあ ゲームの全ての内容を 丸裸にした俺らが"
    },
    {
        "start": 88204,
        "stop": 88504,
        "text": "この情報をエルフにでも渡せば"
    },
    {
        "start": 88504,
        "stop": 88904,
        "text": "あんたらは遠くないうちに ゲームを受けざるを得ない状況にされ"
    },
    {
        "start": 89004,
        "stop": 89104,
        "text": "ひっぱい"
    },
    {
        "start": 89104,
        "stop": 89404,
        "text": "俺らの記憶は 必ず消す必要がある"
    },
    {
        "start": 89404,
        "stop": 89804,
        "text": "だがステフのパンツに リョードをかけたゲームなんかしたら"
    },
    {
        "start": 89804,
        "stop": 90104,
        "text": "俺の妄想の全面肯定を意味する"
    },
    {
        "start": 90104,
        "stop": 90304,
        "text": "(レン) そう ならば…"
    },
    {
        "start": 90304,
        "stop": 90404,
        "text": "(オラゴン) ならばここは"
    },
    {
        "start": 90404,
        "stop": 90904,
        "text": "すべてをただの妄想としたまま 勝負に応じず逃げるしかないか"
    },
    {
        "start": 91104,
        "stop": 91204,
        "text": "(レンたち) 逃がすと思った?"
    },
    {
        "start": 91304,
        "stop": 91704,
        "text": "(オラゴン) かけ金追加だ イマニティのすべて"
    },
    {
        "start": 91704,
        "stop": 91804,
        "text": "(レン) えっ…"
    },
    {
        "start": 91904,
        "stop": 92004,
        "text": "(オラゴン) えっ…"
    },
    {
        "start": 92104,
        "stop": 92304,
        "text": "(オラゴン) 手のこまをかけよう"
    },
    {
        "start": 92504,
        "stop": 92804,
        "text": "(オラゴン) く… くらみ それ…"
    },
    {
        "start": 92804,
        "stop": 93304,
        "text": "(ルシファー) ピー 過去に手のこまをかけて行われたゲームの前例は?"
    },
    {
        "start": 93304,
        "stop": 93504,
        "text": "(オラゴン) あ… あるわけないのですよ"
    },
    {
        "start": 93504,
        "stop": 94004,
        "text": "手のこまをかけて負けたら リクシードの権利が剥奪される それは…"
    },
    {
        "start": 94004,
        "stop": 94204,
        "text": "(ルシファー) 獣の名訳の適応外"
    },
    {
        "start": 94204,
        "stop": 94504,
        "text": "つまり家畜と同列になる"
    },
    {
        "start": 94504,
        "stop": 94804,
        "text": "事実上の死の宣告の楽園"
    },
    {
        "start": 94904,
        "stop": 95104,
        "text": "(オラゴン) あいつら…"
    },
    {
        "start": 95104,
        "stop": 95304,
        "text": "(オラゴン) 正気ですの~"
    },
    {
        "start": 95304,
        "stop": 95704,
        "text": "(レン) これでイマニティの命も リョードもすべてかけたことになった"
    },
    {
        "start": 95804,
        "stop": 96304,
        "text": "ここで逃げても 俺の妄想が正しいと 世界に宣伝することになるな"
    },
    {
        "start": 96404,
        "stop": 96804,
        "text": "地霜エスパー この手は読めたか"
    },
    {
        "start": 97004,
        "stop": 97204,
        "text": "チェックメイトだ"
    },
    {
        "start": 97304,
        "stop": 97604,
        "text": "(オラゴン) 本当によろしいのですかな"
    },
    {
        "start": 97604,
        "stop": 98204,
        "text": "ソラ殿の妄想が正しくとも エルヴンガルドはその上で負けた"
    },
    {
        "start": 98204,
        "stop": 98704,
        "text": "そこに手のこまなどかけて 絶滅したいのですかな"
    },
    {
        "start": 98804,
        "stop": 99204,
        "text": "(レン) 爺さんさあ 俺が図書館から 意思を通した件"
    },
    {
        "start": 99204,
        "stop": 99504,
        "text": "素直に驚いときゃ気付けたのにな"
    },
    {
        "start": 99504,
        "stop": 99804,
        "text": "俺らがこの世界の人間じゃないってさ"
    },
    {
        "start": 100004,
        "stop": 100504,
        "text": "こと電子ゲームなら チートでもツールアシストでも好きに使え"
    },
    {
        "start": 100504,
        "stop": 100904,
        "text": "(オラゴン) そんなもので勝てるほど 空白は甘くない"
    },
    {
        "start": 101004,
        "stop": 101204,
        "text": "(レン) 俺らが来たときさ"
    },
    {
        "start": 101204,
        "stop": 101504,
        "text": "(オラゴン) また蜘蛛がネギしょって 来たって思った?"
    },
    {
        "start": 101604,
        "stop": 102004,
        "text": "(レン) 今度食われるのは そっちだ ワービースト"
    },
    {
        "start": 102004,
        "stop": 102404,
        "text": "(ワービースト) このものら 一体 何者なのだ"
    },
    {
        "start": 102504,
        "stop": 102904,
        "text": "(レン) まあ こんな規模のゲーム 独断じゃできないんだろ"
    },
    {
        "start": 102904,
        "stop": 103204,
        "text": "一定は改めて 手のこまをかけたゲームだ"
    },
    {
        "start": 103204,
        "stop": 103704,
        "text": "ぜイマニティに感染犬があり こっちは4人で挑む 拒否は認め"
    },
    {
        "start": 103704,
        "stop": 103904,
        "text": "(ソラ) ちょっと… よくわかんねえです"
    },
    {
        "start": 103904,
        "stop": 104504,
        "text": "けど ソラとシロン イズナに喧嘩不かけてきやがったです"
    },
    {
        "start": 104504,
        "stop": 104804,
        "text": "(レン) 喧嘩? まさか…"
    },
    {
        "start": 104804,
        "stop": 105104,
        "text": "(ソラ) イズナたん 次はゲームで遊ぼう"
    },
    {
        "start": 105104,
        "stop": 105304,
        "text": "(イズナ) 負けねえぞ…です"
    },
    {
        "start": 105304,
        "stop": 105504,
        "text": "(レン) 悪いが イズナは負ける"
    },
    {
        "start": 105504,
        "stop": 105804,
        "text": "(ソラ) 空白に敗北はないの"
    },
    {
        "start": 106304,
        "stop": 106604,
        "text": "またね イズナたん"
    },
    {
        "start": 106604,
        "stop": 106904,
        "text": "(イズナ) なんか 何かしてくれたんですか!"
    },
    {
        "start": 106904,
        "stop": 107304,
        "text": "あなた 何をしたか分かってますの? 負けたら どう責任を?"
    },
    {
        "start": 107304,
        "stop": 107604,
        "text": "(レン) 責任? 負けたら終わりだ 責任も何もねえだろ"
    },
    {
        "start": 107604,
        "stop": 107704,
        "text": "(イズナ) あっ!"
    },
    {
        "start": 107704,
        "stop": 108004,
        "text": "(レン) 負ければ300万人 三つ連れにゲームオーバー"
    },
    {
        "start": 108004,
        "stop": 108304,
        "text": "勝てばコクとと 獣耳ごっそり ケット"
    },
    {
        "start": 108304,
        "stop": 108504,
        "text": "オープナッセン"
    },
    {
        "start": 108504,
        "stop": 108704,
        "text": "(ソラ) ワクワクするな シロ"
    },
    {
        "start": 108704,
        "stop": 109004,
        "text": "(イズナ) ワクワク… ク 狂ってます"
    },
    {
        "start": 109004,
        "stop": 109304,
        "text": "(レン) 落ち着けよ ステフ これはゲームだぞ"
    },
    {
        "start": 109304,
        "stop": 109404,
        "text": "(ソラ) うっ!"
    },
    {
        "start": 109404,
        "stop": 109904,
        "text": "やはり こんな人たちに おじいさまの意志を 託したのは間違いでしたわ!"
    },
    {
        "start": 109904,
        "stop": 110204,
        "text": "(イズナ) 目はドラちゃんに伺いますが"
    },
    {
        "start": 110204,
        "stop": 110604,
        "text": "マスターたちが勝てば 逆に大陸の全ワービーストが権利を奪われ"
    },
    {
        "start": 110604,
        "stop": 111104,
        "text": "ともすれば死にますが その責任は誰が取ればよいと?"
    },
    {
        "start": 111104,
        "stop": 111204,
        "text": "(ソラ) うっ…"
    },
    {
        "start": 111204,
        "stop": 111604,
        "text": "(イズナ) 武力の代わりに ゲームで支配し合い 殺し合う"
    },
    {
        "start": 111604,
        "stop": 112004,
        "text": "負ければ削取 冷続 殺害される"
    },
    {
        "start": 112004,
        "stop": 112304,
        "text": "初戦 それが銃の名薬"
    },
    {
        "start": 112304,
        "stop": 112804,
        "text": "確実に敵を殺すためなら 一時的にでも大衆の"
    },
    {
        "start": 112804,
        "stop": 113204,
        "text": "ご自身の命すら 図りに乗せる決断力"
    },
    {
        "start": 113204,
        "stop": 113504,
        "text": "それでこそ われらを責るべき王方"
    },
    {
        "start": 113504,
        "stop": 113704,
        "text": "(ソラ) え? なにそれ? (イズナ) ああ ホラッ…"
    },
    {
        "start": 113704,
        "stop": 113904,
        "text": "(ソラとイズナ) はい? (イズナ) はい?"
    },
    {
        "start": 113904,
        "stop": 114204,
        "text": "(レン) ああ… まさか お前ら 気づいてないの?"
    },
    {
        "start": 114204,
        "stop": 114404,
        "text": "(ソラ) この世界の攻略法…"
    },
    {
        "start": 114404,
        "stop": 114604,
        "text": "(イズナ&ソラ) 世界の攻略法?"
    },
    {
        "start": 114604,
        "stop": 114804,
        "text": "(レン) なるほど それ 神様も暇するわ"
    },
    {
        "start": 114804,
        "stop": 115004,
        "text": "(ソラ) ってと 可哀想"
    },
    {
        "start": 115004,
        "stop": 115404,
        "text": "(レン) 安心しろ 俺らは宣言通り 世界制覇する"
    },
    {
        "start": 115404,
        "stop": 115704,
        "text": "まることごっそりな それと"
    },
    {
        "start": 115704,
        "stop": 115904,
        "text": "俺らが負けたら どうするかって質問な"
    },
    {
        "start": 115904,
        "stop": 116204,
        "text": "万に一つも負けはない 言ったろ?"
    },
    {
        "start": 116204,
        "stop": 116404,
        "text": "(ソラ) チェックメイト"
    },
    {
        "start": 116404,
        "stop": 116804,
        "text": "(イズナ) クオーに引きずりやらせ! (ソラ) 勝手に俺らを 全員使い合って!"
    },
    {
        "start": 116804,
        "stop": 117004,
        "text": "(イズナ) あいつらと 飛んでいこう! (ソラ) ライト! (イズナ) ライト!"
    },
    {
        "start": 117004,
        "stop": 117504,
        "text": "(イズナ) 最初からおかしいと思ったぜ! 今に気が入るから勝てるわけやねえ!"
    },
    {
        "start": 117504,
        "stop": 117804,
        "text": "(ソラ) オレボレする鮮やかな手のひら返しで"
    },
    {
        "start": 117804,
        "stop": 118204,
        "text": "(ソラ) 突然死の宣告を受ければ当選ですわ"
    },
    {
        "start": 118204,
        "stop": 118504,
        "text": "(ソラ) もしろ 平然としてるのが異常ですわよ"
    },
    {
        "start": 118504,
        "stop": 118804,
        "text": "(ソラ) どうするんですの? あの騒ぎ"
    },
    {
        "start": 118804,
        "stop": 119104,
        "text": "(ソラ) 福なら 全権代理の差を覚えばいい"
    },
    {
        "start": 119104,
        "stop": 119504,
        "text": "(レン) 俺らに挑む気もない奴らと 戦うことはないな"
    },
    {
        "start": 119504,
        "stop": 119704,
        "text": "(ソラ) どうするの?"
    },
    {
        "start": 119704,
        "stop": 120492,
        "text": "オレらに挑む気もない奴らが騒いでるだけだ ほっとけ それより遅いなぁも一週間だぞ"
    },
    {
        "start": 120492,
        "stop": 121092,
        "text": "トーブ連合のゲーム日程通達ですの 大陸をかけるなら時間がかかりますわよ"
    },
    {
        "start": 121092,
        "stop": 121648,
        "text": "うん だからその前に 覚悟のある奴が来るのを待ってる"
    },
    {
        "start": 121648,
        "stop": 122016,
        "text": "ああああああ ああ"
    },
    {
        "start": 122016,
        "stop": 122662,
        "text": "やっと来たか またせすぎじゃねー"
    },
    {
        "start": 122692,
        "stop": 123506,
        "text": "ああ余計はわかってるいつでもいいぜー シロよく聞いてくれ"
    },
    {
        "start": 123730,
        "stop": 124438,
        "text": "俺は白を信じてる シロの兄を信じてる"
    },
    {
        "start": 124438,
        "stop": 125206,
        "text": "シロ俺らはいつも2人で一人だ 白俺らは約束で結ばれてる"
    },
    {
        "start": 125206,
        "stop": 125664,
        "text": "白 俺らは少年漫画の主人公じゃない"
    },
    {
        "start": 125664,
        "stop": 126598,
        "text": "白俺らは常にゲームを始める前に買ってる トーブ連合を飲み込む最後のピース"
    },
    {
        "start": 126598,
        "stop": 126930,
        "text": "手に入れるぞ クッ"
    },
    {
        "start": 126930,
        "stop": 127554,
        "text": "いいいいいいいいいいいいいいいいいいいいいい 持っていた"
    },
    {
        "start": 127580,
        "stop": 127978,
        "text": "さあゲームを始めようか"
    },
    {
        "start": 128078,
        "stop": 128378,
        "text": "[音楽]"
    },
    {
        "start": 128382,
        "stop": 128682,
        "text": "[音楽]"
    },
    {
        "start": 128746,
        "stop": 129046,
        "text": "[音楽]"
    },
    {
        "start": 129146,
        "stop": 129446,
        "text": "[音楽]"
    },
    {
        "start": 129446,
        "stop": 129746,
        "text": "[音楽]"
    },
    {
        "start": 129822,
        "stop": 130122,
        "text": "[音楽]"
    },
    {
        "start": 130122,
        "stop": 130422,
        "text": "[音楽]"
    },
    {
        "start": 130422,
        "stop": 130722,
        "text": "[音楽]"
    },
    {
        "start": 130722,
        "stop": 131022,
        "text": "[音楽]"
    },
    {
        "start": 131022,
        "stop": 131322,
        "text": "[音楽]"
    },
    {
        "start": 131422,
        "stop": 131722,
        "text": "[音楽]"
    },
    {
        "start": 131722,
        "stop": 132022,
        "text": "[音楽]"
    },
    {
        "start": 132122,
        "stop": 132422,
        "text": "[音楽]"
    },
    {
        "start": 132422,
        "stop": 132722,
        "text": "[音楽]"
    },
    {
        "start": 132722,
        "stop": 133022,
        "text": "[音楽]"
    },
    {
        "start": 133022,
        "stop": 133922,
        "text": "それでも誰もらきっと曲げ変われるから 悲しみにいて怒るでしょう"
    },
    {
        "start": 133922,
        "stop": 134622,
        "text": "そしていつか笑うこのままの心に 音をつく"
    },
    {
        "start": 134622,
        "stop": 136222,
        "text": "トイレットウィンの言葉を探してつどみ込めた それでも叶えた時間を作れるよ 空に広るように"
    },
    {
        "start": 136222,
        "stop": 136822,
        "text": "どうだ? 笑う"
    },
    {
        "start": 136822,
        "stop": 137822,
        "text": "お? 兄…"
    },
    {
        "start": 137822,
        "stop": 138422,
        "text": "シロ? もう朝だ… 俺? どうしたんです? シロ!"
    },
    {
        "start": 138422,
        "stop": 139122,
        "text": "兄…兄出てきて… シロ…一人にしないで…"
    },
    {
        "start": 139122,
        "stop": 140022,
        "text": "兄って誰ですの? その人を連れてくれば…"
    },
    {
        "start": 140022,
        "stop": 140522,
        "text": "嘘… 嘘…"
    },
    {
        "start": 140522,
        "stop": 141022,
        "text": "シロ…どうしたんですの?"
    },
    {
        "start": 141022,
        "stop": 141922,
        "text": "ステフ…兄… ソラは…どこ?"
    },
    {
        "start": 141922,
        "stop": 142522,
        "text": "ソラ…? 名前…ですわよね…"
    },
    {
        "start": 142522,
        "stop": 143322,
        "text": "誰ですの? 兄の手を離さない…シロの魂ごと話してしまう気がするから…"
    },
    {
        "start": 143322,
        "stop": 143922,
        "text": "さよなら僕らきっとまで変われるから…"
    },
    {
        "start": 143922,
        "stop": 144122,
        "text": "ご視聴ありがとうございました!"
    }
]