[
    {
        "start": 0,
        "stop": 354,
        "text": "そろそろ動くかな?最初の駒が…"
    },
    {
        "start": 354,
        "stop": 760,
        "text": "問い、それ、リバニティの滅亡を遺するか?"
    },
    {
        "start": 760,
        "stop": 1142,
        "text": "あるいは、ついに何時が動くことを遺するか?"
    },
    {
        "start": 1142,
        "stop": 1556,
        "text": "やれやれ、盗み聞きなんて、あんまり褒められた趣味じゃない?"
    },
    {
        "start": 1556,
        "stop": 2034,
        "text": "おい、リバニティ真王決定前、事情変動の感想。"
    },
    {
        "start": 2034,
        "stop": 2336,
        "text": "何時か、自分の話を聞いてみよう。"
    },
    {
        "start": 2336,
        "stop": 2456,
        "text": "そうか。"
    },
    {
        "start": 2456,
        "stop": 3388,
        "text": "ほんと、君たちっては退屈だよね。破れ落ちた神。イクシード一階序列一位、オールドデウス。"
    },
    {
        "start": 3388,
        "stop": 4012,
        "text": "僕は誰の味方でもない。君たちは、せいぜい無意なゲームを続けてないわ。"
    },
    {
        "start": 4224,
        "stop": 4676,
        "text": "彼らは来るよ。僕はタイトルを守るよ。"
    },
    {
        "start": 4676,
        "stop": 4996,
        "text": "君達は、たぶん、人間を守る。"
    },
    {
        "start": 4996,
        "stop": 5452,
        "text": "彼らは来るよ。僕は他もとまで。"
    },
    {
        "start": 6016,
        "stop": 6616,
        "text": "あの二人ならエルキアを。そう思っていた時期が私にもありましたわ。"
    },
    {
        "start": 6616,
        "stop": 7576,
        "text": "なのに!即以後は私や大事に仕事を投げまくり、自分達は日がない一日ゲームや特殊サンマイ!"
    },
    {
        "start": 7656,
        "stop": 7856,
        "text": "今日こそは!"
    },
    {
        "start": 7956,
        "stop": 8156,
        "text": "今日こそは許しませんわ!"
    },
    {
        "start": 8256,
        "stop": 8456,
        "text": "(音楽)"
    },
    {
        "start": 8456,
        "stop": 8656,
        "text": "(音楽)"
    },
    {
        "start": 8656,
        "stop": 8856,
        "text": "(音楽)"
    },
    {
        "start": 8856,
        "stop": 9056,
        "text": "(音楽)"
    },
    {
        "start": 9156,
        "stop": 9356,
        "text": "(音楽)"
    },
    {
        "start": 9456,
        "stop": 9656,
        "text": "(音楽)"
    },
    {
        "start": 9756,
        "stop": 9956,
        "text": "(音楽)"
    },
    {
        "start": 9956,
        "stop": 10156,
        "text": "(音楽)"
    },
    {
        "start": 10156,
        "stop": 10356,
        "text": "(音楽)"
    },
    {
        "start": 10456,
        "stop": 10656,
        "text": "(音楽)"
    },
    {
        "start": 10656,
        "stop": 10856,
        "text": "(音楽)"
    },
    {
        "start": 10856,
        "stop": 11056,
        "text": "(音楽)"
    },
    {
        "start": 11056,
        "stop": 11256,
        "text": "(音楽)"
    },
    {
        "start": 11256,
        "stop": 11456,
        "text": "(音楽)"
    },
    {
        "start": 11456,
        "stop": 11656,
        "text": "(音楽)"
    },
    {
        "start": 11656,
        "stop": 11856,
        "text": "(音楽)"
    },
    {
        "start": 11956,
        "stop": 12156,
        "text": "(音楽)"
    },
    {
        "start": 12156,
        "stop": 12356,
        "text": "(音楽)"
    },
    {
        "start": 12356,
        "stop": 12556,
        "text": "(音楽)"
    },
    {
        "start": 12556,
        "stop": 13090,
        "text": "するのは完全勝利の運命なりもかも"
    },
    {
        "start": 13090,
        "stop": 13450,
        "text": "計算通り変eltやる!"
    },
    {
        "start": 13450,
        "stop": 13816,
        "text": "止まらないクエックゼー!"
    },
    {
        "start": 13816,
        "stop": 14088,
        "text": "みんなまでに!"
    },
    {
        "start": 14088,
        "stop": 14460,
        "text": "食えたいなんていらないように!"
    },
    {
        "start": 14460,
        "stop": 14796,
        "text": "どんな理事 踊っても"
    },
    {
        "start": 14796,
        "stop": 15090,
        "text": "勝てないだけの話だ!"
    },
    {
        "start": 15090,
        "stop": 15760,
        "text": "また 元気と才能が無敗さらう!"
    },
    {
        "start": 15760,
        "stop": 16352,
        "text": "生まれ直した命で楽しむさ!"
    },
    {
        "start": 16406,
        "stop": 17120,
        "text": "自分だけは 自分信じてる!"
    },
    {
        "start": 17120,
        "stop": 17390,
        "text": "みんなまでに!"
    },
    {
        "start": 17390,
        "stop": 18090,
        "text": "食えたいなんていらないように!"
    },
    {
        "start": 18090,
        "stop": 18480,
        "text": "さあお二人とも 国王のお仕事の時間ですわよ!"
    },
    {
        "start": 18480,
        "stop": 19004,
        "text": "なぜだ?この部屋は朝日の刺さない黄金リッチのはずなのに!"
    },
    {
        "start": 19004,
        "stop": 19120,
        "text": "もうお昼ですわ!"
    },
    {
        "start": 19120,
        "stop": 19362,
        "text": "まだ深夜三十六時…"
    },
    {
        "start": 19362,
        "stop": 19506,
        "text": "どんな単位ですの!?"
    },
    {
        "start": 19506,
        "stop": 19838,
        "text": "もう貴重な書物をこんなに散らかして!"
    },
    {
        "start": 19838,
        "stop": 20274,
        "text": "なあ お前のじいさんの部屋に戻しといてくれ…"
    },
    {
        "start": 20274,
        "stop": 20528,
        "text": "あの部屋は今お前の家だって!"
    },
    {
        "start": 20528,
        "stop": 20674,
        "text": "お前の家だって!"
    },
    {
        "start": 20674,
        "stop": 20988,
        "text": "お前のじいさんの部屋に戻しといてくれ…"
    },
    {
        "start": 20988,
        "stop": 21292,
        "text": "あの部屋は今はあなた方のものですわよ!"
    },
    {
        "start": 21292,
        "stop": 21754,
        "text": "歴代の王が過ごした優秀正しき部屋を 勝手に引き払うなんて!"
    },
    {
        "start": 21754,
        "stop": 22216,
        "text": "あそこベッドが傾いてて寝にくいんだよ!"
    },
    {
        "start": 22216,
        "stop": 22404,
        "text": "やはり太にかぎろ…"
    },
    {
        "start": 22404,
        "stop": 22612,
        "text": "なんで二度寝するんですの!?"
    },
    {
        "start": 22612,
        "stop": 23212,
        "text": "これが今に二三百万の命を預かる国王かと思うと 恥ずかしくて仕方ありませんわ!"
    },
    {
        "start": 23212,
        "stop": 23370,
        "text": "恥ずかしい…"
    },
    {
        "start": 23370,
        "stop": 23534,
        "text": "そう思うなら結構"
    },
    {
        "start": 23534,
        "stop": 23708,
        "text": "それがお前の見解だ!"
    },
    {
        "start": 23708,
        "stop": 23980,
        "text": "元の世界だろうが異世界だろうが!"
    },
    {
        "start": 23980,
        "stop": 24214,
        "text": "空白に労働の二文字はない!"
    },
    {
        "start": 24214,
        "stop": 24374,
        "text": "あまり人類を…"
    },
    {
        "start": 24374,
        "stop": 24532,
        "text": "なめるんじゃねえ!"
    },
    {
        "start": 24532,
        "stop": 24898,
        "text": "そんな人類ならもう一度滅びた方がいいですわ!"
    },
    {
        "start": 24898,
        "stop": 25246,
        "text": "今度ばかりは感人袋の方が切れましたわよ!"
    },
    {
        "start": 25246,
        "stop": 25364,
        "text": "ソラン!"
    },
    {
        "start": 25364,
        "stop": 25564,
        "text": "私と勝負なさい!"
    },
    {
        "start": 25564,
        "stop": 25646,
        "text": "はあ…"
    },
    {
        "start": 25778,
        "stop": 26154,
        "text": "俺にゲームを挑む…ってことか…"
    },
    {
        "start": 26154,
        "stop": 26436,
        "text": "えっ… そ…その通りですわ!"
    },
    {
        "start": 26436,
        "stop": 27188,
        "text": "宙の名薬その後、ゲーム内容は挑まれた方が 決定権を有する…本気?"
    },
    {
        "start": 27188,
        "stop": 27288,
        "text": "ええ…"
    },
    {
        "start": 27288,
        "stop": 28072,
        "text": "そ、でもまさか人類最強のゲーマー様が 私ごとき相手に自分の得意なゲームを指定するつもりですの!?"
    },
    {
        "start": 28072,
        "stop": 28382,
        "text": "いいぜ、好きなゲームを選ばせてやる…"
    },
    {
        "start": 28382,
        "stop": 28576,
        "text": "で、賭けるものは?"
    },
    {
        "start": 28576,
        "stop": 28808,
        "text": "私が勝ったらソラには…"
    },
    {
        "start": 28808,
        "stop": 29008,
        "text": "魔人間になってもらいますわ!"
    },
    {
        "start": 29408,
        "stop": 29524,
        "text": "あ、あの…"
    },
    {
        "start": 29524,
        "stop": 30002,
        "text": "そうか、宙の名薬が絶対遵守ならそういう要求も叶えられる!"
    },
    {
        "start": 30002,
        "stop": 30074,
        "text": "ならば…"
    },
    {
        "start": 30074,
        "stop": 30470,
        "text": "頼ませ!魔人間ではなくリ、リア宙に要求を変更してくれ!"
    },
    {
        "start": 30470,
        "stop": 30564,
        "text": "リア宙?"
    },
    {
        "start": 30564,
        "stop": 31128,
        "text": "うん!魔人間の遥か上位にする存在だ!さっすぐやるぞ! 俺は全力で負ける!"
    },
    {
        "start": 31298,
        "stop": 31560,
        "text": "ねぇ、白以外に負けたらね!"
    },
    {
        "start": 31560,
        "stop": 31910,
        "text": "な、い、妹よ!アイのリア宙街道に立ち塞がるというのか!"
    },
    {
        "start": 31994,
        "stop": 32376,
        "text": "空白に…敗北は認められない…"
    },
    {
        "start": 32376,
        "stop": 32476,
        "text": "シャンマンだ!"
    },
    {
        "start": 32640,
        "stop": 32958,
        "text": "まともにゲームして俺がステフに負けるなんてありえねぇのに…"
    },
    {
        "start": 32958,
        "stop": 33040,
        "text": "ちょっと!"
    },
    {
        "start": 33040,
        "stop": 33178,
        "text": "ゲー!ステフ!"
    },
    {
        "start": 33178,
        "stop": 33646,
        "text": "万一つ!いやもう巨数の金田にしかないお前が勝てる可能性に俺は賭ける!"
    },
    {
        "start": 33846,
        "stop": 34228,
        "text": "言ってくれますわね!勝負するゲームは!"
    },
    {
        "start": 34492,
        "stop": 34636,
        "text": "ブラックジャック?"
    },
    {
        "start": 34690,
        "stop": 35050,
        "text": "リーダーは私、ソラはプレイヤーで構いませんわね!"
    },
    {
        "start": 35172,
        "stop": 35372,
        "text": "って、絶望に満ちた溜息!?"
    },
    {
        "start": 35458,
        "stop": 35622,
        "text": "ただに興味すら損失!?"
    },
    {
        "start": 35622,
        "stop": 36260,
        "text": "あんま!ブラックジャックは完全に運の勝負で、ソラのイカ様も小雑貨新作も無意味ですのよ!"
    },
    {
        "start": 36260,
        "stop": 36518,
        "text": "ほら、やりますわよ!アッシャンデー!"
    },
    {
        "start": 36518,
        "stop": 36616,
        "text": "アッシャンデー…"
    },
    {
        "start": 36698,
        "stop": 37322,
        "text": "かかりましたわね!運の勝負?そんなつもり、さらさらありませんわ!"
    },
    {
        "start": 37426,
        "stop": 37796,
        "text": "そう、イカ様は発覚しなければ迷惑に反しない、"
    },
    {
        "start": 37796,
        "stop": 38294,
        "text": "密かに練習していたこの技で、その鼻っ端を叩き落としやりますわ!"
    },
    {
        "start": 38294,
        "stop": 38758,
        "text": "我が孫よ、最弱ゆえに知恵を持って強者と当たりあう。"
    },
    {
        "start": 38758,
        "stop": 39156,
        "text": "それこそが、人類の希望なのじゃ、なのじゃ、なのじゃ…"
    },
    {
        "start": 39220,
        "stop": 39686,
        "text": "これこそおじい様が信じ、ソラが見せた人類の可能性というものですわ!"
    },
    {
        "start": 39752,
        "stop": 39840,
        "text": "ヒット!"
    },
    {
        "start": 40106,
        "stop": 40206,
        "text": "スタンド!"
    },
    {
        "start": 40562,
        "stop": 40690,
        "text": "21ですわ!"
    },
    {
        "start": 40744,
        "stop": 40876,
        "text": "19だ…"
    },
    {
        "start": 41110,
        "stop": 41382,
        "text": "ふん、勝負はこれからですわ!"
    },
    {
        "start": 41942,
        "stop": 42120,
        "text": "ヒュッピー…"
    },
    {
        "start": 42192,
        "stop": 42730,
        "text": "さあ、ラストゲームですわね。もっとも、勝負は見えているようですけど?"
    },
    {
        "start": 42796,
        "stop": 43262,
        "text": "ブラックジャックは、プレイヤーが有利に展開できる珍しいゲームだ。"
    },
    {
        "start": 43262,
        "stop": 43410,
        "text": "それが何か?"
    },
    {
        "start": 43410,
        "stop": 43978,
        "text": "ディーラーは必ず手札が17以上にならなきゃいけないから、バストする可能性も高い。"
    },
    {
        "start": 44064,
        "stop": 44484,
        "text": "なのにお前は一度もしてない。大した運だな。"
    },
    {
        "start": 44706,
        "stop": 44814,
        "text": "スタンド!"
    },
    {
        "start": 44892,
        "stop": 45196,
        "text": "戦意喪失ですの?カードも水に!"
    },
    {
        "start": 45266,
        "stop": 45542,
        "text": "どうやら、勝負ありですわね!"
    },
    {
        "start": 45542,
        "stop": 45764,
        "text": "はぁ…勝負ありだ。"
    },
    {
        "start": 46076,
        "stop": 46556,
        "text": "ナチュラルブラックジャックの場合、ベットは2.5倍。俺の勝ちだ。"
    },
    {
        "start": 46702,
        "stop": 46960,
        "text": "そんな、人類の可能性が!"
    },
    {
        "start": 46960,
        "stop": 47160,
        "text": "スティーフ、我が孫よ。"
    },
    {
        "start": 47160,
        "stop": 47298,
        "text": "おじい様!"
    },
    {
        "start": 47298,
        "stop": 47704,
        "text": "相手が同じ人類の場合は、どうしようもないの。ないの…"
    },
    {
        "start": 47704,
        "stop": 47836,
        "text": "ちょっ、おじい様!"
    },
    {
        "start": 47898,
        "stop": 48040,
        "text": "おじい様!"
    },
    {
        "start": 48040,
        "stop": 48188,
        "text": "なんて虚しい賞。"
    },
    {
        "start": 48188,
        "stop": 48468,
        "text": "ディーラー中なんて、そもそも都市伝説…"
    },
    {
        "start": 48468,
        "stop": 48824,
        "text": "たっとくいきませんわ!どうして私が負けなきゃいけないんですの!?"
    },
    {
        "start": 48824,
        "stop": 49240,
        "text": "あれれ、ブラックジャックは純粋な運の勝負じゃなかったの?"
    },
    {
        "start": 49240,
        "stop": 49296,
        "text": "うん!"
    },
    {
        "start": 49406,
        "stop": 49580,
        "text": "カードカウンティングだ。"
    },
    {
        "start": 49580,
        "stop": 49884,
        "text": "カードカウ…なんですの?"
    },
    {
        "start": 49884,
        "stop": 50812,
        "text": "カードを数値化して数えることだ。2から6なら1。10点札ならマイナス1。7から9は0って考える。"
    },
    {
        "start": 50812,
        "stop": 51524,
        "text": "場に出されたカードの点数から、残りのカードを予測して、次に出るだろうカードの確率を数学的に割り出すんだ。"
    },
    {
        "start": 51638,
        "stop": 52134,
        "text": "数学はゲームに…そんな考え方があったなんて…"
    },
    {
        "start": 52190,
        "stop": 52270,
        "text": "あ?"
    },
    {
        "start": 52270,
        "stop": 52478,
        "text": "それってイカ様じゃないんですの!?"
    },
    {
        "start": 52478,
        "stop": 52894,
        "text": "イカ様ってのはお前がやってたフォールスシャッフルだろ?"
    },
    {
        "start": 52982,
        "stop": 53122,
        "text": "気づいてたんですの!"
    },
    {
        "start": 53122,
        "stop": 53346,
        "text": "おかげでカウントしやすかったぜ。"
    },
    {
        "start": 53346,
        "stop": 53830,
        "text": "はぁー!イカ様を逆に利用されて任されたなんて!"
    },
    {
        "start": 53830,
        "stop": 53918,
        "text": "はぁー!"
    },
    {
        "start": 53990,
        "stop": 54170,
        "text": "おい、どこ行くんだ?"
    },
    {
        "start": 54170,
        "stop": 54614,
        "text": "仕事ですわ。先日ソラが提示した政策があったでしょう。"
    },
    {
        "start": 54614,
        "stop": 54938,
        "text": "それに反対する貴族との会談がこれから。"
    },
    {
        "start": 54938,
        "stop": 55234,
        "text": "うーん、思ったより遅かったな。"
    },
    {
        "start": 55234,
        "stop": 55462,
        "text": "じゃあ一長王様らしいことしてやるよ。"
    },
    {
        "start": 55462,
        "stop": 55558,
        "text": "はぁー!"
    },
    {
        "start": 55558,
        "stop": 55702,
        "text": "ふふふ…。"
    },
    {
        "start": 55870,
        "stop": 56390,
        "text": "お、お前たちの名門貴族に対して、こんな招傍が許されると思うなよ!"
    },
    {
        "start": 56390,
        "stop": 56638,
        "text": "元名門貴族だろ。"
    },
    {
        "start": 56638,
        "stop": 57130,
        "text": "借位、土地資産、利権、全部巻き上げられたんだから。"
    },
    {
        "start": 57130,
        "stop": 57878,
        "text": "まあ、急激に改革を進めたらこういう連中が出てくるのも当然、今までなかったのが不思議なくらいだ。"
    },
    {
        "start": 57878,
        "stop": 58510,
        "text": "それにしたってやり方がきちぐすぎますわ。今までせっかく平和的に抑えてましたのに。"
    },
    {
        "start": 58510,
        "stop": 58710,
        "text": "え、抑えてた?"
    },
    {
        "start": 58710,
        "stop": 59498,
        "text": "王家直下土で大規模実験をして得たデータから、同ら家の派閥に連なる大貴族たちに利権を流してましたの。"
    },
    {
        "start": 59498,
        "stop": 60566,
        "text": "その実績をもとに、他の派閥の大規則を建設しつつ、水面下で中小諸行たちを切り崩し、少しずつ反対派の力を削ぎ落としてきたんですわ。"
    },
    {
        "start": 60566,
        "stop": 61162,
        "text": "最後に先ほどの方々を引き入れれば、無欠で全勢力の取り込みが完成しましたのに。"
    },
    {
        "start": 61162,
        "stop": 61362,
        "text": "え、どうかしたんですの?"
    },
    {
        "start": 61362,
        "stop": 61830,
        "text": "ま、ま、まさかと思うが、ステフって、実は、バカじゃない!"
    },
    {
        "start": 61830,
        "stop": 62074,
        "text": "今まで何だと思ってたんですの!"
    },
    {
        "start": 62074,
        "stop": 62302,
        "text": "いや、だってステフってステフだ。"
    },
    {
        "start": 62302,
        "stop": 62694,
        "text": "ステフを別称みたいに使ってるのは気のせいですの?気のせいですの?"
    },
    {
        "start": 62694,
        "stop": 62882,
        "text": "ステフのくせに生意気。"
    },
    {
        "start": 62882,
        "stop": 63310,
        "text": "何ですの!?その歴史上類を見ないほどに大盲なバトーは!?"
    },
    {
        "start": 63310,
        "stop": 64070,
        "text": "これでも、国内最高のアカデミーを主席で卒業しましたし、同級生として各家とのバイブも保持してるんですよ。"
    },
    {
        "start": 64070,
        "stop": 64210,
        "text": "え!?"
    },
    {
        "start": 64210,
        "stop": 64554,
        "text": "学校、卒業、友達たくさん。"
    },
    {
        "start": 64554,
        "stop": 64914,
        "text": "よく考えれば、おそらくで金持ち。"
    },
    {
        "start": 64914,
        "stop": 65118,
        "text": "おっぱいも、おっきい。"
    },
    {
        "start": 65118,
        "stop": 65318,
        "text": "そ、そら、シロ!?"
    },
    {
        "start": 65318,
        "stop": 65838,
        "text": "さっきのゲーム、ステフに何をさせるかまだ決めてなかったよ。"
    },
    {
        "start": 65838,
        "stop": 66138,
        "text": "ステフやるべし、慈悲はない。"
    },
    {
        "start": 66138,
        "stop": 66650,
        "text": "え、ちょ、ま、いやー!"
    },
    {
        "start": 67626,
        "stop": 67726,
        "text": "ひどすぎ!"
    },
    {
        "start": 67726,
        "stop": 67790,
        "text": "あ。"
    },
    {
        "start": 67790,
        "stop": 68118,
        "text": "え、シロ、間違っても手を離すなよ!"
    },
    {
        "start": 68118,
        "stop": 68606,
        "text": "おいこそ、そらの方から街に出るって言い出しといて何なんですの?"
    },
    {
        "start": 68606,
        "stop": 68806,
        "text": "よう、用事があるんだよ。"
    },
    {
        "start": 69106,
        "stop": 69406,
        "text": "て、なんか周りの視線おかしくね?"
    },
    {
        "start": 69406,
        "stop": 69606,
        "text": "それは!"
    },
    {
        "start": 69606,
        "stop": 69906,
        "text": "こんな格好してたら当たり前ですわ!"
    },
    {
        "start": 69906,
        "stop": 70306,
        "text": "せめて、もう少しマシな余気はなかったんですわ!"
    },
    {
        "start": 70306,
        "stop": 70406,
        "text": "ステフ、お手。"
    },
    {
        "start": 70406,
        "stop": 70606,
        "text": "ふっ、逆らえないですわ!"
    },
    {
        "start": 70606,
        "stop": 71206,
        "text": "それがルール。名訳により、今日一日ステフはシロたちの犬。"
    },
    {
        "start": 71206,
        "stop": 71306,
        "text": "あおー!"
    },
    {
        "start": 71306,
        "stop": 71906,
        "text": "いや、お前の格好もおかしいんだが、なんか連中、おびえためしてね。"
    },
    {
        "start": 71906,
        "stop": 72506,
        "text": "そんなの、エルキアの王がワービーストの格好をさせた人形を連れてたら当然ですわ!"
    },
    {
        "start": 72606,
        "stop": 73006,
        "text": "待て、その姿がワービーストなの!?"
    },
    {
        "start": 73006,
        "stop": 74106,
        "text": "イクシード遺怪序列14位、世界第3位の大国、トーブ連合を領土とし、優れた身体性の度古感、そして心際4という第6感と呼ばれる感覚を有する。"
    },
    {
        "start": 74106,
        "stop": 74306,
        "text": "つまり、トーブ連合は…"
    },
    {
        "start": 74306,
        "stop": 74706,
        "text": "ケモミオヤノコで埋み尽くされたエナンだというのか!?"
    },
    {
        "start": 74706,
        "stop": 74906,
        "text": "いえ、男性やお年寄りも…"
    },
    {
        "start": 74906,
        "stop": 75406,
        "text": "うおおおおおお!よし、それだ!そのアルカーディアオールドモンドは、ケモミイコたちを制服しに行く!"
    },
    {
        "start": 75406,
        "stop": 75506,
        "text": "今!なあ…"
    },
    {
        "start": 75506,
        "stop": 75806,
        "text": "え、ちょ、相手は世界第3位の大国ですのよ!"
    },
    {
        "start": 75806,
        "stop": 76306,
        "text": "黙れ!天然ケモミミゲットという我がハード、貴様ごときエセミミがはばめるものか!"
    },
    {
        "start": 76306,
        "stop": 76806,
        "text": "ケモミミ王国が…俺を待っているのだ。"
    },
    {
        "start": 76906,
        "stop": 77006,
        "text": "ん?"
    },
    {
        "start": 77006,
        "stop": 77106,
        "text": "兄、その前に…"
    },
    {
        "start": 77106,
        "stop": 77306,
        "text": "あっ、そうだったな。"
    },
    {
        "start": 77306,
        "stop": 77406,
        "text": "よし、行くぞ妹よ!"
    },
    {
        "start": 77406,
        "stop": 77506,
        "text": "ガッテン!"
    },
    {
        "start": 77506,
        "stop": 77706,
        "text": "ちょっと待って!"
    },
    {
        "start": 77806,
        "stop": 77906,
        "text": "うっ…あ!"
    },
    {
        "start": 78006,
        "stop": 78106,
        "text": "ホーチ!?"
    },
    {
        "start": 78406,
        "stop": 78806,
        "text": "うう…しかし、なんの収穫もなかったな。"
    },
    {
        "start": 78806,
        "stop": 79006,
        "text": "この国変…"
    },
    {
        "start": 79006,
        "stop": 79306,
        "text": "だよな…ん?"
    },
    {
        "start": 79306,
        "stop": 79606,
        "text": "ん?あんまりうまくないな、これ。"
    },
    {
        "start": 79606,
        "stop": 79906,
        "text": "砂糖とか、物資も不足気味だから…"
    },
    {
        "start": 79906,
        "stop": 80406,
        "text": "ステフのクッキーがうまかったのは、材料をうまくやりくりしてたってことか。"
    },
    {
        "start": 80406,
        "stop": 80706,
        "text": "見つけましたわぁ!"
    },
    {
        "start": 80706,
        "stop": 80906,
        "text": "あっ、ステフ、どこ行ってたんだ?"
    },
    {
        "start": 80906,
        "stop": 81606,
        "text": "はぁって何ですの?はぁって。人をこんな格好で街中に放置しておいて、まさか通電道忘れるですの!?"
    },
    {
        "start": 81606,
        "stop": 81906,
        "text": "ステフ許せ、お座り。"
    },
    {
        "start": 81906,
        "stop": 82306,
        "text": "うぅ…お座りさせて許せっていい種の暴力ですわよね!"
    },
    {
        "start": 82306,
        "stop": 82706,
        "text": "やはりだめですわ。この兄弟、早く何とかしないと。"
    },
    {
        "start": 82706,
        "stop": 83506,
        "text": "でも、私がこの二人に勝てるとしたら、数学なんて介入する余地もない、本当に純粋な運勝部のみ。"
    },
    {
        "start": 83506,
        "stop": 83606,
        "text": "ならば…"
    },
    {
        "start": 83606,
        "stop": 83806,
        "text": "そら、もう一度勝負ですわ。"
    },
    {
        "start": 83806,
        "stop": 84106,
        "text": "まじかよ。今度は何をかけるんだ?"
    },
    {
        "start": 84106,
        "stop": 84606,
        "text": "もちろん、この国のため、朝と同じくそらの野獣化ですわ!"
    },
    {
        "start": 84606,
        "stop": 84806,
        "text": "ステフ、信じて!"
    },
    {
        "start": 84806,
        "stop": 85406,
        "text": "シルが空白として受ける。ステフが負けたら、シルの命令一つ聞く。"
    },
    {
        "start": 85406,
        "stop": 85706,
        "text": "そんな、いまという…"
    },
    {
        "start": 85706,
        "stop": 86006,
        "text": "構いませんわ。勝負内容は。"
    },
    {
        "start": 86006,
        "stop": 86406,
        "text": "あの路地を次に通るのは男か女か!ですわ!"
    },
    {
        "start": 86406,
        "stop": 86606,
        "text": "10回勝負。"
    },
    {
        "start": 86606,
        "stop": 86806,
        "text": "あっ、先生!"
    },
    {
        "start": 86906,
        "stop": 87206,
        "text": "おかしいですわ!"
    },
    {
        "start": 87206,
        "stop": 87706,
        "text": "あそこを通る人ら、何の目的もなしに歩いてると思うか?"
    },
    {
        "start": 87706,
        "stop": 87806,
        "text": "え?"
    },
    {
        "start": 87806,
        "stop": 88206,
        "text": "俺が観察した傾向に、シロがこの区画の時間別男女費、"
    },
    {
        "start": 88206,
        "stop": 88706,
        "text": "就業率、業務内容なんかのデータを当てはめ、男女費を予測したんだよ。"
    },
    {
        "start": 88706,
        "stop": 88806,
        "text": "はい。"
    },
    {
        "start": 88806,
        "stop": 89106,
        "text": "ど…どこまで本気なんですの、二人とも?"
    },
    {
        "start": 89106,
        "stop": 89506,
        "text": "愚問だな。ことゲームに関しちゃ、どこまでも!"
    },
    {
        "start": 89506,
        "stop": 89706,
        "text": "どこまでも!"
    },
    {
        "start": 89706,
        "stop": 90306,
        "text": "というわけで、ステフのパンツ、ボッシュート。"
    },
    {
        "start": 90406,
        "stop": 90906,
        "text": "う、うう、私、こんなにも汚れてしまったんですのね。"
    },
    {
        "start": 90906,
        "stop": 91306,
        "text": "なあ、シロ、さすがに見てるこっちがへこむんだが。"
    },
    {
        "start": 91306,
        "stop": 91706,
        "text": "シロ、11歳。子供だから、分かんない。"
    },
    {
        "start": 91706,
        "stop": 92106,
        "text": "機嫌悪くないか。やたらステフにもガチみたいだし。"
    },
    {
        "start": 92106,
        "stop": 92306,
        "text": "別に…"
    },
    {
        "start": 92306,
        "stop": 92806,
        "text": "勝負はこれからですわ!私はまだ全然本気を出していませんわよー!"
    },
    {
        "start": 92806,
        "stop": 93006,
        "text": "いや、お前は常に全力全開だろ。"
    },
    {
        "start": 93006,
        "stop": 93106,
        "text": "いきますわよ!"
    },
    {
        "start": 93206,
        "stop": 93306,
        "text": "あしゃって!"
    },
    {
        "start": 93306,
        "stop": 95506,
        "text": " meringue"
    },
    {
        "start": 95506,
        "stop": 95606,
        "text": "うん"
    },
    {
        "start": 95606,
        "stop": 95706,
        "text": "うん"
    },
    {
        "start": 95706,
        "stop": 95806,
        "text": "ん?"
    },
    {
        "start": 95806,
        "stop": 95906,
        "text": "はっはー"
    },
    {
        "start": 95906,
        "stop": 96306,
        "text": "もう一度、もう一度勝負ですわ"
    },
    {
        "start": 96306,
        "stop": 96506,
        "text": "お前もギリギリだぞ"
    },
    {
        "start": 96506,
        "stop": 97006,
        "text": "ふう、命の勝利のためなら、いいときの敗北も恥も安いものですわ"
    },
    {
        "start": 97006,
        "stop": 97506,
        "text": "いや、エルキアがここまで追い詰められた理由がなんとなくわかったわ"
    },
    {
        "start": 97506,
        "stop": 97806,
        "text": "今度こそ完全無欠に運勝負ですわ"
    },
    {
        "start": 97806,
        "stop": 98106,
        "text": "あの鳥が何秒後に飛び立つか"
    },
    {
        "start": 98106,
        "stop": 98506,
        "text": "ふう、いいよ、先にかけさせてやる"
    },
    {
        "start": 98506,
        "stop": 98806,
        "text": "あっしんて、相難秒"
    },
    {
        "start": 98806,
        "stop": 99006,
        "text": "えっ、あっしんて"
    },
    {
        "start": 99006,
        "stop": 99306,
        "text": "じゃあ30秒ですわ"
    },
    {
        "start": 99306,
        "stop": 99606,
        "text": "じゃあ俺は、3秒だ"
    },
    {
        "start": 99606,
        "stop": 99906,
        "text": "ちょ、反則ですわよ"
    },
    {
        "start": 99906,
        "stop": 100206,
        "text": "そんなルールは設定してない、だろ"
    },
    {
        "start": 100206,
        "stop": 100606,
        "text": "スティーフ、もう諦める"
    },
    {
        "start": 100606,
        "stop": 100706,
        "text": "なんで"
    },
    {
        "start": 100706,
        "stop": 101206,
        "text": "なんで私は勝てないんですの"
    },
    {
        "start": 101206,
        "stop": 101706,
        "text": "エルキアのイマニティのため、たった一度の強点すら私はつかめませんの"
    },
    {
        "start": 101706,
        "stop": 101906,
        "text": "スティーフ"
    },
    {
        "start": 102106,
        "stop": 102406,
        "text": "この世に運なんて存在しない"
    },
    {
        "start": 102406,
        "stop": 102506,
        "text": "えっ"
    },
    {
        "start": 102506,
        "stop": 102806,
        "text": "ルール・前提・心理状態"
    },
    {
        "start": 102806,
        "stop": 103206,
        "text": "そんな無数の見えない変数がもたらす予測できない必然で"
    },
    {
        "start": 103206,
        "stop": 103506,
        "text": "ゲームの勝敗は、あんまり一つないわ"
    },
    {
        "start": 103506,
        "stop": 104006,
        "text": "偶然で、ゲームの勝敗は始める前には終わってるんだ"
    },
    {
        "start": 104006,
        "stop": 104206,
        "text": "偶然なんてない"
    },
    {
        "start": 104206,
        "stop": 104706,
        "text": "例えば、ジョーカー抜きのデッキからスペードのエースを引く確率は?"
    },
    {
        "start": 104706,
        "stop": 105006,
        "text": "それは、五十二分の一では"
    },
    {
        "start": 105006,
        "stop": 105206,
        "text": "普通に考えたらな"
    },
    {
        "start": 105206,
        "stop": 105506,
        "text": "なら、これが新品のデッキだったらどうだ?"
    },
    {
        "start": 105506,
        "stop": 105806,
        "text": "新品の初期配置はある程度決まっている"
    },
    {
        "start": 105806,
        "stop": 106106,
        "text": "ジョーカーを抜いて一番下のカードを選べば"
    },
    {
        "start": 106106,
        "stop": 106406,
        "text": "ほぼ100%スペードのエースだ"
    },
    {
        "start": 106406,
        "stop": 106506,
        "text": "でも…"
    },
    {
        "start": 106506,
        "stop": 106906,
        "text": "ああ、新品のトランプとは俺は一言も言ってない"
    },
    {
        "start": 106906,
        "stop": 107206,
        "text": "つまり、知らなかっただろ"
    },
    {
        "start": 107206,
        "stop": 107706,
        "text": "知ってれば1.92%の可能性が100%に変わる"
    },
    {
        "start": 107706,
        "stop": 108206,
        "text": "要するに、知ってる奴が必然的に勝ちをもぎ取っていくんだよ"
    },
    {
        "start": 108206,
        "stop": 108606,
        "text": "それがおまえやイマニティが負け続けてきた理由で"
    },
    {
        "start": 108606,
        "stop": 108806,
        "text": "俺らが積んでる理由でもある"
    },
    {
        "start": 108806,
        "stop": 109006,
        "text": "えっ、積んでる?"
    },
    {
        "start": 109006,
        "stop": 109206,
        "text": "情報が足りない"
    },
    {
        "start": 109206,
        "stop": 109406,
        "text": "ケモミミ王国を攻めるにしても"
    },
    {
        "start": 109406,
        "stop": 109706,
        "text": "ワービーストの穴が全く見つからない"
    },
    {
        "start": 109706,
        "stop": 110106,
        "text": "わかってることといえば第六感が鋭いってことぐらいだ"
    },
    {
        "start": 110106,
        "stop": 110306,
        "text": "心を読む"
    },
    {
        "start": 110306,
        "stop": 110606,
        "text": "それが本当ならブラフも影弾きも通じない"
    },
    {
        "start": 110606,
        "stop": 110806,
        "text": "ゲームにすらならねんだよ"
    },
    {
        "start": 110806,
        "stop": 111206,
        "text": "王宮の本や資料を全部確かめても収穫がない上"
    },
    {
        "start": 111206,
        "stop": 111506,
        "text": "街には図書館も本屋もないときた"
    },
    {
        "start": 111506,
        "stop": 111706,
        "text": "やる気あんのかこの国"
    },
    {
        "start": 111706,
        "stop": 111806,
        "text": "あっ"
    },
    {
        "start": 111806,
        "stop": 112306,
        "text": "もしかして、即位してからずっとこの世界の情報を"
    },
    {
        "start": 112306,
        "stop": 112606,
        "text": "勝ち目もないのに攻め込むなんざ馬鹿のやることだ"
    },
    {
        "start": 112606,
        "stop": 112906,
        "text": "うっ、でも"
    },
    {
        "start": 112906,
        "stop": 113206,
        "text": "何かしなきゃ始まらないじゃないですの"
    },
    {
        "start": 113206,
        "stop": 113506,
        "text": "エルキアのために、たとえこの身を犠牲にしても"
    },
    {
        "start": 113506,
        "stop": 113706,
        "text": "できることは今すぐにでも"
    },
    {
        "start": 113806,
        "stop": 114106,
        "text": "一手でもしくじったら終わるんだよ"
    },
    {
        "start": 114106,
        "stop": 114206,
        "text": "はっ"
    },
    {
        "start": 114206,
        "stop": 114706,
        "text": "この国は、イマニティはそんくらい追い詰められてんの"
    },
    {
        "start": 114706,
        "stop": 114806,
        "text": "忘れんな"
    },
    {
        "start": 114906,
        "stop": 115306,
        "text": "この二人は、何も考えず遊んでいたわけじゃない"
    },
    {
        "start": 115306,
        "stop": 115606,
        "text": "イマニティ300万の命を背負って"
    },
    {
        "start": 115706,
        "stop": 116006,
        "text": "私は、そんなことにも気づかず"
    },
    {
        "start": 116106,
        "stop": 116506,
        "text": "まあ、そんなエルキアをギリギリのところでステフが"
    },
    {
        "start": 116506,
        "stop": 116706,
        "text": "支えてくれてたみたいだけどな"
    },
    {
        "start": 116706,
        "stop": 116806,
        "text": "え"
    },
    {
        "start": 117006,
        "stop": 117406,
        "text": "俺らの改革に対する反抗がやけに少ないなと思ったら"
    },
    {
        "start": 117406,
        "stop": 117606,
        "text": "ステフが抑えててくれたのな"
    },
    {
        "start": 117606,
        "stop": 117806,
        "text": "ステフ、できる子"
    },
    {
        "start": 117806,
        "stop": 118106,
        "text": "いや、あれマジで助かった"
    },
    {
        "start": 118106,
        "stop": 118206,
        "text": "サンキュな"
    },
    {
        "start": 118306,
        "stop": 118606,
        "text": "ソラ…シロ…"
    },
    {
        "start": 118706,
        "stop": 118806,
        "text": "まあなんだ"
    },
    {
        "start": 118806,
        "stop": 119106,
        "text": "これからもよろしくね、ステフ"
    },
    {
        "start": 119106,
        "stop": 119506,
        "text": "はい、はいですわー"
    },
    {
        "start": 119606,
        "stop": 119906,
        "text": "とはいえ、積んでるのは同じ"
    },
    {
        "start": 119906,
        "stop": 120206,
        "text": "唯一見えてる突破口も鍵がねーしな"
    },
    {
        "start": 120206,
        "stop": 120506,
        "text": "なんだ、急に黒く"
    },
    {
        "start": 120506,
        "stop": 120606,
        "text": "ああ"
    },
    {
        "start": 120706,
        "stop": 120806,
        "text": "わー"
    },
    {
        "start": 120906,
        "stop": 121006,
        "text": "すげー"
    },
    {
        "start": 121106,
        "stop": 121306,
        "text": "ラピュタは本当にあったんだ"
    },
    {
        "start": 121406,
        "stop": 121606,
        "text": "あれは、アバントヘイム"
    },
    {
        "start": 121606,
        "stop": 121806,
        "text": "ファンタズマの一体ですわ"
    },
    {
        "start": 121806,
        "stop": 122006,
        "text": "異界書列2位のか"
    },
    {
        "start": 122006,
        "stop": 122306,
        "text": "あんなのとどうゲームしろってんだ"
    },
    {
        "start": 122306,
        "stop": 122506,
        "text": "兄、あそこに"
    },
    {
        "start": 122506,
        "stop": 122706,
        "text": "ああ、あの天空都市にいるっていう"
    },
    {
        "start": 122706,
        "stop": 123006,
        "text": "フリューゲルを引き込むのが特策なんだが"
    },
    {
        "start": 123006,
        "stop": 123206,
        "text": "どうやってあそこまで行けば"
    },
    {
        "start": 123206,
        "stop": 123306,
        "text": "バッツ"
    },
    {
        "start": 123606,
        "stop": 123706,
        "text": "落ちないか"
    },
    {
        "start": 123706,
        "stop": 123906,
        "text": "こっちのサバはよく耐える"
    },
    {
        "start": 123906,
        "stop": 124206,
        "text": "フリューゲルなら近くに一人いますわよ"
    },
    {
        "start": 124206,
        "stop": 124306,
        "text": "え?"
    },
    {
        "start": 124306,
        "stop": 124706,
        "text": "そのー、5年ほど前国立エルキア大図書館に現れて"
    },
    {
        "start": 124706,
        "stop": 124906,
        "text": "おじいさん手のゲームで"
    },
    {
        "start": 124906,
        "stop": 125306,
        "text": "図書館ごと全蔵書巻き上げたんですのよ"
    },
    {
        "start": 125306,
        "stop": 125506,
        "text": "へー、図書館あったのか"
    },
    {
        "start": 125506,
        "stop": 125706,
        "text": "鉄意識を掛け皿に乗せるとか?"
    },
    {
        "start": 125706,
        "stop": 125806,
        "text": "ほら!"
    },
    {
        "start": 125806,
        "stop": 126006,
        "text": "人類唯一の武器だろゲッ!"
    },
    {
        "start": 126006,
        "stop": 126206,
        "text": "ステフ、お座り"
    },
    {
        "start": 126206,
        "stop": 126306,
        "text": "キタ?"
    },
    {
        "start": 126306,
        "stop": 126406,
        "text": "待て"
    },
    {
        "start": 126406,
        "stop": 126506,
        "text": "いやー!やめて!"
    },
    {
        "start": 126506,
        "stop": 126706,
        "text": "人が、人が見てますぞー!"
    },
    {
        "start": 126906,
        "stop": 127106,
        "text": "イクシード異界書列6位"
    },
    {
        "start": 127206,
        "stop": 127306,
        "text": "フリューゲル"
    },
    {
        "start": 127306,
        "stop": 127806,
        "text": "イニシエの大戦において作られた神を殺すための戦兵"
    },
    {
        "start": 127906,
        "stop": 128206,
        "text": "まさか、こんな近くにいるとはな"
    },
    {
        "start": 128206,
        "stop": 128306,
        "text": "ソラ!"
    },
    {
        "start": 128306,
        "stop": 128506,
        "text": "本気であんな企画にしてるの?"
    },
    {
        "start": 128506,
        "stop": 128806,
        "text": "その神殺しが持つこの世界の知識が"
    },
    {
        "start": 128806,
        "stop": 129106,
        "text": "俺らにとってたった一つの突破口なんだよ"
    },
    {
        "start": 129106,
        "stop": 129306,
        "text": "いやなら来なくて…"
    },
    {
        "start": 129306,
        "stop": 129506,
        "text": "行きますわよー!"
    },
    {
        "start": 129506,
        "stop": 129906,
        "text": "ステフ、フリューゲルが行うゲームは伝統的にただ一つ"
    },
    {
        "start": 129906,
        "stop": 130106,
        "text": "そいつに間違いはないな"
    },
    {
        "start": 130106,
        "stop": 130406,
        "text": "ええ、文献通りなら…"
    },
    {
        "start": 130406,
        "stop": 130606,
        "text": "結構…"
    },
    {
        "start": 130606,
        "stop": 130806,
        "text": "じゃあここから"
    },
    {
        "start": 130806,
        "stop": 131006,
        "text": "世界制覇を"
    },
    {
        "start": 131006,
        "stop": 131206,
        "text": "始めよう!"
    },
    {
        "start": 131206,
        "stop": 131406,
        "text": "ここから"
    },
    {
        "start": 131406,
        "stop": 131606,
        "text": "世界制覇を始めよう"
    },
    {
        "start": 131606,
        "stop": 132106,
        "text": "うわー、二人になって笑った"
    },
    {
        "start": 132106,
        "stop": 132406,
        "text": "真夜中好きに"
    },
    {
        "start": 132406,
        "stop": 132706,
        "text": "そっとの奥に"
    },
    {
        "start": 132706,
        "stop": 133006,
        "text": "どうしようもない気持ちを"
    },
    {
        "start": 133006,
        "stop": 133206,
        "text": "ただ押し合って"
    },
    {
        "start": 133206,
        "stop": 133806,
        "text": "さよならを泣き止まれ変われるから"
    },
    {
        "start": 133806,
        "stop": 134206,
        "text": "悲しみに手を振るでしょう"
    },
    {
        "start": 134206,
        "stop": 134606,
        "text": "そしていつか笑うこのままの心に"
    },
    {
        "start": 134606,
        "stop": 134906,
        "text": "灯りを灯すように"
    },
    {
        "start": 134906,
        "stop": 135206,
        "text": "途切れ途切れの"
    },
    {
        "start": 135206,
        "stop": 135506,
        "text": "言葉を探して唄を認めた"
    },
    {
        "start": 135506,
        "stop": 136106,
        "text": "それでもたった二人の世界を続いていくな"
    },
    {
        "start": 136106,
        "stop": 136606,
        "text": "空に祈るように"
    },
    {
        "start": 136606,
        "stop": 136806,
        "text": "どうか"
    },
    {
        "start": 136806,
        "stop": 137006,
        "text": "永遠に"
    },
    {
        "start": 137106,
        "stop": 137406,
        "text": "(天使たち)ああ…"
    },
    {
        "start": 137406,
        "stop": 137806,
        "text": "すごい"
    },
    {
        "start": 138206,
        "stop": 138606,
        "text": "(天使)さて、天使様はどこかしらと"
    },
    {
        "start": 138606,
        "stop": 138806,
        "text": "(天使たち)うう…"
    },
    {
        "start": 138806,
        "stop": 139006,
        "text": "(天使たち)うう…"
    },
    {
        "start": 140606,
        "stop": 141006,
        "text": "(天使)はっ、天使なんて名も優しいもんじゃねえ"
    },
    {
        "start": 141006,
        "stop": 141206,
        "text": "こいつは…"
    },
    {
        "start": 141206,
        "stop": 141506,
        "text": "死…そのものだ"
    },
    {
        "start": 141706,
        "stop": 141906,
        "text": "(天使)うエクスキューズそこなパーソンがた"
    },
    {
        "start": 141906,
        "stop": 142206,
        "text": "ミーノライブラリにわってこようで"
    },
    {
        "start": 142306,
        "stop": 142506,
        "text": "(天使たち)うう…"
    },
    {
        "start": 142506,
        "stop": 142706,
        "text": "(天使たち)だいなし…"
    },
    {
        "start": 142906,
        "stop": 143306,
        "text": "(天使)おお、ステフよ死んでしまうとは情けない"
    },
    {
        "start": 143306,
        "stop": 143906,
        "text": "さよならを泣き止まれ変われるから"
    },
    {
        "start": 143906,
        "stop": 144106,
        "text": "最後までご視聴ありがとうございました!"
    },
    {
        "start": 144106,
        "stop": 144306,
        "text": "みんな見てくれてありがとう!"
    }
]