[
    {
        "start": 96,
        "stop": 244,
        "text": "(レン)なあ イズナさあ"
    },
    {
        "start": 300,
        "stop": 466,
        "text": "(イズナ)何だ…です?"
    },
    {
        "start": 482,
        "stop": 800,
        "text": "(レン)最後にゲームを楽しいって感じたの?"
    },
    {
        "start": 816,
        "stop": 916,
        "text": "いつ?"
    },
    {
        "start": 1134,
        "stop": 1346,
        "text": "悪いが イズナは負ける"
    },
    {
        "start": 1518,
        "stop": 1784,
        "text": "(イズナ)空白に敗北はないの?"
    },
    {
        "start": 1806,
        "stop": 1906,
        "text": "(イズナ)うん"
    },
    {
        "start": 2990,
        "stop": 3228,
        "text": "(イズナ)おもしれ…です!"
    },
    {
        "start": 3598,
        "stop": 3724,
        "text": "(レン)何だ?"
    },
    {
        "start": 3862,
        "stop": 4054,
        "text": "(イズナ) 二段ジャンプとか マジふざけんな!"
    },
    {
        "start": 4070,
        "stop": 4200,
        "text": "(イズナ)シートオープン!"
    },
    {
        "start": 4200,
        "stop": 4470,
        "text": "(イズナ)うっ うわっ!"
    },
    {
        "start": 5204,
        "stop": 5330,
        "text": "(イズナ)えへっ!"
    },
    {
        "start": 6114,
        "stop": 6406,
        "text": "(マナ)ま… まさか あれが…"
    },
    {
        "start": 6494,
        "stop": 6814,
        "text": "(マナ)ワービーストの一部のものだけが持つと言われる"
    },
    {
        "start": 6840,
        "stop": 7082,
        "text": "物理限界をも超える力!"
    },
    {
        "start": 7148,
        "stop": 7248,
        "text": "(イズナ)決壊!"
    },
    {
        "start": 7672,
        "stop": 7910,
        "text": "(マナ)負けねえぞ ゲッシュ!"
    },
    {
        "start": 8144,
        "stop": 8270,
        "text": "(イズナ)さて…"
    },
    {
        "start": 8270,
        "stop": 8484,
        "text": "良かったです"
    },
    {
        "start": 10084,
        "stop": 10352,
        "text": "多分 2段ジャンプなんてレベルじゃねえぞ"
    },
    {
        "start": 10352,
        "stop": 10446,
        "text": "アイツは"
    },
    {
        "start": 10446,
        "stop": 10578,
        "text": "完全にバグ!"
    },
    {
        "start": 10578,
        "stop": 10714,
        "text": "予測できない"
    },
    {
        "start": 10780,
        "stop": 10980,
        "text": "物理限界を超えるから!"
    },
    {
        "start": 11240,
        "stop": 11522,
        "text": "これが本命のチートって訳か!"
    },
    {
        "start": 12520,
        "stop": 12846,
        "text": "この後は、あなたを倒すな!"
    },
    {
        "start": 12846,
        "stop": 13424,
        "text": "この圧倒的な力の差、すでに勝負は決しておるわ"
    },
    {
        "start": 13824,
        "stop": 14234,
        "text": "ある程度は予想はしていたが、まさかここまでとはな…"
    },
    {
        "start": 14234,
        "stop": 14484,
        "text": "計算、できない…"
    },
    {
        "start": 14484,
        "stop": 14746,
        "text": "物理限界を超えてるって言ったろ?"
    },
    {
        "start": 14746,
        "stop": 15078,
        "text": "いくら物理の式タテでも通用しないってことだ!"
    },
    {
        "start": 15078,
        "stop": 15906,
        "text": "兄… 兄… こういう時は任せろ… 兄ちゃんのブラウト・ハッタリング…"
    },
    {
        "start": 16030,
        "stop": 16684,
        "text": "これだけのスピードがあれば、俺が避けるのを予測して、その両方を塞ぎにくれ!"
    },
    {
        "start": 16684,
        "stop": 17224,
        "text": "そして、俺が避けないと判断した瞬間、今度は正面に!"
    },
    {
        "start": 17300,
        "stop": 17400,
        "text": "二つ!"
    },
    {
        "start": 17588,
        "stop": 17828,
        "text": "しまった! イズナはこれを狙って…"
    },
    {
        "start": 18344,
        "stop": 19066,
        "text": "ソーラ、シロともにシンゴンフラット、確実なヘッドショット、疑想不可能!"
    },
    {
        "start": 19200,
        "stop": 19524,
        "text": "とったぞ、イズナ!"
    },
    {
        "start": 19524,
        "stop": 19920,
        "text": "かくじつなヘッドショット… 犠牲不可能…"
    },
    {
        "start": 20048,
        "stop": 20466,
        "text": "とっ�ぞ… いざだあ House of W AaK"
    },
    {
        "start": 22322,
        "stop": 22844,
        "text": "勝った… 勝った… です…"
    },
    {
        "start": 22944,
        "stop": 23244,
        "text": "やったやった! です…"
    },
    {
        "start": 23528,
        "stop": 23832,
        "text": "あ… 今のは…"
    },
    {
        "start": 24264,
        "stop": 25060,
        "text": "そ… ソラ? これでいいんですの? もう目をあけてもいいんですの?"
    },
    {
        "start": 25060,
        "stop": 25472,
        "text": "シロ… ねぇ、二人ともいるんですよ…"
    },
    {
        "start": 25472,
        "stop": 25668,
        "text": "うまくいったみたい…"
    },
    {
        "start": 25668,
        "stop": 25764,
        "text": "だな…"
    },
    {
        "start": 25764,
        "stop": 26244,
        "text": "なっ! まさか… 作戦だったのか…"
    },
    {
        "start": 26244,
        "stop": 26620,
        "text": "たとえ第六巻ガーローが読めなかっただろ?"
    },
    {
        "start": 26688,
        "stop": 27190,
        "text": "あの時 シロがジブリールの弾に 冗談させて狙ったのがお前ですらなく…"
    },
    {
        "start": 27190,
        "stop": 27302,
        "text": "その下…"
    },
    {
        "start": 27302,
        "stop": 27648,
        "text": "女の子にしがみつき運ばれるステフだったとは…"
    },
    {
        "start": 27648,
        "stop": 27812,
        "text": "なんだと!?"
    },
    {
        "start": 27812,
        "stop": 28160,
        "text": "NPCの女の子の動きには規則性がある…"
    },
    {
        "start": 28160,
        "stop": 28392,
        "text": "つまり… 予測できる…"
    },
    {
        "start": 28392,
        "stop": 29044,
        "text": "しかもNPCに足音はなく ステフは意識を失っているから殺気すらない…"
    },
    {
        "start": 29044,
        "stop": 29398,
        "text": "監視するのは不可能だ… そして…"
    },
    {
        "start": 29398,
        "stop": 29804,
        "text": "ステフにはゲーム前 シロが地面に書いた命令に従え…"
    },
    {
        "start": 29804,
        "stop": 30160,
        "text": "だがその記憶は失えって 名訳で縛っておいた…"
    },
    {
        "start": 30214,
        "stop": 30800,
        "text": "ラブパワーの補給が来たら エネルギー斬る直前に真っ直ぐ割って… ですの?"
    },
    {
        "start": 30800,
        "stop": 30868,
        "text": "あっ…"
    },
    {
        "start": 30990,
        "stop": 31546,
        "text": "あとは動きを計算して その場所に誘導するだけ…"
    },
    {
        "start": 31546,
        "stop": 32064,
        "text": "馬鹿な! そんなものはもはや計算ではない! それこそ…"
    },
    {
        "start": 32064,
        "stop": 32224,
        "text": "未来史ではないか!"
    },
    {
        "start": 32224,
        "stop": 32320,
        "text": "(ジブリール)フンッ…"
    },
    {
        "start": 32320,
        "stop": 32572,
        "text": "(レン) とでも思っているのか エジーサン…"
    },
    {
        "start": 32572,
        "stop": 32692,
        "text": "(ジブリール)フンッ…"
    },
    {
        "start": 32692,
        "stop": 33156,
        "text": "(レン) ずーっと俺らの信音を モニタリングして イズナに報告してただろう?"
    },
    {
        "start": 33156,
        "stop": 33564,
        "text": "まさか… それすらも利用して…"
    },
    {
        "start": 33564,
        "stop": 34048,
        "text": "ゲームってのは 究極的には2つしか取れる行動がない…"
    },
    {
        "start": 34048,
        "stop": 34700,
        "text": "(マナ) 戦術的行動か 対処的行動 主導権どっちが握るか…"
    },
    {
        "start": 34700,
        "stop": 35252,
        "text": "(レン) 今回は俺らがずっと 主導権を握っていた それだけのことだ"
    },
    {
        "start": 35252,
        "stop": 35700,
        "text": "あんたらは動いているつもりで ただ単に動かされていた"
    },
    {
        "start": 35700,
        "stop": 36116,
        "text": "その結果は必然であって 未来史じゃない…"
    },
    {
        "start": 36216,
        "stop": 36496,
        "text": "弱者には弱者のやり方がある…"
    },
    {
        "start": 36584,
        "stop": 37060,
        "text": "フッ… 獣に素手で挑むのは 獣に任せるよ…"
    },
    {
        "start": 37308,
        "stop": 37528,
        "text": "(ジブリール)フッ… フッ…"
    },
    {
        "start": 37528,
        "stop": 37940,
        "text": "(レン) さて 勝者のゴールは まだかな チーサン!"
    },
    {
        "start": 37940,
        "stop": 38300,
        "text": "(ジブリール)フッ… フッ… フッ… フッ…"
    },
    {
        "start": 38300,
        "stop": 38700,
        "text": "(ジブリール)フッ… 勝者… エルキア…"
    },
    {
        "start": 38700,
        "stop": 39252,
        "text": "迷惑に従い トーブ連合は ルンシア大陸の全ての権利を…"
    },
    {
        "start": 39252,
        "stop": 39516,
        "text": "エルキア王国に異常する!"
    },
    {
        "start": 39516,
        "stop": 39844,
        "text": "(歓声)"
    },
    {
        "start": 39844,
        "stop": 40132,
        "text": "(ガブリエル) 兄… (レン) え? (ガブリエル) アザとサツのコスタムに…"
    },
    {
        "start": 40132,
        "stop": 40352,
        "text": "どうしてパンツを打ったの?"
    },
    {
        "start": 40352,
        "stop": 40600,
        "text": "(ジブリール) ワカに切った質問するな 妹よ!"
    },
    {
        "start": 40600,
        "stop": 40852,
        "text": "交代感処に素朴な花かを見せられるか!?"
    },
    {
        "start": 40852,
        "stop": 41180,
        "text": "(ガブリエル) まるで私なら 問題ないという言い方ですわね!"
    },
    {
        "start": 41180,
        "stop": 41664,
        "text": "(マナ) まあまあ 今回はドラちゃんの ファインプレイが光ったじゃございませんか?"
    },
    {
        "start": 41664,
        "stop": 41860,
        "text": "(レン) おう ジブリール お疲れ"
    },
    {
        "start": 41860,
        "stop": 42104,
        "text": "すべて作戦通り よくやってくれたなぁ"
    },
    {
        "start": 42104,
        "stop": 42360,
        "text": "(ガブリエル) はい! マスターのご命令とあらば"
    },
    {
        "start": 42360,
        "stop": 42572,
        "text": "(オラゴン) これで… (マナ) お? (オラゴン) お?"
    },
    {
        "start": 42656,
        "stop": 43188,
        "text": "(オラゴン) これで… トーブ連合は… ワービーストは…"
    },
    {
        "start": 43288,
        "stop": 43616,
        "text": "(ジブリール) イズナ… お前に責任はない…"
    },
    {
        "start": 43616,
        "stop": 44088,
        "text": "本国が下し 私が命令したことだ…"
    },
    {
        "start": 44088,
        "stop": 44400,
        "text": "(レン) 違うよな イズナ… (イズナ) うん?"
    },
    {
        "start": 44400,
        "stop": 44776,
        "text": "(レン) 楽しかったから どうすればいいか 分からなくても… (イズナ) うん?"
    },
    {
        "start": 44776,
        "stop": 45308,
        "text": "(レン) そんなわけ… ねぇです… 負けたせいで…"
    },
    {
        "start": 45308,
        "stop": 45684,
        "text": "たくさんの人が苦しみあがる… です…"
    },
    {
        "start": 45772,
        "stop": 46280,
        "text": "(オラゴン) でも あのとき… イズナさん 笑ってた…"
    },
    {
        "start": 46408,
        "stop": 46928,
        "text": "(イズナ) なんで… なんで… この顔は 笑いやがった… です…"
    },
    {
        "start": 46928,
        "stop": 47528,
        "text": "そのせいで トーブ連合は支配され たくさんの人が…"
    },
    {
        "start": 47528,
        "stop": 48052,
        "text": "(イズナ) うっ… イズナが楽しいなんて思ったせいで…"
    },
    {
        "start": 48052,
        "stop": 48328,
        "text": "(レン) 安心しろ… (イズナ) うっ…"
    },
    {
        "start": 48328,
        "stop": 48728,
        "text": "(レン) イズナが何を思うが どうせ俺らは勝ってたから"
    },
    {
        "start": 48728,
        "stop": 49020,
        "text": "(イズナ)な… (レン) どうだ? 前進前例を"
    },
    {
        "start": 49020,
        "stop": 49392,
        "text": "視力をとしても まだ勝てない相手がいる気分は…"
    },
    {
        "start": 49392,
        "stop": 49796,
        "text": "控えめに言っても 気をつけないで… (イズナ) うん?"
    },
    {
        "start": 49796,
        "stop": 50116,
        "text": "(レン) 控えめに言って… (イズナ・レン) 最高!"
    },
    {
        "start": 50116,
        "stop": 50348,
        "text": "(レン) じゃねっ (イズナ・イズナ) うっ…"
    },
    {
        "start": 50348,
        "stop": 51040,
        "text": "(レン) 初めて負けて 悔しかった だからこそ楽しかった…"
    },
    {
        "start": 51040,
        "stop": 51452,
        "text": "それが分かったら 俺らは友達だ"
    },
    {
        "start": 51452,
        "stop": 51924,
        "text": "ようこそ イズナ お前はもうゲーマーだ"
    },
    {
        "start": 52184,
        "stop": 52516,
        "text": "(イズナ)ふっ…"
    },
    {
        "start": 52516,
        "stop": 52800,
        "text": "(ウルフル) 今度こそ負けねえぞ…です"
    },
    {
        "start": 52800,
        "stop": 52992,
        "text": "(一同) イェーイ!"
    },
    {
        "start": 52992,
        "stop": 53616,
        "text": "(レン) なあ イズナも勘違いしてるようだが 誰も死なないし 誰も苦しまない"
    },
    {
        "start": 53616,
        "stop": 54184,
        "text": "この世界はゲームなんだ 根本的に間違えてんだよ みんな"
    },
    {
        "start": 54184,
        "stop": 54960,
        "text": "(イズナ) イマニティの学習と経験から生じる 未来予知に到達しうる知恵"
    },
    {
        "start": 54960,
        "stop": 55244,
        "text": "いいわ 信じてみようじゃない?"
    },
    {
        "start": 55316,
        "stop": 55716,
        "text": "(イズナ) ピースぐに帰国するわよ やることは多いわ"
    },
    {
        "start": 55716,
        "stop": 55972,
        "text": "(イズナ) はい なのですよ!"
    },
    {
        "start": 56652,
        "stop": 57156,
        "text": "(イズナ) 風呂はキレイです (イズナ) ちょうどいい でも 今はキャッカー…"
    },
    {
        "start": 57156,
        "stop": 57864,
        "text": "(ウルフル) マスター 今日は乗り気でございますね (イズナ) イズナさんのしっぽ洗うのはコワクだから…"
    },
    {
        "start": 57864,
        "stop": 58752,
        "text": "(イズナ) こっちがテイです (ウルフル) しかし ずいぶん仲良くなったものでございますね あれほど勝負に負けて 帰還していたのに?"
    },
    {
        "start": 58752,
        "stop": 59684,
        "text": "(イズナ) ニー あのあと イズナさんに話した トーブ連合 エルキアに統合されても 誰も苦しまない理由…"
    },
    {
        "start": 59684,
        "stop": 60364,
        "text": "(イーサー) それは何なのだ!? (イーサー) 何を吹き込んで イズナをたぶらかしたんだと聞いている このハゲザルが!"
    },
    {
        "start": 60364,
        "stop": 61364,
        "text": "(イーサー) たぶらかした? 事実を言っただけだ (イーサー) 何だと!? (イーサー) 心配するな 言ったところで お前には何もできない… それに…"
    },
    {
        "start": 61364,
        "stop": 61964,
        "text": "(イズナ) 大変! 大変だぞ! トーブ連合が… トーブ連合が! (イズナ) なん!?"
    },
    {
        "start": 61964,
        "stop": 62764,
        "text": "(イーサー) トーブ連合がゲーム前 対陸領土から目ぼしい人材や技術を 対陸外に移していたんだろ? (イズナ) 知ってたんですの!?"
    },
    {
        "start": 62764,
        "stop": 64064,
        "text": "(イーサー) 普通に考えたら 俺だってそうする (イーサー) なら どうして放っておいたんですの? せっかく対陸を取り戻したのに これじゃ… (イーサー) それでいいんだよ まだゲームは終わってないんだから (イーサー) えっ!?"
    },
    {
        "start": 64064,
        "stop": 64964,
        "text": "(イーサー) なあ トーブ連合の全権代理者さん (イズナ) あっ… (イーサー) ふふふふ…"
    },
    {
        "start": 64964,
        "stop": 65564,
        "text": "(イーサー) よーよー 楽しそうやね~ 当ても寄せてもらおうか~?"
    },
    {
        "start": 65564,
        "stop": 66264,
        "text": "(トーブ連合) おっ おんみ… 美子様…"
    },
    {
        "start": 66264,
        "stop": 66964,
        "text": "(美子) 当てが美子 よろしいな"
    },
    {
        "start": 67064,
        "stop": 67664,
        "text": "(美子) 海よりも遠からに 津くよみの光へよーおいでやす"
    },
    {
        "start": 67664,
        "stop": 68264,
        "text": "(トーブ連合) 本当によろしいのですか このような場所に こんなハゲザルどもをいれて…"
    },
    {
        "start": 68264,
        "stop": 68664,
        "text": "(美子) 構えん構えん もう勝負は終わってるんやろ?"
    },
    {
        "start": 68664,
        "stop": 69264,
        "text": "(イーサー) すまね (イーサー) あっ… (トーブ連合) 私… (イーサー) ちょっと! タバコの余人でそうよ 礼儀を脇まいでくださいな!"
    },
    {
        "start": 69264,
        "stop": 69664,
        "text": "(美子) しかし 本にやってくれよったな ハゲザル"
    },
    {
        "start": 69664,
        "stop": 70264,
        "text": "(イーサー) あっ… 流石エルフ 思ってた以上に手が早い子って (イーサー) エルフ…"
    },
    {
        "start": 70264,
        "stop": 70964,
        "text": "(イーサー) どういうことですの? (美子) 技術者や物資を大陸外に移動すれば あんたらは領土を活用できない"
    },
    {
        "start": 70964,
        "stop": 71664,
        "text": "(イーサー) 再び あてらに勝負を挑みに来る (トーブ連合) そこで潰せばいい そう考えていた"
    },
    {
        "start": 71664,
        "stop": 72264,
        "text": "(イーサー) 本に… その隙に 患者を通じてエルフと接触"
    },
    {
        "start": 72264,
        "stop": 72764,
        "text": "(イーサー) あてらのゲームのカラクリーさらして 勝ち目を消す… なんてな"
    },
    {
        "start": 72764,
        "stop": 73064,
        "text": "(トーブ連合) ごっ… (イーサー) せやけど"
    },
    {
        "start": 73064,
        "stop": 73364,
        "text": "(イーサー) あてはそれも呼んどったよ"
    },
    {
        "start": 73364,
        "stop": 73864,
        "text": "(イーサー) っていうか あんたらこそが エルブンガルドの回し者と思うとったしね"
    },
    {
        "start": 73864,
        "stop": 74164,
        "text": "(イーサー) けど… まさか…"
    },
    {
        "start": 74164,
        "stop": 74564,
        "text": "(イーサー) アヴァントヘイムまで巻き込んどったとは…"
    },
    {
        "start": 74564,
        "stop": 74964,
        "text": "(トーブ連合) うわっ! 一体 いつから仕組まれていた"
    },
    {
        "start": 74964,
        "stop": 75564,
        "text": "(イーサー) これでも 私はかつて 18億議会 アヴァントヘイム政府の一役"
    },
    {
        "start": 75564,
        "stop": 75964,
        "text": "(イーサー) それなりに影響力は ございますので…"
    },
    {
        "start": 75964,
        "stop": 76364,
        "text": "(イーサー) エルブンガルド アヴァントヘイム ホンデー・エルキア"
    },
    {
        "start": 76364,
        "stop": 76764,
        "text": "こんだけの国に あてらの手の内ばらされて"
    },
    {
        "start": 76764,
        "stop": 77164,
        "text": "イマニティはともかく エルフやフリューゲルまで出てきたら"
    },
    {
        "start": 77164,
        "stop": 77564,
        "text": "どうあがいても勝てへん やれやれよ"
    },
    {
        "start": 77764,
        "stop": 77864,
        "text": "せやから"
    },
    {
        "start": 78164,
        "stop": 78664,
        "text": "(イーサー) トーブ連合はエルキアに対して 即時報復させてもらうわ"
    },
    {
        "start": 78664,
        "stop": 78764,
        "text": "(トーブ連合) うわっ!"
    },
    {
        "start": 78764,
        "stop": 78864,
        "text": "(イーサー) 巫女様!"
    },
    {
        "start": 78864,
        "stop": 79164,
        "text": "(イーサー) もうっぺん言うてろか?"
    },
    {
        "start": 79244,
        "stop": 79556,
        "text": "本にやってくれよったのを ハゲザル"
    },
    {
        "start": 79636,
        "stop": 79840,
        "text": "ただでは 死なんぞ"
    },
    {
        "start": 79940,
        "stop": 80270,
        "text": "(ハゲザル)いいぜ 受けてたと"
    },
    {
        "start": 80550,
        "stop": 80736,
        "text": "(オラゴン)あっ… (オラゴン)ん?"
    },
    {
        "start": 80824,
        "stop": 81162,
        "text": "(レン)7面倒くせえ駆け引きにも そろそろ疲れてんだ"
    },
    {
        "start": 81174,
        "stop": 81426,
        "text": "手っ取り早く コイントステ決めようぜ"
    },
    {
        "start": 81512,
        "stop": 81642,
        "text": "(オラゴン)あっ…"
    },
    {
        "start": 81658,
        "stop": 82008,
        "text": "(オラゴン)フッ フッフッフッフッフッ…"
    },
    {
        "start": 82008,
        "stop": 82224,
        "text": "(オラゴン)フッフッフッフッフッ…(レン)不福?"
    },
    {
        "start": 82236,
        "stop": 82554,
        "text": "(オラゴン)いいや ただ アテの反省が"
    },
    {
        "start": 82570,
        "stop": 82942,
        "text": "タカがハゲザル2匹に 根っこから潰されたアゲック"
    },
    {
        "start": 82954,
        "stop": 83430,
        "text": "その差配がコイントスかと思うと 面白うてな"
    },
    {
        "start": 83442,
        "stop": 83714,
        "text": "ハハハハハ… ハハハハハハ…"
    },
    {
        "start": 83726,
        "stop": 83972,
        "text": "(レン)やっぱ あんたもゲーマーらしいな"
    },
    {
        "start": 84010,
        "stop": 84418,
        "text": "じゃあ オレが勝ったら 東部連合は大陸以外の島も含めて"
    },
    {
        "start": 84430,
        "stop": 84702,
        "text": "すべての領土をエルキアに栄合"
    },
    {
        "start": 84714,
        "stop": 85172,
        "text": "アテが勝ったら ワービーストの権利の保障 自治権"
    },
    {
        "start": 85184,
        "stop": 85426,
        "text": "そして大陸資源の提供や"
    },
    {
        "start": 85490,
        "stop": 85906,
        "text": "(レン)降伏って割には ワービーストの保護が主な条件か?"
    },
    {
        "start": 85964,
        "stop": 86068,
        "text": "(オラゴン)どっちにしろ"
    },
    {
        "start": 86082,
        "stop": 86372,
        "text": "エルフたちが攻め込んできたら それまで"
    },
    {
        "start": 86386,
        "stop": 86702,
        "text": "そんなことしかできへんいうことや"
    },
    {
        "start": 86718,
        "stop": 87102,
        "text": "せやから もしアテが負けても"
    },
    {
        "start": 87140,
        "stop": 87618,
        "text": "イズナやイノ 民を無下に扱わんと誓ってたもん"
    },
    {
        "start": 87714,
        "stop": 87990,
        "text": "(レン)ミコ様… (オラゴン)おお?"
    },
    {
        "start": 88002,
        "stop": 88140,
        "text": "見直した"
    },
    {
        "start": 88222,
        "stop": 88428,
        "text": "(アーサー)ええから 早くはじめ!"
    },
    {
        "start": 88478,
        "stop": 88928,
        "text": "(レン)では 世界一物騒なコイント数 いきますか?"
    },
    {
        "start": 88940,
        "stop": 89286,
        "text": "落ちる前に 表か裏かを選んでくれ"
    },
    {
        "start": 89298,
        "stop": 89516,
        "text": "オレはその逆ってことで"
    },
    {
        "start": 89566,
        "stop": 89800,
        "text": "(オラゴン)ええんか? (レン)ああ"
    },
    {
        "start": 90088,
        "stop": 90376,
        "text": "では… (オラゴン・レン・オラゴン)あっしゃんで!"
    },
    {
        "start": 90376,
        "stop": 90476,
        "text": "(キャラクターの音)"
    },
    {
        "start": 90952,
        "stop": 91298,
        "text": "(オラゴン)ああああああ! (オラゴン)結界!"
    },
    {
        "start": 91524,
        "stop": 92052,
        "text": "(オラゴン)結界は物理限界を突破し 全ての反応を 動きを捉える"
    },
    {
        "start": 92078,
        "stop": 92528,
        "text": "このままでいけば 142回と3分の2回転で歪を打ち"
    },
    {
        "start": 92540,
        "stop": 93170,
        "text": "4回の超約を経て5.2秒回転し 裏で止まる"
    },
    {
        "start": 93358,
        "stop": 93754,
        "text": "(オラゴン)ふん… 範囲内に魔法の反応はあらへん"
    },
    {
        "start": 93768,
        "stop": 93980,
        "text": "当ての動体視力を穴取った?"
    },
    {
        "start": 94088,
        "stop": 94510,
        "text": "いや そんなはずない… でも…"
    },
    {
        "start": 94848,
        "stop": 94960,
        "text": "(オラゴン)裏や!"
    },
    {
        "start": 96252,
        "stop": 96506,
        "text": "(オラゴン)あっ… (レン)こ… これは?"
    },
    {
        "start": 96664,
        "stop": 96806,
        "text": "(オラゴン)引き分け…"
    },
    {
        "start": 97110,
        "stop": 97260,
        "text": "(オラゴン)引き分け?"
    },
    {
        "start": 97274,
        "stop": 97606,
        "text": "(レン)よー すごい結果になったなー 困ったなー"
    },
    {
        "start": 97620,
        "stop": 97948,
        "text": "こりゃ両方勝ちか 両方負けか どっちになるよ?"
    },
    {
        "start": 97958,
        "stop": 98378,
        "text": "(オラゴン)チヒッ… そら わざとらしいぞです"
    },
    {
        "start": 98390,
        "stop": 98728,
        "text": "(オラゴン)あんた 最初からこれを狙って…"
    },
    {
        "start": 98994,
        "stop": 99402,
        "text": "(レン)両方勝ちだと 両方の要求が通るってことだから…"
    },
    {
        "start": 99416,
        "stop": 99746,
        "text": "つまりエルキアの参加には入るが"
    },
    {
        "start": 99758,
        "stop": 100062,
        "text": "ワービーストの権利は保障され 自治権は維持"
    },
    {
        "start": 100074,
        "stop": 100262,
        "text": "大陸資源は相互活用"
    },
    {
        "start": 100274,
        "stop": 100616,
        "text": "(オラゴン)東部連合はエルキア連邦となる"
    },
    {
        "start": 100630,
        "stop": 100996,
        "text": "(レン)どう? 両方勝ち 両方負け どっちがいい?"
    },
    {
        "start": 101008,
        "stop": 101480,
        "text": "(パンドラ)お前! 東部連合を支配して ワービーストを滅ぼすんじゃなかったのか!"
    },
    {
        "start": 101492,
        "stop": 101706,
        "text": "(オラゴン)それが違いやがるです"
    },
    {
        "start": 101718,
        "stop": 102172,
        "text": "なんて俺が ケモミーコ パラダイスを滅ぼさなきゃならんのだ!"
    },
    {
        "start": 102184,
        "stop": 102568,
        "text": "イズダのような アルティメット プリティーなアニモーが 1世界で主族だぞ!"
    },
    {
        "start": 102580,
        "stop": 103006,
        "text": "どんな打つ子知らせたら そんな世界の宝を 滅ぼしてケツのになる!?"
    },
    {
        "start": 103018,
        "stop": 103186,
        "text": "(オラゴン)うう… 熱すぎ"
    },
    {
        "start": 103348,
        "stop": 103958,
        "text": "(オラゴン)本に… 本に最初から最後まで踊らされた っていうわけや"
    },
    {
        "start": 103970,
        "stop": 104596,
        "text": "けどな たとえ連邦 クモウがあんたらのおかげで エルフには手の内がバレとら"
    },
    {
        "start": 104608,
        "stop": 104946,
        "text": "いずれエルブン・ガルドは 戦線布告してくる"
    },
    {
        "start": 104958,
        "stop": 105362,
        "text": "(オラゴン)だろうな そしたら ふっかけた上で 返り討ちにししまおうぜ?"
    },
    {
        "start": 105376,
        "stop": 105654,
        "text": "(オラゴン)フフ… できると思うとるん?"
    },
    {
        "start": 105668,
        "stop": 106126,
        "text": "(オラゴン)できるさ 実は オリラの患者なぁ…"
    },
    {
        "start": 106138,
        "stop": 106592,
        "text": "名訳で記憶を改ざんされた上で エルブン・ガルドに報告してる"
    },
    {
        "start": 106606,
        "stop": 106968,
        "text": "だから あんたらのゲーム内容 間違って伝わってるぜ?"
    },
    {
        "start": 106980,
        "stop": 107048,
        "text": "(オラゴン)うっ… (オラゴン)うっ…"
    },
    {
        "start": 107060,
        "stop": 107590,
        "text": "(オラゴン)じゃあ あの時 記憶を改ざんする権利をかけて クラミーと戦ったのは…"
    },
    {
        "start": 107602,
        "stop": 107816,
        "text": "この時のため…"
    },
    {
        "start": 107946,
        "stop": 108376,
        "text": "(オラゴン)これで エルブン・ガルドが仕掛けてきた時点で こっちの勝ちは確定"
    },
    {
        "start": 108388,
        "stop": 108642,
        "text": "同時に エルフの国もいただきってことだ"
    },
    {
        "start": 108656,
        "stop": 108914,
        "text": "(オラゴン)そ… そこまで考えていたと?"
    },
    {
        "start": 108926,
        "stop": 109514,
        "text": "(オラゴン)チェックメイトって 正義でいう大手とは違う 撃ち取ったという報告だ"
    },
    {
        "start": 109586,
        "stop": 109844,
        "text": "だから 最初に お前に会ったときに言ったろ?"
    },
    {
        "start": 109986,
        "stop": 110244,
        "text": "チェックメイトってさ"
    },
    {
        "start": 110290,
        "stop": 110470,
        "text": "(オラゴン)うっ… うっ… うっ…"
    },
    {
        "start": 110548,
        "stop": 111056,
        "text": "(オラゴン)それで どっちにするんだよ? 両方勝ちか 両方負けか?"
    },
    {
        "start": 111186,
        "stop": 111578,
        "text": "(オラゴン)うっ… わざわざ言わせるんか? 感意気ず…"
    },
    {
        "start": 111674,
        "stop": 111870,
        "text": "両方の勝ちでええわ!"
    },
    {
        "start": 111904,
        "stop": 112000,
        "text": "(オラゴン)うっ…"
    },
    {
        "start": 112138,
        "stop": 112334,
        "text": "(オラゴン)よし これで…"
    },
    {
        "start": 112350,
        "stop": 112600,
        "text": "(一同)エルキア連邦誕生!"
    },
    {
        "start": 112988,
        "stop": 113222,
        "text": "(オラゴン)あんたら どうするつもりや?"
    },
    {
        "start": 113234,
        "stop": 113604,
        "text": "(オラゴン)まさか また対戦でも起こすとか いい夜にはないやろうね"
    },
    {
        "start": 113638,
        "stop": 113904,
        "text": "(オラゴン)だったら お前らの種のコマ 奪ってるよ"
    },
    {
        "start": 113918,
        "stop": 114188,
        "text": "(オラゴン)奪ってはいけないから 奪わない"
    },
    {
        "start": 114230,
        "stop": 114618,
        "text": "(オラゴン)ああ… 俺らの目的は ずっと変わらない"
    },
    {
        "start": 114630,
        "stop": 114818,
        "text": "シンプルで単純…"
    },
    {
        "start": 114834,
        "stop": 114998,
        "text": "(一同)手と撃ちのめす"
    },
    {
        "start": 115010,
        "stop": 115124,
        "text": "(オラゴン)それだけだ"
    },
    {
        "start": 115140,
        "stop": 115282,
        "text": "(オラゴン)撃ちのめすです"
    },
    {
        "start": 115294,
        "stop": 115510,
        "text": "(オラゴン)相手は 唯一心ですぞ"
    },
    {
        "start": 115532,
        "stop": 115648,
        "text": "(オラゴン)ああ それが?"
    },
    {
        "start": 115662,
        "stop": 115774,
        "text": "(オラゴン)どうかした?"
    },
    {
        "start": 115786,
        "stop": 115886,
        "text": "(オラゴン)あっ…"
    },
    {
        "start": 116020,
        "stop": 116120,
        "text": "(オラゴン)うっ…"
    },
    {
        "start": 116136,
        "stop": 116458,
        "text": "(オラゴン)ハハハハハ… ハハハハハ…"
    },
    {
        "start": 116474,
        "stop": 116582,
        "text": "(一同)ああ…"
    },
    {
        "start": 116596,
        "stop": 117028,
        "text": "(オラゴン)神を倒そうなんて 面白いこと考える人らやね"
    },
    {
        "start": 117042,
        "stop": 117238,
        "text": "(オラゴン)できると思うとるん?"
    },
    {
        "start": 117250,
        "stop": 117350,
        "text": "(オラゴン)さあ"
    },
    {
        "start": 117362,
        "stop": 117576,
        "text": "(レン)具体的なことはさっぱりだ"
    },
    {
        "start": 117592,
        "stop": 117776,
        "text": "(レン)が ヒントはある"
    },
    {
        "start": 117892,
        "stop": 118288,
        "text": "(レン)ひとつ なぜ種のコマは この形をしている?"
    },
    {
        "start": 118300,
        "stop": 118380,
        "text": "(オラゴン)ひとつ"
    },
    {
        "start": 118396,
        "stop": 118876,
        "text": "(レン)なぜこの世界には イクシードと呼ばれる 十六種族が存在している?"
    },
    {
        "start": 118888,
        "stop": 118972,
        "text": "(オラゴン)ひとつ"
    },
    {
        "start": 118988,
        "stop": 119280,
        "text": "あの地平線に見えているものは なんだ?"
    },
    {
        "start": 119414,
        "stop": 119944,
        "text": "(オラゴン)つまり 神への挑戦権は コマをすべて集めること"
    },
    {
        "start": 119956,
        "stop": 120402,
        "text": "(オラゴン)だとしたら むしろ アテラの種のコマを奪わなきゃあ ないか?"
    },
    {
        "start": 120490,
        "stop": 120640,
        "text": "(レン)いや 違うな"
    },
    {
        "start": 120716,
        "stop": 120970,
        "text": "(オラゴン)それは 名訳に反する"
    },
    {
        "start": 120982,
        "stop": 121140,
        "text": "(オラゴン)名訳に?"
    },
    {
        "start": 121154,
        "stop": 121816,
        "text": "(オラゴン)ひとつ なぜ絶対 十種ではないルールを 十の名訳という?"
    },
    {
        "start": 121828,
        "stop": 121954,
        "text": "(オラゴン)どういうことよ?"
    },
    {
        "start": 122016,
        "stop": 122312,
        "text": "(レン)忘れたのか? 名訳 その十"
    },
    {
        "start": 122358,
        "stop": 122612,
        "text": "(オラゴン)みんな 仲良くプレイしましょう"
    },
    {
        "start": 122626,
        "stop": 122714,
        "text": "(オラゴン)うわあーー"
    },
    {
        "start": 122726,
        "stop": 123288,
        "text": "(レン)つまり みんな 仲良くしなきゃ このゲームはクリアできない"
    },
    {
        "start": 123300,
        "stop": 123664,
        "text": "コマを奪い合うのではなく ひとつひとつの種族がーー"
    },
    {
        "start": 123676,
        "stop": 123964,
        "text": "知性アリシと自称する十六の種族がーー"
    },
    {
        "start": 123976,
        "stop": 124268,
        "text": "その理力と知力と視力と才力をもってーー"
    },
    {
        "start": 124280,
        "stop": 124564,
        "text": "このディスボードに 知恵の塔を築き上げ"
    },
    {
        "start": 124648,
        "stop": 124756,
        "text": "(オラゴン)なんじらーー"
    },
    {
        "start": 124768,
        "stop": 125086,
        "text": "自らの知性を証明せよとーー"
    },
    {
        "start": 125140,
        "stop": 125424,
        "text": "(オラゴン)ハハハッ いいねー いいよーー"
    },
    {
        "start": 125436,
        "stop": 125652,
        "text": "やっぱり楽しくなってきたーー"
    },
    {
        "start": 125666,
        "stop": 125940,
        "text": "ほんと 君たちを呼んで 正解だったよーー"
    },
    {
        "start": 126036,
        "stop": 126170,
        "text": "(オラゴン)待っているよーー"
    },
    {
        "start": 126182,
        "stop": 126412,
        "text": "すべての種族とともにーー"
    },
    {
        "start": 126424,
        "stop": 126650,
        "text": "僕の田もとまでおいでーー"
    },
    {
        "start": 126712,
        "stop": 126816,
        "text": "そしてーー"
    },
    {
        "start": 126816,
        "stop": 126958,
        "text": "(オラゴン)ああああああっーー"
    },
    {
        "start": 127058,
        "stop": 127342,
        "text": "(オラゴン)しかし 気楽に言ってくれるわねーー"
    },
    {
        "start": 127354,
        "stop": 127750,
        "text": "世界最大国 エルブンガルドを 中から切り崩せなんてーー"
    },
    {
        "start": 127762,
        "stop": 127984,
        "text": "(ミカエル)どうするつもりなのですか?ーー"
    },
    {
        "start": 127996,
        "stop": 128250,
        "text": "(オラゴン)方法があるなら 知りたいくらいだーー"
    },
    {
        "start": 128304,
        "stop": 128522,
        "text": "でも やるしかないのよーー"
    },
    {
        "start": 128534,
        "stop": 128822,
        "text": "イマニキーが勝つには そうさえ知らないんだよーー"
    },
    {
        "start": 128834,
        "stop": 129122,
        "text": "(ミカエル)お前 何してるの?ーー"
    },
    {
        "start": 129134,
        "stop": 129446,
        "text": "(オラゴン)お前は オラゴンに 何をしてるのか?ーー"
    },
    {
        "start": 129458,
        "stop": 129738,
        "text": "(ミカエル)お前は オラゴンに 何をしてるのか?ーー"
    },
    {
        "start": 129750,
        "stop": 130088,
        "text": "(オラゴン)そう イマニキーが勝つには そうするしかないーー"
    },
    {
        "start": 130100,
        "stop": 130230,
        "text": "(ミカエル)クラミーーー"
    },
    {
        "start": 130242,
        "stop": 130614,
        "text": "(オラゴン)弱者が弱者のまま 強者を下す方法をーー"
    },
    {
        "start": 130626,
        "stop": 131130,
        "text": "自分が自分のままで 自分の限界を超える方法をーー"
    },
    {
        "start": 131142,
        "stop": 131480,
        "text": "飛べない意味で 空を飛ぶ方法をーー"
    },
    {
        "start": 131492,
        "stop": 131760,
        "text": "あの男はいつも見つけてきたーー"
    },
    {
        "start": 131772,
        "stop": 132164,
        "text": "絶望と苦しみと暗闇の中でーー"
    },
    {
        "start": 132176,
        "stop": 132464,
        "text": "(ミカエル)気のせいじゃないのですよねーー"
    },
    {
        "start": 132476,
        "stop": 132756,
        "text": "クラミー 少し変わったのですよーー"
    },
    {
        "start": 132768,
        "stop": 133190,
        "text": "(オラゴン)そう? 負けられないって 気になっているのかもねーー"
    },
    {
        "start": 133202,
        "stop": 133314,
        "text": "だからーー"
    },
    {
        "start": 133486,
        "stop": 133640,
        "text": "手伝ってくれる?ーー"
    },
    {
        "start": 134166,
        "stop": 134386,
        "text": "(ミカエル)当選なのですよーー"
    },
    {
        "start": 134400,
        "stop": 134812,
        "text": "クラミーのためなら 世界だって敵に回すのですよーー"
    },
    {
        "start": 134824,
        "stop": 135180,
        "text": "やってやろうじゃない! 見てなさいよ サラ!"
    },
    {
        "start": 135180,
        "stop": 135476,
        "text": "(オラゴン)ううううううーー"
    },
    {
        "start": 135488,
        "stop": 135826,
        "text": "(レン)さて じゃあ俺たちも行くか(オラゴン)ですわね"
    },
    {
        "start": 135838,
        "stop": 136056,
        "text": "(ミカエル)兄でも まだ…"
    },
    {
        "start": 136068,
        "stop": 136252,
        "text": "(レン)ああ 分かってるよーー"
    },
    {
        "start": 136352,
        "stop": 136606,
        "text": "(オラゴン)ふう? な なんですの?"
    },
    {
        "start": 136618,
        "stop": 137140,
        "text": "(レン)まだ何か 美子様に 因縁を付けようというのか? このハゲザルがーー"
    },
    {
        "start": 137152,
        "stop": 137432,
        "text": "(レン)因縁ってわけじゃねえんだがーー"
    },
    {
        "start": 137444,
        "stop": 137706,
        "text": "美子っていうからにはいるんだろ?"
    },
    {
        "start": 137720,
        "stop": 137936,
        "text": "(ミカエル)ずっと気になってたーー"
    },
    {
        "start": 138074,
        "stop": 138170,
        "text": "(レン)はあ?"
    },
    {
        "start": 139504,
        "stop": 139730,
        "text": "(オラゴン)は これは なぜなの?"
    },
    {
        "start": 139742,
        "stop": 139980,
        "text": "(ミカエル)何という力? あっーー"
    },
    {
        "start": 140072,
        "stop": 140672,
        "text": "(オラゴン)神随権限 神称一通 深刻設定低減ーー"
    },
    {
        "start": 140840,
        "stop": 141278,
        "text": "用意感として呼びかける 情妙の者ーー"
    },
    {
        "start": 141382,
        "stop": 141790,
        "text": "(レン)意界序列1位 ホールドデウスーー"
    },
    {
        "start": 141862,
        "stop": 142304,
        "text": "(オラゴン)意界序列 1位 ホールド…ーー"
    },
    {
        "start": 142316,
        "stop": 142516,
        "text": "(オラゴン)デウスーー!"
    },
    {
        "start": 142808,
        "stop": 142908,
        "text": "(レン)さあーー"
    },
    {
        "start": 143046,
        "stop": 143250,
        "text": "ゲームを始めよう! (オラゴン)ゲームを始めよう!"
    },
    {
        "start": 143338,
        "stop": 143868,
        "text": "♪さよならを 抱き込まれ変われるからね♪"
    },
    {
        "start": 143868,
        "stop": 144068,
        "text": "サブタイトル:ひかり"
    }
]