[
    {
        "start": 0,
        "stop": 354,
        "text": "(オラゴン) 何を? あなた一体何をしたの?"
    },
    {
        "start": 434,
        "stop": 1034,
        "text": "(レン)王よ! 愚かな王よ! 神家に女王を殺せとは 国の命令よ!"
    },
    {
        "start": 1080,
        "stop": 1522,
        "text": "その怒りに震える方 民に見せられた者ではなかっただろう!"
    },
    {
        "start": 1670,
        "stop": 1962,
        "text": "(葵)何を? あなた一体 何をしたの?"
    },
    {
        "start": 2058,
        "stop": 2254,
        "text": "(アーサー)王よ! 愚かな王よ!"
    },
    {
        "start": 2304,
        "stop": 2614,
        "text": "深火に女王を殺せとは 刻な命令よ!"
    },
    {
        "start": 2674,
        "stop": 3074,
        "text": "その怒りに震える方 民に見せられたものではないぞ!"
    },
    {
        "start": 3088,
        "stop": 3246,
        "text": "(アーサー)ききっ(アーサー)女王よ"
    },
    {
        "start": 3390,
        "stop": 3508,
        "text": "私は そなたに…"
    },
    {
        "start": 3594,
        "stop": 3866,
        "text": "また そなたをしたい剣を下ろしたナイトたちに"
    },
    {
        "start": 3910,
        "stop": 4186,
        "text": "同胞たちに刃を剥けろとは とても言えぬ!"
    },
    {
        "start": 4252,
        "stop": 4460,
        "text": "ただ そなたの王は…"
    },
    {
        "start": 4544,
        "stop": 4798,
        "text": "もはや狂乱のルーツもにあるのは明らか!"
    },
    {
        "start": 4898,
        "stop": 5186,
        "text": "乱心の狂王に代わり 民を導けるのは…"
    },
    {
        "start": 5262,
        "stop": 5634,
        "text": "もはや そなた以外に居らぬと思うが… そう言いあるだろうか!"
    },
    {
        "start": 5904,
        "stop": 6238,
        "text": "女王よ… 今こそ決断を…"
    },
    {
        "start": 6754,
        "stop": 7096,
        "text": "(アーサー)よくぞ立ち上がった 尊敬にたる勇敢な女王よ!"
    },
    {
        "start": 7142,
        "stop": 7530,
        "text": "そして 洗脳を乗り越え 女王に尽き従う正しき者たちよ!"
    },
    {
        "start": 7568,
        "stop": 7964,
        "text": "狂王の汗に終始を打っとは 他なる女空たらだ!"
    },
    {
        "start": 8080,
        "stop": 8318,
        "text": "これは… もしかして…"
    },
    {
        "start": 8322,
        "stop": 8468,
        "text": "(マイラ)マイラ… (マイラ)おおっ…"
    },
    {
        "start": 8510,
        "stop": 8764,
        "text": "(マイラ)大三勢力の… 出現…"
    },
    {
        "start": 8768,
        "stop": 9048,
        "text": "じゃあ 空はそれを狙って…"
    },
    {
        "start": 9068,
        "stop": 9564,
        "text": "フッ… 言ったら… 戦わずして勝つってな…"
    },
    {
        "start": 9564,
        "stop": 10930,
        "text": "(♪~…♪)"
    },
    {
        "start": 10930,
        "stop": 11580,
        "text": "まわり続けてる 悪夢にはなり下がらない"
    },
    {
        "start": 11580,
        "stop": 12248,
        "text": "平気を遠じる 課長から始まった地獄"
    },
    {
        "start": 12248,
        "stop": 12724,
        "text": "朝に反応で 神が導いた 万丈の世界"
    },
    {
        "start": 12724,
        "stop": 12916,
        "text": "No no no get out of life!"
    },
    {
        "start": 12916,
        "stop": 13242,
        "text": "温い平穏を 真っ直ぐ気に捨てて"
    },
    {
        "start": 13242,
        "stop": 13652,
        "text": "栄光への階段に 存在刻むんだ"
    },
    {
        "start": 13652,
        "stop": 14114,
        "text": "目に映るのは 完全勝利の運命"
    },
    {
        "start": 14114,
        "stop": 14632,
        "text": "何もかも 計算通り 変えてやる"
    },
    {
        "start": 14632,
        "stop": 15264,
        "text": "染まらない 悪夢へ 行くぜ! 皆までに"
    },
    {
        "start": 15264,
        "stop": 15650,
        "text": "救えたいなんていらない"
    },
    {
        "start": 15650,
        "stop": 16326,
        "text": "怒鳴りし 嘘を歌うとも 勝てないだけの話だな"
    },
    {
        "start": 16326,
        "stop": 16968,
        "text": "歓迎と才能が 無敗さらう"
    },
    {
        "start": 16968,
        "stop": 17612,
        "text": "真直した命で 楽しむさ"
    },
    {
        "start": 17612,
        "stop": 18354,
        "text": "自分だけは自分 信じてる!"
    },
    {
        "start": 18354,
        "stop": 18570,
        "text": "(オラゴン)今で、この事は、何でもいいの?"
    },
    {
        "start": 18570,
        "stop": 18854,
        "text": "(オラゴン)あの、その人たちが 今でも、俺たちを守っているんだよ"
    },
    {
        "start": 18854,
        "stop": 19048,
        "text": "(オラゴン)俺たちが、この人たちを守っているんだよ"
    },
    {
        "start": 19048,
        "stop": 19218,
        "text": "(オラゴン)俺たちを守っているんだよ"
    },
    {
        "start": 19218,
        "stop": 19424,
        "text": "(オラゴン)俺たち、俺たちを守っているんだよ"
    },
    {
        "start": 19424,
        "stop": 19544,
        "text": "(オラゴン)俺たち、俺たちを守っているんだよ"
    },
    {
        "start": 19544,
        "stop": 19722,
        "text": "(オラゴン)俺たちが、俺たちを守っているんだよ"
    },
    {
        "start": 19722,
        "stop": 19862,
        "text": "(オラゴン)俺たちが、俺たちを守っているんだよ"
    },
    {
        "start": 19862,
        "stop": 19924,
        "text": "(オラゴン)俺たちを守っているんだよ"
    },
    {
        "start": 19924,
        "stop": 20092,
        "text": "(オラゴン)俺たち、俺たちを守っているんだよ"
    },
    {
        "start": 20092,
        "stop": 20504,
        "text": "そのくらいのことをやってのける知恵を持つ者でなければ…"
    },
    {
        "start": 20504,
        "stop": 21000,
        "text": "今のエルキアを救うことはできんと思うのじゃよ、ステファニー"
    },
    {
        "start": 21044,
        "stop": 21170,
        "text": "でも…"
    },
    {
        "start": 21170,
        "stop": 21612,
        "text": "我々、イマニティはこのディスボードでは最も弱者"
    },
    {
        "start": 21648,
        "stop": 22106,
        "text": "しかし、だからこそ、強者と渡り合う術を考える"
    },
    {
        "start": 22106,
        "stop": 22296,
        "text": "知恵を身につける"
    },
    {
        "start": 22360,
        "stop": 22550,
        "text": "じいちゃんはそう思う"
    },
    {
        "start": 22576,
        "stop": 22696,
        "text": "おじいさま…"
    },
    {
        "start": 22760,
        "stop": 23088,
        "text": "そんな知恵を持つ者がきっといるはずじゃ"
    },
    {
        "start": 23120,
        "stop": 23548,
        "text": "最弱だからこそ、その強さを知る者が…"
    },
    {
        "start": 23688,
        "stop": 23790,
        "text": "それが…"
    },
    {
        "start": 23826,
        "stop": 24204,
        "text": "我が求めるは血にあらず! 誰もが求めるように!"
    },
    {
        "start": 24204,
        "stop": 24492,
        "text": "そう!求めるは平和である!"
    },
    {
        "start": 24492,
        "stop": 24792,
        "text": "全軍、赤きクイーンゼンに協力…"
    },
    {
        "start": 24844,
        "stop": 25196,
        "text": "大い、全開、誰も死なせないで!"
    },
    {
        "start": 25284,
        "stop": 25494,
        "text": "こ、敗国の共め!"
    },
    {
        "start": 25560,
        "stop": 25844,
        "text": "あっ、赤いコマが縦となって…"
    },
    {
        "start": 25860,
        "stop": 26172,
        "text": "そう、かつて共に戦った仲間を…"
    },
    {
        "start": 26232,
        "stop": 26452,
        "text": "彼らは容易に切れやしない"
    },
    {
        "start": 26552,
        "stop": 26848,
        "text": "まさか、エルフの魔法を上回るなんて"
    },
    {
        "start": 26848,
        "stop": 27096,
        "text": "一体どこの種族を味方につけてるの?"
    },
    {
        "start": 27128,
        "stop": 27384,
        "text": "あんな奴にこの国を渡してしまったら…"
    },
    {
        "start": 27408,
        "stop": 27604,
        "text": "なあ、狂乱の王よ"
    },
    {
        "start": 27640,
        "stop": 27748,
        "text": "知ってるか?"
    },
    {
        "start": 27800,
        "stop": 28352,
        "text": "現実の戦争はなあ、王が撃ち取られる前に 決着をつけることもできるんだぜ"
    },
    {
        "start": 28392,
        "stop": 28788,
        "text": "そっちにもはや勝ち目はない 降伏しろよ!"
    },
    {
        "start": 28904,
        "stop": 29336,
        "text": "これが…戦わずして勝つ方法…"
    },
    {
        "start": 29536,
        "stop": 29628,
        "text": "ソラ!"
    },
    {
        "start": 30112,
        "stop": 30296,
        "text": "降伏ですって!"
    },
    {
        "start": 30496,
        "stop": 30680,
        "text": "この国は渡さない!"
    },
    {
        "start": 30740,
        "stop": 30920,
        "text": "私たちの国は…"
    },
    {
        "start": 31076,
        "stop": 31264,
        "text": "私たちのものよ!"
    },
    {
        "start": 31344,
        "stop": 31716,
        "text": "戦軍、命を捨てて敵王の首を取りなさい!"
    },
    {
        "start": 31776,
        "stop": 31960,
        "text": "裏切り者を蹴って捨てて!"
    },
    {
        "start": 31980,
        "stop": 32080,
        "text": "前へ!"
    },
    {
        "start": 32576,
        "stop": 33128,
        "text": "にぃ…弱った敵王を逸目すぎると こうなる…"
    },
    {
        "start": 33160,
        "stop": 33384,
        "text": "ああ、知ってる…"
    },
    {
        "start": 33432,
        "stop": 33852,
        "text": "ダメですわ… やはり戦わずして勝つなんて…"
    },
    {
        "start": 33884,
        "stop": 34016,
        "text": "だからやった"
    },
    {
        "start": 34024,
        "stop": 34124,
        "text": "えっ?"
    },
    {
        "start": 34324,
        "stop": 34424,
        "text": "にぃ…"
    },
    {
        "start": 34548,
        "stop": 35060,
        "text": "圧制、恐怖支配、独裁者… 不思議なもんだよな"
    },
    {
        "start": 35128,
        "stop": 35752,
        "text": "いつの世もそういう異星者の最後は なぜか反応したように決まってるんだよ"
    },
    {
        "start": 35836,
        "stop": 36368,
        "text": "兵士ユニットですらない身近な誰かによる… 暗殺で終わる"
    },
    {
        "start": 36952,
        "stop": 37396,
        "text": "良いな… 俺らの世界は ここほど良いところじゃなくてね"
    },
    {
        "start": 37472,
        "stop": 37752,
        "text": "こと争い、殺し合いに関しじゃ…"
    },
    {
        "start": 37800,
        "stop": 38028,
        "text": "あんたらよりよほどエキスパートなのよ"
    },
    {
        "start": 38252,
        "stop": 38664,
        "text": "こ…この勝負! 狂白の勝ちとする!"
    },
    {
        "start": 38932,
        "stop": 39420,
        "text": "じいちゃんは信じておる そのようなものが現れるの"
    },
    {
        "start": 39524,
        "stop": 39820,
        "text": "最弱ゆえに強さを知るもの"
    },
    {
        "start": 39832,
        "stop": 40224,
        "text": "最弱ゆえに真の強さと 渡り合えるもの"
    },
    {
        "start": 40232,
        "stop": 40668,
        "text": "それがイマニティの希望 可能性なのじゃよ"
    },
    {
        "start": 40688,
        "stop": 40832,
        "text": "可能性…"
    },
    {
        "start": 40852,
        "stop": 41324,
        "text": "はははよく似合っとるよ ステファニ"
    },
    {
        "start": 41832,
        "stop": 41952,
        "text": "これでいいだろ?"
    },
    {
        "start": 42052,
        "stop": 42464,
        "text": "これが… お前のじいさんが信じ続けた可能性だ"
    },
    {
        "start": 42548,
        "stop": 42648,
        "text": "ソラ…"
    },
    {
        "start": 42680,
        "stop": 43016,
        "text": "イマニティを信じたお前のじいさんは間違ってなかった"
    },
    {
        "start": 43060,
        "stop": 43332,
        "text": "これでグオウと言われずに済む…だろ?"
    },
    {
        "start": 43600,
        "stop": 43696,
        "text": "…はい!"
    },
    {
        "start": 43780,
        "stop": 44060,
        "text": "ありがとう!感謝しますは!"
    },
    {
        "start": 44100,
        "stop": 44252,
        "text": "ソラ…ソラ…"
    },
    {
        "start": 44580,
        "stop": 44700,
        "text": "やっちやっち"
    },
    {
        "start": 44712,
        "stop": 44880,
        "text": "どんなペテンを使ったの?"
    },
    {
        "start": 44900,
        "stop": 44980,
        "text": "ペテン?"
    },
    {
        "start": 44980,
        "stop": 45480,
        "text": "まさかイマニティだけでエルフの魔法に 打ち勝ったなんていうつもりじゃないでしょうね?"
    },
    {
        "start": 45512,
        "stop": 45720,
        "text": "言うつもりだし 事実その通りだ"
    },
    {
        "start": 45760,
        "stop": 45892,
        "text": "何か問題?"
    },
    {
        "start": 45992,
        "stop": 46632,
        "text": "別にな イマニティのためにエルフの力を借りようって 戦略自体はぶっちゃけ悪かないなと思ったよ"
    },
    {
        "start": 46652,
        "stop": 46712,
        "text": "だったら…"
    },
    {
        "start": 46712,
        "stop": 46992,
        "text": "だが お前の考えが気に入らない"
    },
    {
        "start": 47072,
        "stop": 47532,
        "text": "エルフ様の広がなきゃ 生きることもできないなんて ちょっとひくつすぎやしないか?"
    },
    {
        "start": 47552,
        "stop": 47612,
        "text": "だって…"
    },
    {
        "start": 47612,
        "stop": 48052,
        "text": "イマニティにはイマニティのやり方がある 例えばそう"
    },
    {
        "start": 48132,
        "stop": 48892,
        "text": "お前が最後まで 俺らが他国の患者に違いないと思い込んでくれたおかげで 俺らが勝てたようにな"
    },
    {
        "start": 49132,
        "stop": 49712,
        "text": "そんな…はずない… ただの人間が… 魔法に対抗できるはずない!"
    },
    {
        "start": 49712,
        "stop": 50112,
        "text": "そう思うなら結構 それがお前の限界だ"
    },
    {
        "start": 50212,
        "stop": 50912,
        "text": "言っとくぞ 相手がエルフだろうが神だろうが 空白に敗北の双文字はない"
    },
    {
        "start": 51092,
        "stop": 51392,
        "text": "あまり人類を舐めるんじゃね?"
    },
    {
        "start": 51912,
        "stop": 51952,
        "text": "…"
    },
    {
        "start": 52012,
        "stop": 52052,
        "text": "…え?"
    },
    {
        "start": 52372,
        "stop": 52492,
        "text": "どどっ! なんだ!?"
    },
    {
        "start": 52652,
        "stop": 53292,
        "text": "エルフの力取り付けて… 頬にするのに どんな面倒な気がした…"
    },
    {
        "start": 53292,
        "stop": 53492,
        "text": "いや! あっ あのな!"
    },
    {
        "start": 53572,
        "stop": 54072,
        "text": "それは… 舐めてないもん! 奉儀なんなんだもん!"
    },
    {
        "start": 54072,
        "stop": 54322,
        "text": "兄、女の子泣かせた?"
    },
    {
        "start": 54322,
        "stop": 54496,
        "text": "俺が悪いの?"
    },
    {
        "start": 54496,
        "stop": 54684,
        "text": "彼女に…"
    },
    {
        "start": 54684,
        "stop": 54822,
        "text": "どうだい?"
    },
    {
        "start": 55274,
        "stop": 56124,
        "text": "さて、この者、ソラが先帝の戦いを最後まで勝ち抜いたわけであるが、挑む者はもうおらぬか?"
    },
    {
        "start": 56372,
        "stop": 56980,
        "text": "では、全国王の遊戯言に従い、ソラをエルキアの新国王として体幹させる…"
    },
    {
        "start": 56980,
        "stop": 57048,
        "text": "待った!"
    },
    {
        "start": 57048,
        "stop": 57206,
        "text": "またですか?"
    },
    {
        "start": 57206,
        "stop": 57800,
        "text": "ソラじゃなくて空白な。俺らは二人揃って空白。国王は二人だ。"
    },
    {
        "start": 57800,
        "stop": 58120,
        "text": "残念ですが、それはできません。"
    },
    {
        "start": 58120,
        "stop": 58208,
        "text": "え?"
    },
    {
        "start": 58208,
        "stop": 58756,
        "text": "十の名薬で全県代理者を立てるよう決められております。二人にはできません。"
    },
    {
        "start": 58756,
        "stop": 59160,
        "text": "じゃあ役割分担で、建前上は俺が…"
    },
    {
        "start": 59160,
        "stop": 59270,
        "text": "意気あり!"
    },
    {
        "start": 59270,
        "stop": 59724,
        "text": "兄が王様になったらハーレム作れる。シロいらなくなる。"
    },
    {
        "start": 59724,
        "stop": 59874,
        "text": "ハーレム?"
    },
    {
        "start": 59874,
        "stop": 60236,
        "text": "な、何をやっているんです?"
    },
    {
        "start": 60236,
        "stop": 60600,
        "text": "建前上なら…王様はシロ。"
    },
    {
        "start": 60600,
        "stop": 60814,
        "text": "それで意義なし。"
    },
    {
        "start": 60814,
        "stop": 61094,
        "text": "あ、わかりました。では、あらためて…"
    },
    {
        "start": 61094,
        "stop": 61188,
        "text": "意義あり!"
    },
    {
        "start": 61188,
        "stop": 61842,
        "text": "おいおい、待てよマイシスター。お前が冗談言うなんて珍しいな。槍でも振るのか?"
    },
    {
        "start": 61842,
        "stop": 62060,
        "text": "シロ、超本気。"
    },
    {
        "start": 62060,
        "stop": 62388,
        "text": "上等だ。手加減しねえぞ妹よ。"
    },
    {
        "start": 62388,
        "stop": 62712,
        "text": "今日という今日は、絶対に勝つ!"
    },
    {
        "start": 62712,
        "stop": 62978,
        "text": "(シロ)あた…一勝…"
    },
    {
        "start": 62978,
        "stop": 63456,
        "text": "(マイシスター)あほ…(マイシスター)超超…(シロ)いい加減、負けを認めろよ!"
    },
    {
        "start": 63456,
        "stop": 64388,
        "text": "(マイシスター)二連勝を上下にしたな、兄のくぜに。 (シロ)あっ…なんで…王様は一人じゃなきゃいけないんだ。"
    },
    {
        "start": 64388,
        "stop": 66020,
        "text": "兄…十の名薬、その名の…手段における争いは、全県大理者を立てる者とする。"
    },
    {
        "start": 66020,
        "stop": 66394,
        "text": "どこにも一人って名言されてなくね。"
    },
    {
        "start": 66394,
        "stop": 67256,
        "text": "(マイシスター)あっ…(シロ)なんかずいぶん時間かかった気がするな。 (マイシスター)な。"
    },
    {
        "start": 67256,
        "stop": 70042,
        "text": "(マイシスター)自分の不注意が招いたことじゃないです。 (シロ)うん。顔赤い。 (シロ)顔赤くするほどの露出か。 (マイシスター)下履かせてない。 (マイシスター)わざわざ言わないでくれます?何で格好を立てるんですか? (シロ)シロたち窮屈なのに不公平。 (シロ)まあ明らかに履いてない二次元演出も悪くないから。 (マイシスター)何の話ですの!それより、仕事をしていただきますわ。王の補材が続き、内政は完全に停滞しておりますのよ。 (シロ)内政はステフがやれよ。"
    },
    {
        "start": 70042,
        "stop": 70618,
        "text": "(シロ)まあだから裸縛りやってんのにわなはめねえだわ。 (マイシスター)効率優先。 (シロ)そうはいきませんの!"
    },
    {
        "start": 70618,
        "stop": 71860,
        "text": "(シロ)残念ながらエルキア水体により、大臣の中にも他国と繋がっている柄がいるという噂がありますわ。新国王として突き込まれぬように… (シロ)なんだ?そんなことなら…。"
    },
    {
        "start": 71860,
        "stop": 74096,
        "text": "これより名薬に誓い、じゃんけんを行い、わざと負けてもらう。俺はチョキ、皆はパーだ。勝負に負けた者は意護虚偽の報告。また、私意的な伝達。これら一切を禁止する。 (マイシスター)お…。名薬を逆手に取った幼鳥。これでスパイいなくなる。 (シロ)では、いくぞ。 (全員)発善点!"
    },
    {
        "start": 74096,
        "stop": 74822,
        "text": "ご覧の通り、我が国の食糧は極めて深刻な状況にあります。 (シロ)うん。把握した。"
    },
    {
        "start": 74822,
        "stop": 77550,
        "text": "今から伝えることを実践せよ。 (シロ)はっ! (シロ)えっと…。農業に関しては臨災式農業を導入する。補助を一つにし…。 (マイシスター)小麦粉砕大麦牧草…。 (シロ)以上のローテーションを組んで工作しろ。 (シロ)はっ! (マイシスター)国債…とは? (シロ)詳しくは後で教える。国債を発行し銀行に交わせろ。それで予算を。 (シロ)よっ、許意に! (シロ)とりあえず、これで数単位四隅ってところか。"
    },
    {
        "start": 77722,
        "stop": 80706,
        "text": "(マイシスター)あ、あなた、一体何者ですの? 内政をこんなにあっさりと…。 (シロ)ああ、シビーでも内政は一気にやりたいタイプなんだな。クイズゲーム用にバカみたいに専門書入れておいて正解だった。 (マイシスター)スニー、ズル、それチート…。 (シロ)魔法なんつ、公式チートがある世界で、チーター呼ばわりはやめてくれません。 (マイシスター)いよいよなのです。 (シロ)さてと、いよいよか。 (マイシスター)始まりますな。"
    },
    {
        "start": 80706,
        "stop": 80932,
        "text": "(葵)まさか本当に その格好で…"
    },
    {
        "start": 80940,
        "stop": 81290,
        "text": "(明)ああ やっぱ この格好が 一番落ち着く"
    },
    {
        "start": 81302,
        "stop": 81490,
        "text": "(葵)うん (明)うん?"
    },
    {
        "start": 81502,
        "stop": 81682,
        "text": "ほんじゃちょっくら…"
    },
    {
        "start": 81786,
        "stop": 81978,
        "text": "いってきますか!"
    },
    {
        "start": 82724,
        "stop": 83128,
        "text": "(メイド・オラゴン)あ~ あ~ (葵)あーっ!"
    },
    {
        "start": 83128,
        "stop": 83424,
        "text": "(明)ああ~ (オラゴン)うっ うっ うっ うん…"
    },
    {
        "start": 83436,
        "stop": 83824,
        "text": "(明)ごきげんよう! (葵)うぅ… 緊張してる…"
    },
    {
        "start": 83836,
        "stop": 84332,
        "text": "(明)うっさい 群衆教師は お互い様だろ ふたんは 抑えてんの…"
    },
    {
        "start": 84344,
        "stop": 84528,
        "text": "(オラゴン)ああ…"
    },
    {
        "start": 84540,
        "stop": 84932,
        "text": "(明)うっ… (オラゴン)はい…"
    },
    {
        "start": 85324,
        "stop": 86142,
        "text": "(明)敬愛する国民 いや イマニティ同胞諸君ーー"
    },
    {
        "start": 86154,
        "stop": 86508,
        "text": "我々 イマニティは 銃の名訳のもとーー"
    },
    {
        "start": 86520,
        "stop": 86820,
        "text": "戦争のない この世界において 負け続けーー"
    },
    {
        "start": 86832,
        "stop": 87216,
        "text": "最後の年 このエルキアを 残すのみになっているーー"
    },
    {
        "start": 87228,
        "stop": 87624,
        "text": "ここで われは皆に問う それはなぜだ?ーー"
    },
    {
        "start": 87636,
        "stop": 88078,
        "text": "全国王が失敗したからか われわれが 最下位の種族だからかーー"
    },
    {
        "start": 88090,
        "stop": 88516,
        "text": "魔法を使えないからか 無力に滅ぶ運命にあるからかーー"
    },
    {
        "start": 88528,
        "stop": 88778,
        "text": "いなだ! (オラゴン)あっ…"
    },
    {
        "start": 88790,
        "stop": 88996,
        "text": "(明)かつて イニシエの対戦においてーー"
    },
    {
        "start": 89008,
        "stop": 89334,
        "text": "神々が エルフが ワービーストがーー"
    },
    {
        "start": 89346,
        "stop": 89850,
        "text": "多くの種族が争う中 われわれは 戦い そして生き残ったーー"
    },
    {
        "start": 89862,
        "stop": 90358,
        "text": "かつては この大陸全土をすら 人類国家が占めていたのは なぜだ?ーー"
    },
    {
        "start": 90370,
        "stop": 90666,
        "text": "われらが 暴力を得意とする種族だからかーー"
    },
    {
        "start": 90678,
        "stop": 91154,
        "text": "エルフのような魔法を使えず ワービーストのような身体能力もなくーー"
    },
    {
        "start": 91166,
        "stop": 91462,
        "text": "フリューゲルのような 超大な寿命もないわれわれがーー"
    },
    {
        "start": 91474,
        "stop": 91920,
        "text": "大陸を支配できたのは 戦いに特化していたからかーー"
    },
    {
        "start": 91932,
        "stop": 92070,
        "text": "断じていなだ!ーー"
    },
    {
        "start": 92082,
        "stop": 92378,
        "text": "われらが戦い 生き残ったのはーー"
    },
    {
        "start": 92390,
        "stop": 92704,
        "text": "われらが弱者だったからだーー"
    },
    {
        "start": 92716,
        "stop": 93270,
        "text": "いつの時代 どこの世界でも 強者は牙を 弱者は知恵を磨くーー"
    },
    {
        "start": 93282,
        "stop": 93524,
        "text": "われらがなぜ 今 追い詰められているか?ーー"
    },
    {
        "start": 93536,
        "stop": 93870,
        "text": "それは 銃の名訳によって 強者が牙をもがれーー"
    },
    {
        "start": 93882,
        "stop": 94174,
        "text": "知恵を磨くことを覚えたからに 他ならないーー"
    },
    {
        "start": 94186,
        "stop": 94700,
        "text": "われら 弱者の戦媒特許であったはずの 地略を 戦略をーー"
    },
    {
        "start": 94712,
        "stop": 95100,
        "text": "生き残るための力を 強者が手にしたからだーー"
    },
    {
        "start": 95112,
        "stop": 95312,
        "text": "それがこの参上だ!ーー"
    },
    {
        "start": 95758,
        "stop": 95908,
        "text": "皆のもの 答えよーー"
    },
    {
        "start": 95920,
        "stop": 96170,
        "text": "なぜに 甲部をたれるのか?ーー"
    },
    {
        "start": 96282,
        "stop": 96628,
        "text": "繰り返そう! なぜ 甲部をたれるのか?ーー"
    },
    {
        "start": 96640,
        "stop": 96824,
        "text": "我々は弱者だ!ーー"
    },
    {
        "start": 96836,
        "stop": 97196,
        "text": "今もなお 昔もそうだったように!ーー"
    },
    {
        "start": 97208,
        "stop": 97558,
        "text": "そう 何も変わってなど いないではないか!ーー"
    },
    {
        "start": 97570,
        "stop": 98120,
        "text": "強者が弱者をまねて振るう武器は その本領を発揮しない!ーー"
    },
    {
        "start": 98132,
        "stop": 98446,
        "text": "なぜなら 我らの武器の本質にあるのはーー"
    },
    {
        "start": 98458,
        "stop": 98958,
        "text": "卑屈なまでの弱さゆえの臆病さだからだ!ーー"
    },
    {
        "start": 98970,
        "stop": 99350,
        "text": "臆病ゆえに 我らは魔法から逃れる知恵もある!ーー"
    },
    {
        "start": 99362,
        "stop": 100028,
        "text": "臆病ゆえに 学習と経験から生じる 未来予知にすら到達し得る知恵を持っている!ーー"
    },
    {
        "start": 100040,
        "stop": 100396,
        "text": "みたび繰り返す! 我らは弱者だ!ーー"
    },
    {
        "start": 100408,
        "stop": 100908,
        "text": "いつの世も強者であることにあぐらをかいた者どもの! 喉元を食いちぎってきた!ーー"
    },
    {
        "start": 100920,
        "stop": 101158,
        "text": "誇り高き弱者だ!"
    },
    {
        "start": 101170,
        "stop": 101562,
        "text": "我々はここに 205代エルキア国王…ーー"
    },
    {
        "start": 101574,
        "stop": 101720,
        "text": "女王として…ーー"
    },
    {
        "start": 101732,
        "stop": 102020,
        "text": "退還したことを宣言する!ーー"
    },
    {
        "start": 102700,
        "stop": 103286,
        "text": "あれが… 宣言大理者に与えられる 朱のすべて… 朱の鞄…"
    },
    {
        "start": 103300,
        "stop": 103708,
        "text": "我ら二人は弱者として生き 弱者らしく戦い!ーー"
    },
    {
        "start": 103720,
        "stop": 103970,
        "text": "そして弱者らしく強者を奉ることを!ーー"
    },
    {
        "start": 103982,
        "stop": 104182,
        "text": "ここに宣言する!ーー"
    },
    {
        "start": 104194,
        "stop": 104628,
        "text": "かつてそうだったように これからもそうであるように!ーー"
    },
    {
        "start": 104640,
        "stop": 104998,
        "text": "認めよう! 我ら最弱の種族!ーー"
    },
    {
        "start": 105012,
        "stop": 105540,
        "text": "何ももって生まれぬゆえに 何者にもなれる最弱の種族であることを!"
    },
    {
        "start": 105552,
        "stop": 106048,
        "text": "(歓声)"
    },
    {
        "start": 106060,
        "stop": 106428,
        "text": "さあ ゲームを始めよう! もう散々苦しんだろ?ーー"
    },
    {
        "start": 106440,
        "stop": 106648,
        "text": "もう過剰に引き継いだろ?"
    },
    {
        "start": 106660,
        "stop": 106994,
        "text": "待たせたな イマリティ同胞諸君ーー"
    },
    {
        "start": 107006,
        "stop": 107452,
        "text": "今この瞬間 我がエルキアは 全世界の国に対して!ーー"
    },
    {
        "start": 107598,
        "stop": 107764,
        "text": "戦線覆国する!ーー"
    },
    {
        "start": 107776,
        "stop": 107872,
        "text": "な?ーー"
    },
    {
        "start": 107886,
        "stop": 108060,
        "text": "反撃の呪わげろ!ーー"
    },
    {
        "start": 108072,
        "stop": 108394,
        "text": "我らの国境戦 返してもらうぞ!ーー"
    },
    {
        "start": 108406,
        "stop": 108814,
        "text": "(歓声)"
    },
    {
        "start": 108828,
        "stop": 109090,
        "text": "ななな なんてことしてくれたんです!ーー"
    },
    {
        "start": 109102,
        "stop": 109240,
        "text": "(歓声)"
    },
    {
        "start": 109252,
        "stop": 109398,
        "text": "どんだけ当ててるんだよ 引くわーー"
    },
    {
        "start": 109410,
        "stop": 109546,
        "text": "ステフ きもいーー"
    },
    {
        "start": 109560,
        "stop": 109784,
        "text": "俺が落ち着いていられますか!ーー"
    },
    {
        "start": 109796,
        "stop": 110096,
        "text": "戦線覆国なんて 国を滅ぼすつもりです!ーー"
    },
    {
        "start": 110110,
        "stop": 110442,
        "text": "いい加減 人を疑うことを 覚えろって言ってるだろ?ーー"
    },
    {
        "start": 110456,
        "stop": 110538,
        "text": "は?ーー"
    },
    {
        "start": 110550,
        "stop": 110848,
        "text": "俺らがエルフを撃ち破った事実を 他国はどう見る?"
    },
    {
        "start": 110860,
        "stop": 111168,
        "text": "エルフ以上の種族の支援 受けているーー"
    },
    {
        "start": 111180,
        "stop": 111368,
        "text": "ああ 確かに!"
    },
    {
        "start": 111380,
        "stop": 111772,
        "text": "つまり 背後にいる種族が 何かわかるまでは?"
    },
    {
        "start": 111784,
        "stop": 111960,
        "text": "仕掛けられない?"
    },
    {
        "start": 111972,
        "stop": 112352,
        "text": "ああ 世界中が疑心暗記になるから 仕掛けられない!ーー"
    },
    {
        "start": 112364,
        "stop": 112530,
        "text": "(レン) イエーイーー"
    },
    {
        "start": 112548,
        "stop": 112756,
        "text": "(レン) イエーイーー"
    },
    {
        "start": 112772,
        "stop": 112976,
        "text": "(レン) イエーイ (レン) イエーイーー"
    },
    {
        "start": 112992,
        "stop": 113096,
        "text": "(レン) イエーイーー"
    },
    {
        "start": 113118,
        "stop": 113264,
        "text": "(レン) イエーイーー"
    },
    {
        "start": 113280,
        "stop": 113422,
        "text": "(レン) イエーイーー"
    },
    {
        "start": 113438,
        "stop": 113676,
        "text": "(レン) イエーイーー"
    },
    {
        "start": 113692,
        "stop": 113848,
        "text": "(レン) イエーイ...ーー"
    },
    {
        "start": 113864,
        "stop": 114064,
        "text": "(レン) イエーイ..."
    },
    {
        "start": 114080,
        "stop": 114164,
        "text": "(レン) イエーイ..."
    },
    {
        "start": 114180,
        "stop": 114380,
        "text": "(レン) イエーイ..."
    },
    {
        "start": 114396,
        "stop": 114642,
        "text": "(レン) イエーイ..."
    },
    {
        "start": 114660,
        "stop": 114872,
        "text": "(レン) イエーイ..."
    },
    {
        "start": 114888,
        "stop": 115068,
        "text": "(レン) イエーイ..."
    },
    {
        "start": 115084,
        "stop": 115404,
        "text": "(レン) イエーイ..."
    },
    {
        "start": 115422,
        "stop": 115634,
        "text": "(レン) イエーイ..."
    },
    {
        "start": 115652,
        "stop": 115838,
        "text": "(レン) イエーイ..."
    },
    {
        "start": 115856,
        "stop": 116030,
        "text": "(レン) イエーイ..."
    },
    {
        "start": 116046,
        "stop": 116168,
        "text": "(レン) イエーイ..."
    },
    {
        "start": 116184,
        "stop": 116380,
        "text": "(レン) イエーイ..."
    },
    {
        "start": 116396,
        "stop": 116580,
        "text": "(レン) イエーイ..."
    },
    {
        "start": 116596,
        "stop": 116788,
        "text": "(レン) イエーイ..."
    },
    {
        "start": 116804,
        "stop": 116964,
        "text": "(レン) イエーイ..."
    },
    {
        "start": 116980,
        "stop": 117188,
        "text": "(レン) イエーイ..."
    },
    {
        "start": 117204,
        "stop": 117380,
        "text": "(レン) イエーイ..."
    },
    {
        "start": 117396,
        "stop": 117642,
        "text": "(レン) イエーイ..."
    },
    {
        "start": 117660,
        "stop": 117868,
        "text": "(レン) イエーイ..."
    },
    {
        "start": 117884,
        "stop": 118072,
        "text": "(レン) イエーイ..."
    },
    {
        "start": 118076,
        "stop": 118260,
        "text": "(レン) イエーイ..."
    },
    {
        "start": 118676,
        "stop": 118922,
        "text": "(オラゴン) な… なんですの?"
    },
    {
        "start": 119276,
        "stop": 119384,
        "text": "(オラゴン) え?"
    },
    {
        "start": 119602,
        "stop": 120026,
        "text": "(オラゴン) うっ! なかなか楽しいことになってるみたいだね"
    },
    {
        "start": 120044,
        "stop": 120206,
        "text": "(オラゴン) 自称神様?"
    },
    {
        "start": 120222,
        "stop": 120626,
        "text": "(オラゴン) やだな 自称じゃなくて 紛れもなく神様"
    },
    {
        "start": 120644,
        "stop": 120852,
        "text": "(オラゴン) 手とって名前もあるしね"
    },
    {
        "start": 121026,
        "stop": 121284,
        "text": "(オラゴン) まさー! (オラゴン) どうかな?"
    },
    {
        "start": 121300,
        "stop": 121626,
        "text": "(オラゴン) 僕の世界 気に入ってくれたかな?"
    },
    {
        "start": 121642,
        "stop": 122034,
        "text": "(レン) あ… あはっ いいセンスしてるよ"
    },
    {
        "start": 122050,
        "stop": 122414,
        "text": "(レン) 傍観主義者の 俺らの神様にも見せてやりたいね"
    },
    {
        "start": 122430,
        "stop": 122510,
        "text": "(オラゴン) そう?"
    },
    {
        "start": 122526,
        "stop": 122884,
        "text": "(レン) 敵は魔法を使い 俺たちは使えない"
    },
    {
        "start": 122900,
        "stop": 123318,
        "text": "(レン) 残る領土は都市たった一つ 状況は絶望的"
    },
    {
        "start": 123334,
        "stop": 123648,
        "text": "(レン) 空白の何かけで 一度のクロボシも許されない"
    },
    {
        "start": 123664,
        "stop": 123818,
        "text": "(レン) それがこの世界だ"
    },
    {
        "start": 123896,
        "stop": 124002,
        "text": "(レン) どうもよ"
    },
    {
        "start": 124018,
        "stop": 124126,
        "text": "(オラゴン) 最高"
    },
    {
        "start": 124142,
        "stop": 124286,
        "text": "(レン) たよな? ハハッ"
    },
    {
        "start": 124302,
        "stop": 124778,
        "text": "(オラゴン) えへっ どうやら君たちを呼んだのは 間違いじゃなかったようだね"
    },
    {
        "start": 124794,
        "stop": 125082,
        "text": "(オラゴン) でも僕も基本は傍観主義だよ"
    },
    {
        "start": 125098,
        "stop": 125354,
        "text": "(オラゴン) 特定の種族に 偏りはしない"
    },
    {
        "start": 125370,
        "stop": 125638,
        "text": "(オラゴン) ただ 前に言ったよね"
    },
    {
        "start": 125654,
        "stop": 125962,
        "text": "(オラゴン) 全てがゲームで決まる世界だって"
    },
    {
        "start": 125980,
        "stop": 126134,
        "text": "(レン) なるほど"
    },
    {
        "start": 126150,
        "stop": 126538,
        "text": "(レン) つまり 唯一真の座祭 ゲームで決まるってことだ"
    },
    {
        "start": 126554,
        "stop": 126700,
        "text": "(オラゴン) 正解!"
    },
    {
        "start": 126718,
        "stop": 127110,
        "text": "(オラゴン) わざわざ16種族に設定したのも そのためだったのさ?"
    },
    {
        "start": 127210,
        "stop": 127464,
        "text": "(レン) チェスの駒は 片側16"
    },
    {
        "start": 127482,
        "stop": 127936,
        "text": "(レン) つまり 全種族を制覇するのが 神への挑戦権ってことだ"
    },
    {
        "start": 127952,
        "stop": 128220,
        "text": "(オラゴン) いいね その頭の回転"
    },
    {
        "start": 128236,
        "stop": 128578,
        "text": "(オラゴン) 異世界から来たばかりとは 思えない純能性だよ"
    },
    {
        "start": 128594,
        "stop": 128774,
        "text": "(レン) そりゃどうも"
    },
    {
        "start": 128790,
        "stop": 129020,
        "text": "(レン) でも 笑ってていいの?"
    },
    {
        "start": 129036,
        "stop": 129446,
        "text": "(レン) あらゆるゲームで頂点に立つのが 俺らのポリシーなんだけど"
    },
    {
        "start": 129462,
        "stop": 130038,
        "text": "(オラゴン) だからこそ 君たちは きっと僕への挑戦権を獲得しにくると踏んだ"
    },
    {
        "start": 130054,
        "stop": 130476,
        "text": "(レン) お前さ 既に一度 俺らにチェスで負けてんの 忘れてない?"
    },
    {
        "start": 130492,
        "stop": 130842,
        "text": "(オラゴン) そうだね でも 次は負けないよ"
    },
    {
        "start": 131126,
        "stop": 131364,
        "text": "(レン) なあ 神様? (オラゴン) デトでいいよ"
    },
    {
        "start": 131380,
        "stop": 131786,
        "text": "(レン) じゃあ デト お前負けたことなかったろ?"
    },
    {
        "start": 131802,
        "stop": 132328,
        "text": "遊戯の神が初めてゲームで負けて 悔しくて悔しくて 俺らを呼んだ"
    },
    {
        "start": 132344,
        "stop": 132494,
        "text": "(レン) 違うか?"
    },
    {
        "start": 132648,
        "stop": 132936,
        "text": "(オラゴン) 面白いね どうしてそう思う?"
    },
    {
        "start": 132952,
        "stop": 133270,
        "text": "(レン) その気持ち よーく分かるからだよ"
    },
    {
        "start": 133286,
        "stop": 133466,
        "text": "空白に敗北はない"
    },
    {
        "start": 133482,
        "stop": 133912,
        "text": "(オラゴン) じゃあ… (レン) 互い相手には 何度も負け合ってるんだわ"
    },
    {
        "start": 133928,
        "stop": 134150,
        "text": "(オラゴン) 勝ち逃げは許さない"
    },
    {
        "start": 134354,
        "stop": 134708,
        "text": "(オラゴン) ふっ… うっははははは!"
    },
    {
        "start": 134724,
        "stop": 135050,
        "text": "(オラゴン) やっぱり 君たちを選んで 爽快だったよ!"
    },
    {
        "start": 135066,
        "stop": 135292,
        "text": "(オラゴン) そう 勝ち逃げはさせない"
    },
    {
        "start": 135308,
        "stop": 135742,
        "text": "(オラゴン) 次は僕が勝つ それが理由さ ガッカリしたかい?"
    },
    {
        "start": 135758,
        "stop": 136056,
        "text": "(レン) いや むしろ人類を救えとか"
    },
    {
        "start": 136072,
        "stop": 136356,
        "text": "ご高聖な理由じゃなくて 安心したくらいだ"
    },
    {
        "start": 136372,
        "stop": 136660,
        "text": "(オラゴン) じゃあ そろそろ帰るよ バイバーイ"
    },
    {
        "start": 136676,
        "stop": 136898,
        "text": "(レン) おーい テト (オラゴン) えっ?"
    },
    {
        "start": 136914,
        "stop": 137168,
        "text": "(レン) 生まれ直させてくれて感謝するぜ"
    },
    {
        "start": 137186,
        "stop": 137502,
        "text": "ここは 俺らのいるべき世界だ"
    },
    {
        "start": 137518,
        "stop": 137744,
        "text": "(テト) ありがとう 神様"
    },
    {
        "start": 137902,
        "stop": 138266,
        "text": "(オラゴン) また近いうちに 今度はチェスバンで…"
    },
    {
        "start": 138282,
        "stop": 138428,
        "text": "(テト) えっ? えっ?"
    },
    {
        "start": 138916,
        "stop": 139162,
        "text": "(オラゴン) テ… テトって…"
    },
    {
        "start": 139282,
        "stop": 139466,
        "text": "(オラゴン) そら! シロ!"
    },
    {
        "start": 139516,
        "stop": 139854,
        "text": "(オラゴン) 今の テトって まさか あの 唯一人だ!"
    },
    {
        "start": 139870,
        "stop": 140004,
        "text": "(シロ) ああ そうだけど"
    },
    {
        "start": 140020,
        "stop": 140192,
        "text": "(オラゴン) どういうことですか?"
    },
    {
        "start": 140208,
        "stop": 140450,
        "text": "ゲームで勝ったようなことも 言ってましたわよね!"
    },
    {
        "start": 140466,
        "stop": 140718,
        "text": "(シロ) それはいいから とりあえず ここからおろしてくれ"
    },
    {
        "start": 140734,
        "stop": 141256,
        "text": "(オラゴン) さて 差し当たって 様式日として こう書き出してしよう"
    },
    {
        "start": 141272,
        "stop": 141510,
        "text": "(オラゴン) 昔 昔…と"
    },
    {
        "start": 141526,
        "stop": 142144,
        "text": "(テト) まずは世界制覇 そして 目標は 打倒神様ってことで"
    },
    {
        "start": 142160,
        "stop": 142640,
        "text": "(オラゴン) 最も新しき神話を 今 語るとしよう"
    },
    {
        "start": 142664,
        "stop": 142790,
        "text": "(オラゴン) はっはっはっはっ!"
    },
    {
        "start": 142874,
        "stop": 143066,
        "text": "(オラゴン) 昨夜はお楽しみだしたわね!"
    },
    {
        "start": 143082,
        "stop": 143294,
        "text": "(テト) おう ゲーム付けだったぜ!"
    },
    {
        "start": 143294,
        "stop": 143938,
        "text": "さよなら僕らきっと真似合われるから…"
    },
    {
        "start": 143938,
        "stop": 144338,
        "text": "他の動画もご覧ください。 次回はお楽しみに!"
    }
]