[
    {
        "start": 0,
        "stop": 200,
        "text": "お風呂嫌~…"
    },
    {
        "start": 200,
        "stop": 500,
        "text": "ちょ、白!そんなに動かれても笑えませんの!?"
    },
    {
        "start": 500,
        "stop": 800,
        "text": "知っても、あんだけのことがあったんだ"
    },
    {
        "start": 800,
        "stop": 1100,
        "text": "さすがに今日は風呂に入るべきだろ、妹よ"
    },
    {
        "start": 1300,
        "stop": 1600,
        "text": "髪ゴワゴワするから、嫌…"
    },
    {
        "start": 1600,
        "stop": 1900,
        "text": "でしたらこちらのシャンプーなどはいかがでしょうか?"
    },
    {
        "start": 1900,
        "stop": 2200,
        "text": "ガガガガガガ!どっから湧いてきた?ジブリール!"
    },
    {
        "start": 2200,
        "stop": 2600,
        "text": "プリュゲルご用他し、精霊水配合のシャンプーでございます"
    },
    {
        "start": 2600,
        "stop": 3000,
        "text": "ふんわりしっとりと上質な仕上がりになることを受け合いでございます"
    },
    {
        "start": 3000,
        "stop": 3600,
        "text": "というわけで、このジブリールめがマスターたちの奴隷としてお背中を流しいたします"
    },
    {
        "start": 3700,
        "stop": 3800,
        "text": "い世界一のウィッチのお前…"
    },
    {
        "start": 3800,
        "stop": 4200,
        "text": "関わるな白!そいつは存在そのものが18禁だ!"
    },
    {
        "start": 4200,
        "stop": 4500,
        "text": "ジブリール、待て!"
    },
    {
        "start": 4500,
        "stop": 4600,
        "text": "あれ!?"
    },
    {
        "start": 4600,
        "stop": 4900,
        "text": "ジブリール、そこで見てるだけ"
    },
    {
        "start": 4900,
        "stop": 5100,
        "text": "えぇ~そんな!"
    },
    {
        "start": 5100,
        "stop": 5300,
        "text": "湯気だらけで生物を!"
    },
    {
        "start": 5300,
        "stop": 5600,
        "text": "すでにマスターとしてジブリールを完成にしようと…"
    },
    {
        "start": 5600,
        "stop": 5900,
        "text": "すげぇさ白さんマジパレス!"
    },
    {
        "start": 5900,
        "stop": 6200,
        "text": "この状況になれつつある自分が嫌ですわ…"
    },
    {
        "start": 6300,
        "stop": 6800,
        "text": "回り続けてる 悪夢にはなり下がらない"
    },
    {
        "start": 6800,
        "stop": 7300,
        "text": "平気を演じる 感情を変えられる"
    },
    {
        "start": 7300,
        "stop": 7700,
        "text": "この世界の世界の中で何をしているのか"
    },
    {
        "start": 7700,
        "stop": 8100,
        "text": "何をしているのか 全てのことを分かることにして"
    },
    {
        "start": 8100,
        "stop": 8600,
        "text": "何をしているのか 全てのことを分かることにして"
    },
    {
        "start": 8600,
        "stop": 9000,
        "text": "何をしているのか 全てのことを分かることにして"
    },
    {
        "start": 9000,
        "stop": 9400,
        "text": "何をしているのか 全てのことを分かることにして"
    },
    {
        "start": 9400,
        "stop": 9700,
        "text": "何をしているのか 全てのことを分かることにして"
    },
    {
        "start": 9700,
        "stop": 10100,
        "text": "何をしているのか 全てのことを分かることにして"
    },
    {
        "start": 10100,
        "stop": 10500,
        "text": "何をしているのか 全てのことを分かることにして"
    },
    {
        "start": 10500,
        "stop": 10900,
        "text": "何をしているのか 全てのことを分かることにして"
    },
    {
        "start": 10900,
        "stop": 11300,
        "text": "何をしているのか 全てのことを分かることにして"
    },
    {
        "start": 11300,
        "stop": 11700,
        "text": "何をしているのか 全てのことを分かることにして"
    },
    {
        "start": 11700,
        "stop": 12200,
        "text": "変えてやる 染まらない クエクセ"
    },
    {
        "start": 12200,
        "stop": 12600,
        "text": "みんなまだに 救えたい"
    },
    {
        "start": 12600,
        "stop": 12800,
        "text": "なんていらない"
    },
    {
        "start": 12800,
        "stop": 13200,
        "text": "怒鳴りし 襲うでも"
    },
    {
        "start": 13200,
        "stop": 13500,
        "text": "勝てないだけの話だ"
    },
    {
        "start": 13500,
        "stop": 14100,
        "text": "また 元気と才能が 無敗さらう"
    },
    {
        "start": 14100,
        "stop": 14700,
        "text": "まだ 直した命で楽しむさ"
    },
    {
        "start": 14700,
        "stop": 15500,
        "text": "自分だけは 自分を信じてる"
    },
    {
        "start": 15500,
        "stop": 15800,
        "text": "みんなまだに 救えたい"
    },
    {
        "start": 15800,
        "stop": 16100,
        "text": "なんていらない"
    },
    {
        "start": 16100,
        "stop": 16500,
        "text": "救えたい なんていらない"
    },
    {
        "start": 16600,
        "stop": 16800,
        "text": "こ、これは何ですの?"
    },
    {
        "start": 16800,
        "stop": 17300,
        "text": "マスターのために用意させていただきました キッチンでございます"
    },
    {
        "start": 17300,
        "stop": 17500,
        "text": "えーっと、セテフさん?"
    },
    {
        "start": 17500,
        "stop": 17700,
        "text": "ステフ! ステファニードーラですわ!"
    },
    {
        "start": 17700,
        "stop": 18100,
        "text": "私、マスター以外のイマニティには これっぽっちも興味ございませんので"
    },
    {
        "start": 18100,
        "stop": 18300,
        "text": "ドラちゃんとお呼びしますね"
    },
    {
        "start": 18300,
        "stop": 18400,
        "text": "ど、ドラー!"
    },
    {
        "start": 18400,
        "stop": 18700,
        "text": "そのドラちゃんにマスターより伝言です"
    },
    {
        "start": 18700,
        "stop": 19100,
        "text": "ここには砂糖やバターも山ほどあるんで お前の自由に使っていいぞ"
    },
    {
        "start": 19100,
        "stop": 19200,
        "text": "以上でございます"
    },
    {
        "start": 19200,
        "stop": 19400,
        "text": "本当ですの?"
    },
    {
        "start": 19400,
        "stop": 19800,
        "text": "はあ、これだけあればもっと色々なお菓子が"
    },
    {
        "start": 19800,
        "stop": 20100,
        "text": "て、それ間接的に 私に作るってことですわ"
    },
    {
        "start": 20100,
        "stop": 20400,
        "text": "いつもいつも人のことをいいように使って"
    },
    {
        "start": 20400,
        "stop": 20700,
        "text": "ステフがいなきゃ俺らも負けてた ありがとう"
    },
    {
        "start": 20700,
        "stop": 20900,
        "text": "きゃー、もうですわ!"
    },
    {
        "start": 20900,
        "stop": 21300,
        "text": "なるほど これがイマニティの恋愛感情というものなのですね"
    },
    {
        "start": 21300,
        "stop": 21400,
        "text": "恋、愛?"
    },
    {
        "start": 21400,
        "stop": 21700,
        "text": "はっはっは、ち、違うんですよ!"
    },
    {
        "start": 21700,
        "stop": 22000,
        "text": "これ続けろと命じられてはいないドラちゃんに"
    },
    {
        "start": 22000,
        "stop": 22400,
        "text": "果て、なぜ高級的影響が出ているのか"
    },
    {
        "start": 22400,
        "stop": 22900,
        "text": "マスターがかかわる者みんなすべて 興味は尽きのございます"
    },
    {
        "start": 23600,
        "stop": 23800,
        "text": "戻ったのですよ、クラミー"
    },
    {
        "start": 23800,
        "stop": 24100,
        "text": "えっと、情報?食事?"
    },
    {
        "start": 24100,
        "stop": 24400,
        "text": "それとも、私?"
    },
    {
        "start": 24600,
        "stop": 24800,
        "text": "まずは服かしらね"
    },
    {
        "start": 24900,
        "stop": 25200,
        "text": "ん?おいしくなってる"
    },
    {
        "start": 25200,
        "stop": 25800,
        "text": "なんでも全国王のおまごさんが 新国王の政策を実施し出してから"
    },
    {
        "start": 25800,
        "stop": 26100,
        "text": "暮らし向きが少しよくなっているそうなのですよ"
    },
    {
        "start": 26100,
        "stop": 26400,
        "text": "そう、ステファニードーラが"
    },
    {
        "start": 26400,
        "stop": 26900,
        "text": "フン、カエライのカエライなんて グオウのまご娘らしく恥じ知らずね"
    },
    {
        "start": 26900,
        "stop": 27200,
        "text": "ほんとは意地悪したこと気にあんでて"
    },
    {
        "start": 27200,
        "stop": 27700,
        "text": "一人でこっそり謝り方を練習しているクラミーも かわいいのですよ"
    },
    {
        "start": 27700,
        "stop": 28200,
        "text": "な、なんでしてるの?じゃなかった そんなことより他に情報はないの?"
    },
    {
        "start": 28200,
        "stop": 28400,
        "text": "んー、そうですね"
    },
    {
        "start": 28400,
        "stop": 29200,
        "text": "あとは新国王がフリューゲルを手に入れたことと 東部連合に興味を持っていることぐらいなのですよ"
    },
    {
        "start": 29200,
        "stop": 29300,
        "text": "なんて?"
    },
    {
        "start": 29600,
        "stop": 29800,
        "text": "つい今日が乗りすぎましたわ"
    },
    {
        "start": 29800,
        "stop": 30400,
        "text": "これもひいては今にちんのため 断じて恋愛館長とかじゃありませんのよ"
    },
    {
        "start": 30400,
        "stop": 30900,
        "text": "ではジブリール君、俺に制服される 獣耳少子たちの楽園"
    },
    {
        "start": 30900,
        "stop": 31200,
        "text": "東部連合について聞かせてもらおうか"
    },
    {
        "start": 31200,
        "stop": 31400,
        "text": "この国もうダメかもしれませんわね"
    },
    {
        "start": 31400,
        "stop": 31600,
        "text": "かしこまりました"
    },
    {
        "start": 31800,
        "stop": 32500,
        "text": "ワービーストはその身体的特徴の際から 長年部族ごとに内戦状態にありました"
    },
    {
        "start": 32500,
        "stop": 33000,
        "text": "それがミコと呼ばれる個体によって 半世紀足らずで平定、併合されていき"
    },
    {
        "start": 33000,
        "stop": 33400,
        "text": "世界第3位の巨大海洋国家 東部連合となったのです"
    },
    {
        "start": 33400,
        "stop": 33900,
        "text": "うん、要するに猫耳っ子や犬耳っ子、狐耳っ子、ウサ耳っ子など"
    },
    {
        "start": 33900,
        "stop": 34200,
        "text": "いくつの獣耳っ子たちがいて そのすべてが俺のものだということだな"
    },
    {
        "start": 34200,
        "stop": 34400,
        "text": "よし、さっそく攻め滅ぼそう"
    },
    {
        "start": 34400,
        "stop": 35000,
        "text": "そのためにも数千年にわたって収集した お前の知識、役立ててもらうぞ"
    },
    {
        "start": 35000,
        "stop": 35400,
        "text": "残念ですが、それは不可能でございます"
    },
    {
        "start": 35400,
        "stop": 35800,
        "text": "恐れながらいくらマスターたちでも 東部連合には勝てないかと"
    },
    {
        "start": 35800,
        "stop": 36100,
        "text": "ジブリール、それは…"
    },
    {
        "start": 36100,
        "stop": 36300,
        "text": "空白が負けると…"
    },
    {
        "start": 36300,
        "stop": 36700,
        "text": "いえ、私ではご期待に添えないという意味でございます"
    },
    {
        "start": 36700,
        "stop": 37300,
        "text": "なぜなら私は一度、東部連合に挑み 負けております"
    },
    {
        "start": 37300,
        "stop": 38000,
        "text": "決まりね、今のエルキアの背後には東部連合、ワービーストがいるわ"
    },
    {
        "start": 38000,
        "stop": 38200,
        "text": "なぜそう言い切れるのですか?"
    },
    {
        "start": 38200,
        "stop": 38400,
        "text": "フィーなら分かるでしょう?"
    },
    {
        "start": 38400,
        "stop": 39100,
        "text": "エルブンガルドもまた、過去東部連合に4度挑み いずれも敗北したんだから"
    },
    {
        "start": 39100,
        "stop": 39600,
        "text": "はぁ…まあ負けたのはぼんくらな老人ともですけどね"
    },
    {
        "start": 39600,
        "stop": 40200,
        "text": "あの二人がフリューゲルを、そしてエルフの力を借りた私を破ったことにも"
    },
    {
        "start": 40200,
        "stop": 40500,
        "text": "それで説明がつくのよ"
    },
    {
        "start": 40500,
        "stop": 41100,
        "text": "後ろ建てがワービーストなら、エルフでも見抜けないペテンを使ってもおかしくない"
    },
    {
        "start": 41100,
        "stop": 41300,
        "text": "グラミー…"
    },
    {
        "start": 41300,
        "stop": 41800,
        "text": "当然よね、イマニティが上位種族に勝てるわけないんだから"
    },
    {
        "start": 41800,
        "stop": 42400,
        "text": "あまり人類を舐めるんじゃね"
    },
    {
        "start": 42400,
        "stop": 42600,
        "text": "馬鹿にして"
    },
    {
        "start": 42600,
        "stop": 43400,
        "text": "ふぅ…フリューゲルどころかエルフまで勝てねえとか、一体どんなゲーム仕掛けられたんだよ"
    },
    {
        "start": 43400,
        "stop": 44200,
        "text": "東部連合は勝負の対価として、ゲーム内容の記憶消失を要求する、といえばおわかりでしょうか"
    },
    {
        "start": 44200,
        "stop": 44500,
        "text": "なるほど、そりゃ画面は…"
    },
    {
        "start": 44500,
        "stop": 44700,
        "text": "どういうことですの?"
    },
    {
        "start": 44700,
        "stop": 45400,
        "text": "記憶を消されたら、当然ゲームの内容の記録や資料も残らないし、対策を練ることも不可能"
    },
    {
        "start": 45400,
        "stop": 45800,
        "text": "そんなんで心まで読めるとかいうとんでも種族に勝てるかい"
    },
    {
        "start": 45800,
        "stop": 46300,
        "text": "情報が大事って教えたばかり、やはりステフか"
    },
    {
        "start": 46300,
        "stop": 46400,
        "text": "ん?"
    },
    {
        "start": 46400,
        "stop": 46700,
        "text": "いや、待て、そりゃおかしい"
    },
    {
        "start": 46700,
        "stop": 46800,
        "text": "え?何が?"
    },
    {
        "start": 46800,
        "stop": 47400,
        "text": "そんなエンドレス初見殺し状態なら、誰も東部連合に仕掛けて来なくなる"
    },
    {
        "start": 47400,
        "stop": 47600,
        "text": "仕掛けて来ない方が楽でいい"
    },
    {
        "start": 47600,
        "stop": 48100,
        "text": "妹よ、だから兄ちゃんより頭いいのに戦略ゲーで負けるんだな"
    },
    {
        "start": 48100,
        "stop": 48200,
        "text": "いら"
    },
    {
        "start": 48200,
        "stop": 48800,
        "text": "せっかくエルフやフリューゲルにも勝てる必勝の手があるんだ、多少隙を見せての返り討ち"
    },
    {
        "start": 48800,
        "stop": 49200,
        "text": "ま、言えば誘い受けで領土を分取った方が美味しいだろ、なのに"
    },
    {
        "start": 49200,
        "stop": 49400,
        "text": "兄のプレイスタイル、うざい"
    },
    {
        "start": 49400,
        "stop": 49500,
        "text": "ありしょっ"
    },
    {
        "start": 49600,
        "stop": 50100,
        "text": "でも、確かにおかしい、それじゃ半世紀で国が拡大するわけない"
    },
    {
        "start": 50100,
        "stop": 50300,
        "text": "だろ、おかしいだろ"
    },
    {
        "start": 50300,
        "stop": 50700,
        "text": "そういうことでしたらました、私に心当たりがあります"
    },
    {
        "start": 50700,
        "stop": 50900,
        "text": "心当たり?なんだそりゃ"
    },
    {
        "start": 51000,
        "stop": 51800,
        "text": "本に書いてあった、この10年で東部連合に挑んだ国が一つだけある"
    },
    {
        "start": 51800,
        "stop": 52000,
        "text": "どこだ、そんなアホな国は"
    },
    {
        "start": 52000,
        "stop": 52500,
        "text": "直接ご覧になった方が早いかと、もちろんドラちゃんもご一緒に"
    },
    {
        "start": 52500,
        "stop": 52900,
        "text": "ささ、マスターたちも私におつかまりください"
    },
    {
        "start": 52900,
        "stop": 53200,
        "text": "それでは、失礼します"
    },
    {
        "start": 54600,
        "stop": 54800,
        "text": "な、なんですかー"
    },
    {
        "start": 54800,
        "stop": 55100,
        "text": "今日は晴れてございますね"
    },
    {
        "start": 55100,
        "stop": 55300,
        "text": "ま、待て!お前今何をした"
    },
    {
        "start": 55300,
        "stop": 55500,
        "text": "空間転移ですが"
    },
    {
        "start": 55500,
        "stop": 55900,
        "text": "ああ、そういえばリアルなファンタジー世界でしたね、ここ"
    },
    {
        "start": 55900,
        "stop": 56100,
        "text": "それ、どのくらいできるの"
    },
    {
        "start": 56100,
        "stop": 56600,
        "text": "市街内ならどこへでも、一度訪れた場所なら無制限に"
    },
    {
        "start": 56600,
        "stop": 56700,
        "text": "それなんてルール"
    },
    {
        "start": 56700,
        "stop": 57200,
        "text": "こんな連中を相手に、イマニティはどうやってイニシエの対戦を生き延びたんだ"
    },
    {
        "start": 57200,
        "stop": 57500,
        "text": "それ、人類史上最大の謎とされてますわ"
    },
    {
        "start": 57500,
        "stop": 57800,
        "text": "ああ、思い起こせばイニシエの対戦"
    },
    {
        "start": 57800,
        "stop": 58300,
        "text": "ドラゴニアやギガント、オールドデウスらの荒れ狂う戦場"
    },
    {
        "start": 58300,
        "stop": 58900,
        "text": "フリューギル50人でようやくリアルの首置かれたり、神に200人で挑み、帰り討ちにあったり"
    },
    {
        "start": 58900,
        "stop": 59200,
        "text": "なんとも懐かしいうございます"
    },
    {
        "start": 59200,
        "stop": 59300,
        "text": "うわー"
    },
    {
        "start": 59300,
        "stop": 59600,
        "text": "そんなことよりも、あちらをご覧ください"
    },
    {
        "start": 59600,
        "stop": 59900,
        "text": "えっと、なに"
    },
    {
        "start": 59900,
        "stop": 60200,
        "text": "あのエルキアの警官、ぶちこおしな高層ビル"
    },
    {
        "start": 60200,
        "stop": 60600,
        "text": "おっきい、東部連合の在エルキア大使館ですわ"
    },
    {
        "start": 60600,
        "stop": 60900,
        "text": "またすごいもの、建てられたな"
    },
    {
        "start": 60900,
        "stop": 61400,
        "text": "正確には、我が国の元王城を東部連合が開築したものですけれど"
    },
    {
        "start": 61400,
        "stop": 61500,
        "text": "ああ"
    },
    {
        "start": 61500,
        "stop": 61600,
        "text": "って、おい、待て!"
    },
    {
        "start": 61600,
        "stop": 61800,
        "text": "今、元王城つったか?"
    },
    {
        "start": 61800,
        "stop": 61900,
        "text": "それってつまり"
    },
    {
        "start": 61900,
        "stop": 62100,
        "text": "覚えておいでですか、マスター"
    },
    {
        "start": 62100,
        "stop": 62500,
        "text": "この10年、東部連合に挑んだ唯一の国"
    },
    {
        "start": 62500,
        "stop": 62800,
        "text": "おい、まさか"
    },
    {
        "start": 62800,
        "stop": 63100,
        "text": "は、仕掛けたの、エルキア"
    },
    {
        "start": 63200,
        "stop": 63400,
        "text": "(エルキア) 兄、大丈夫?"
    },
    {
        "start": 63400,
        "stop": 63800,
        "text": "ああ、ごめんなしろ、ちょっと絶望してるだけだ"
    },
    {
        "start": 63900,
        "stop": 64100,
        "text": "エルフすら4回も負けてる相手に"
    },
    {
        "start": 64100,
        "stop": 64500,
        "text": "国土の半分をかけて8回も仕掛けたってのか"
    },
    {
        "start": 64500,
        "stop": 64800,
        "text": "全国を、やっぱ本当にアホだったんじゃねえの"
    },
    {
        "start": 64800,
        "stop": 65200,
        "text": "なんですの、以前そらもおじいさまが正しいって言ってたじゃないですの"
    },
    {
        "start": 65200,
        "stop": 65700,
        "text": "国土の半分を無謀な突撃で捨てたやつ、どう構えばいいんだ"
    },
    {
        "start": 65700,
        "stop": 66300,
        "text": "東部連合に取られた領地が今あれば、どれだけ楽能と興行ができると思う"
    },
    {
        "start": 66300,
        "stop": 66500,
        "text": "ほんとお前の爺さんだな"
    },
    {
        "start": 66500,
        "stop": 67000,
        "text": "運なんてもう信じて、数打っちゃいつか勝てるとでも思ったのかね"
    },
    {
        "start": 67100,
        "stop": 67500,
        "text": "おじいさまは確かにゲームは弱かったですわ"
    },
    {
        "start": 67500,
        "stop": 67900,
        "text": "でも、いまにき300万の命を背負って何も思うところがないほど"
    },
    {
        "start": 67900,
        "stop": 68100,
        "text": "頭のネジは飛んでませんでしたのよ"
    },
    {
        "start": 68100,
        "stop": 68500,
        "text": "そらたちと違い、至って常識的な人格者でしたわ"
    },
    {
        "start": 68500,
        "stop": 68800,
        "text": "常識的な人格者?"
    },
    {
        "start": 68800,
        "stop": 69400,
        "text": "はっ、領土半分を無作に追加すのが常識的だってんなら、俺は異常者で結構だ"
    },
    {
        "start": 69400,
        "stop": 69800,
        "text": "まぁ、てめえらの国の問題なのに、何をするでもなく"
    },
    {
        "start": 69800,
        "stop": 70300,
        "text": "ただ文句ばっか言ってる国民連中には似合いの多かもな"
    },
    {
        "start": 70300,
        "stop": 70800,
        "text": "まったく人類ってのは、どいつもこいつもどうしようもねえ"
    },
    {
        "start": 71200,
        "stop": 71500,
        "text": "私を悪く言うのはかまいません"
    },
    {
        "start": 71500,
        "stop": 72000,
        "text": "でも、おじいさまやおじいさまが主治だものを"
    },
    {
        "start": 72200,
        "stop": 72500,
        "text": "お、ステフ!"
    },
    {
        "start": 72500,
        "stop": 72800,
        "text": "に、言いすぎ"
    },
    {
        "start": 72800,
        "stop": 73300,
        "text": "こんなシャレにならない現実見せられて、どうしろってんだ"
    },
    {
        "start": 74000,
        "stop": 74200,
        "text": "おいし"
    },
    {
        "start": 74700,
        "stop": 75100,
        "text": "くそ、うまいじゃ"
    },
    {
        "start": 76000,
        "stop": 76300,
        "text": "おじいさま、これ何の鍵ですの?"
    },
    {
        "start": 76300,
        "stop": 76700,
        "text": "これはな、じいちゃんの大事なものが入ってる場所の鍵じゃ"
    },
    {
        "start": 76700,
        "stop": 77100,
        "text": "わたくし知ってますわ、殿がとは人に見せられない本を集めてるって"
    },
    {
        "start": 77100,
        "stop": 77800,
        "text": "いやいや、違うぞ、それは別の鍵ではなくて、これはの希望の鍵じゃ"
    },
    {
        "start": 77800,
        "stop": 77900,
        "text": "希望?"
    },
    {
        "start": 77900,
        "stop": 78200,
        "text": "いずれこれをステファニにあげよう"
    },
    {
        "start": 78200,
        "stop": 78400,
        "text": "ほんとですか"
    },
    {
        "start": 78400,
        "stop": 78800,
        "text": "ああ、いつか心から得る気合を"
    },
    {
        "start": 78800,
        "stop": 79400,
        "text": "イマニティを任せられると信じたものに、渡しておくれ"
    },
    {
        "start": 79400,
        "stop": 79600,
        "text": "あんな男に渡せるわけか?"
    },
    {
        "start": 79602,
        "stop": 79800,
        "text": "ちょっとよろしいでしょうか?"
    },
    {
        "start": 79962,
        "stop": 80156,
        "text": "うおおおお! あああああ! な な な な な な ん です か?"
    },
    {
        "start": 80160,
        "stop": 80570,
        "text": "ドラちゃんには、今から図書館に 戻られることをお勧め致します。"
    },
    {
        "start": 80572,
        "stop": 80710,
        "text": "えっ? 今 からって?"
    },
    {
        "start": 80712,
        "stop": 81072,
        "text": "マスターのため、それが良いと判断した 勝手に参りました。"
    },
    {
        "start": 81076,
        "stop": 81260,
        "text": "どうするかはご自由に。"
    },
    {
        "start": 81262,
        "stop": 81330,
        "text": "ちょっと…"
    },
    {
        "start": 81610,
        "stop": 81902,
        "text": "じょ 我が… 冗談じゃないです わ!なんだ、私が!"
    },
    {
        "start": 81938,
        "stop": 82158,
        "text": "うわあ!もう!"
    },
    {
        "start": 83944,
        "stop": 84458,
        "text": "マスター、いくら調べても、全国王の 具行を弁護するのは不可能かぞ。"
    },
    {
        "start": 84462,
        "stop": 84698,
        "text": "別に、それは… 私のことを知らないでください。"
    },
    {
        "start": 84702,
        "stop": 84928,
        "text": "ただ、違和感に気付いただけだ。"
    },
    {
        "start": 84932,
        "stop": 85294,
        "text": "ドラちゃんのために、見つけ出したが 正しいのでは?"
    },
    {
        "start": 85298,
        "stop": 85854,
        "text": "お、お、俺のケモミニオ国征服の 反面教師にするために、記録を洗っただけだ。"
    },
    {
        "start": 85858,
        "stop": 86218,
        "text": "そもそも、なぜ全国王は 東部連合に8回も挑んだ。"
    },
    {
        "start": 86222,
        "stop": 86784,
        "text": "300万の命を背負った常識人が、 無気になって挑む回数じゃない。"
    },
    {
        "start": 86788,
        "stop": 87178,
        "text": "ここは、全国王が1回目にかけた場所だ。"
    },
    {
        "start": 87182,
        "stop": 87368,
        "text": "アルマタイトの鉱山ですね。"
    },
    {
        "start": 87372,
        "stop": 87964,
        "text": "貴重な金属だが、今のイマニティの技術じゃ 加工不可能な無用の長物だ。"
    },
    {
        "start": 87968,
        "stop": 88644,
        "text": "で、2回目、3回目、4回目、 そして…8回目。"
    },
    {
        "start": 88648,
        "stop": 89168,
        "text": "最後に城をかけるまで、全国王は 価値のある者は一度もかけていない。"
    },
    {
        "start": 89172,
        "stop": 89468,
        "text": "何か意図があったとしか思えないんだよ。"
    },
    {
        "start": 89472,
        "stop": 89568,
        "text": "マスター…"
    },
    {
        "start": 89572,
        "stop": 89944,
        "text": "なぜ東部連合はデメリットになる 記憶消去を行う?"
    },
    {
        "start": 89948,
        "stop": 90238,
        "text": "なぜエルブンガルドは4回目に カットしていたのか?"
    },
    {
        "start": 90242,
        "stop": 90684,
        "text": "なぜエルブンガルドは4回頼んだ? なぜ全国王は…"
    },
    {
        "start": 90688,
        "stop": 91372,
        "text": "いや、待って、8回でやめたのは… 8回で目的を解けたか?"
    },
    {
        "start": 91464,
        "stop": 91580,
        "text": "確証はない。"
    },
    {
        "start": 91584,
        "stop": 91952,
        "text": "だが、もし全国王が 記憶を失っていないとしたら…"
    },
    {
        "start": 91956,
        "stop": 92336,
        "text": "マスター、恐れながら申し上げます。"
    },
    {
        "start": 92340,
        "stop": 92862,
        "text": "イマニティがみな、マスターのように 資料深く行動しているわけではございません。"
    },
    {
        "start": 92866,
        "stop": 93388,
        "text": "だが、知ってる奴もいる。 そしておむね、そういう奴は理解されない。"
    },
    {
        "start": 93392,
        "stop": 93792,
        "text": "それを理解しようとするのは俺の義務だ。"
    },
    {
        "start": 93796,
        "stop": 93958,
        "text": "素直に言っていいぞ。"
    },
    {
        "start": 93962,
        "stop": 94372,
        "text": "過刀動物に過ぎない人類を なぜ信じられるのかってな。"
    },
    {
        "start": 94376,
        "stop": 94776,
        "text": "(マリア) いいえ、そのようなことは… (レン) 答えは簡単だ。"
    },
    {
        "start": 94780,
        "stop": 95060,
        "text": "俺は人類なんて信じてないのさ。"
    },
    {
        "start": 95064,
        "stop": 95218,
        "text": "(レン) フッ…"
    },
    {
        "start": 95222,
        "stop": 95760,
        "text": "人類なんて どいつもこいつも 徒歩もなく低俗でバカな生き物だ。"
    },
    {
        "start": 95764,
        "stop": 96194,
        "text": "俺も含めてだ。 あんなのはただのクソだ。"
    },
    {
        "start": 96198,
        "stop": 96568,
        "text": "元の世界だろうが異世界だろうが 何も変わらない。"
    },
    {
        "start": 96572,
        "stop": 96744,
        "text": "(マリア)ウッ…"
    },
    {
        "start": 96886,
        "stop": 97298,
        "text": "(マリア)うっ… やはり あんな男に…"
    },
    {
        "start": 97302,
        "stop": 97662,
        "text": "だけど 人類の可能性は信じてる。"
    },
    {
        "start": 97666,
        "stop": 97854,
        "text": "(レン)はっ…"
    },
    {
        "start": 97858,
        "stop": 98404,
        "text": "根拠は こいつだ。 世の中にはな、いるんだよ。"
    },
    {
        "start": 98408,
        "stop": 99196,
        "text": "神にすら届き得る可能性を 希望を 幻想を その小さな身に体現した本物が…"
    },
    {
        "start": 99200,
        "stop": 99668,
        "text": "初めて城と出会った日 8年も前のことだ。"
    },
    {
        "start": 99672,
        "stop": 100290,
        "text": "当時たった3歳の子供が 俺の名前を聞いて 第一世 何てったと思う。"
    },
    {
        "start": 100444,
        "stop": 100748,
        "text": "(マリア)本当 空っぽ…"
    },
    {
        "start": 101002,
        "stop": 101402,
        "text": "(レン)ソラって名前と 他人の顔に同調して 笑ってるだけの"
    },
    {
        "start": 101406,
        "stop": 101906,
        "text": "俺を見抜いて ダブルミーニングでののしったんだよ。 笑えるだろ。"
    },
    {
        "start": 101910,
        "stop": 102444,
        "text": "と決めたよ。ワクワクした。 本物は実際したんだって。"
    },
    {
        "start": 102448,
        "stop": 102986,
        "text": "そして… ブン・フソウにも憧れた。"
    },
    {
        "start": 103086,
        "stop": 103602,
        "text": "俺らの元の世界な 人類は大空を飛び星々を渡るんだぜ。"
    },
    {
        "start": 103606,
        "stop": 103840,
        "text": "(マリア)それは信じられません。"
    },
    {
        "start": 103844,
        "stop": 104178,
        "text": "(レン)誰もが。 人類自身さえそう思った。"
    },
    {
        "start": 104182,
        "stop": 104616,
        "text": "だけど いるんだよ。 届いた奴が 本物が。"
    },
    {
        "start": 104716,
        "stop": 105192,
        "text": "そして なかなか理解されることのない そいつらの可能性を組んであるのが"
    },
    {
        "start": 105196,
        "stop": 105772,
        "text": "俺ら凡人の義務なのさ。 だからまずは 信じなきゃ始まらないんだよ。"
    },
    {
        "start": 105776,
        "stop": 105976,
        "text": "全国王もさ。"
    },
    {
        "start": 107164,
        "stop": 107286,
        "text": "ソラ…"
    },
    {
        "start": 108216,
        "stop": 108578,
        "text": "渡したいものが ありますわ。"
    },
    {
        "start": 108708,
        "stop": 108858,
        "text": "間違いない。"
    },
    {
        "start": 108924,
        "stop": 109004,
        "text": "エロホンだ!"
    },
    {
        "start": 109008,
        "stop": 109488,
        "text": "(マリア)やっぱり人生を誤りましたわ。 (オラゴン)ですがマスター 一体 どこの鍵なのでしょう?"
    },
    {
        "start": 109492,
        "stop": 109892,
        "text": "エロホン隠すなら自分の部屋。 つまりこの部屋。"
    },
    {
        "start": 109896,
        "stop": 110204,
        "text": "(レン)つうかもう とっくに見つけてたんだけどな。 (オラゴン)え?"
    },
    {
        "start": 110304,
        "stop": 110642,
        "text": "(レン)前にこの部屋のベッドが傾いてて 寝にくいっつったろ?"
    },
    {
        "start": 110646,
        "stop": 111084,
        "text": "あれが実は仕掛けの起点ですわ。 あとは こう ちょいちょいっと。"
    },
    {
        "start": 111406,
        "stop": 111710,
        "text": "はい 隠し部屋ご会長!"
    },
    {
        "start": 111810,
        "stop": 112136,
        "text": "(オラゴン)なんかもう いろいろ台無しですわ。"
    },
    {
        "start": 112474,
        "stop": 112584,
        "text": "(レン)お…"
    },
    {
        "start": 112638,
        "stop": 112780,
        "text": "(オラゴン)へっへっへっ…"
    },
    {
        "start": 113308,
        "stop": 113476,
        "text": "(オラゴン)ううっ…"
    },
    {
        "start": 115144,
        "stop": 115740,
        "text": "(オラゴン)イマニティの最後の王ならぬ 最奇の王のため これを残す。"
    },
    {
        "start": 115856,
        "stop": 116540,
        "text": "我は剣王にあらず むしろ 機大の 具をとして 名を残すだろう。"
    },
    {
        "start": 116606,
        "stop": 117268,
        "text": "だが我は 我ではない 最奇の王のため 筆を取りしるす。"
    },
    {
        "start": 117340,
        "stop": 117894,
        "text": "ねがわくば 我の潜伏で 惨めなあがきが 次なる王を…"
    },
    {
        "start": 117898,
        "stop": 118256,
        "text": "(オラゴン) 次なる王の力とならんことを信じて。"
    },
    {
        "start": 118448,
        "stop": 118882,
        "text": "(レン)やはり 全国王は 記憶を失っていなかった。"
    },
    {
        "start": 118886,
        "stop": 118974,
        "text": "(オラゴン)あっ…"
    },
    {
        "start": 118978,
        "stop": 119566,
        "text": "(レン)エルフと違い イマニティなんて過刀動物は ワービーストにしてみりゃ カモでしかない。"
    },
    {
        "start": 119570,
        "stop": 119978,
        "text": "だから 何度も挑ませるため 記憶を消さなかったんだ。"
    },
    {
        "start": 119982,
        "stop": 120228,
        "text": "(オラゴン)誘い受け狙って?"
    },
    {
        "start": 120232,
        "stop": 120662,
        "text": "(レン)わざと手抜いて 次は勝てるかも とか 思わせたんだろうな。"
    },
    {
        "start": 120720,
        "stop": 121366,
        "text": "だが 全国王は それを承知で挑み 連中の手の内を探った。"
    },
    {
        "start": 121370,
        "stop": 121782,
        "text": "わざと無価値な土地を与え いずれ取り返すために。"
    },
    {
        "start": 121786,
        "stop": 122296,
        "text": "(オラゴン)ならば なぜ全国王は ゲームの秘密を誰にも話さなかったのですか?"
    },
    {
        "start": 122300,
        "stop": 122824,
        "text": "(レン)生涯誰にも伝えない。 おそらく そんな迷惑を飲ませたんだろうよ。"
    },
    {
        "start": 122828,
        "stop": 123066,
        "text": "(オラゴン)あっ… それでは 何の意味も…"
    },
    {
        "start": 123070,
        "stop": 123450,
        "text": "(レン)ただし そこに 死後は含まれない。"
    },
    {
        "start": 123454,
        "stop": 123546,
        "text": "(オラゴン)あっ…"
    },
    {
        "start": 123650,
        "stop": 124160,
        "text": "(レン)8回かけて 迷惑の感激を介くぐり 託したんだ。"
    },
    {
        "start": 124164,
        "stop": 124280,
        "text": "再起動。"
    },
    {
        "start": 124414,
        "stop": 124714,
        "text": "人類最強のギャンブラーに。"
    },
    {
        "start": 124718,
        "stop": 125238,
        "text": "(オラゴン)そのための次期国王選手 ギャンブル大会…"
    },
    {
        "start": 125242,
        "stop": 125584,
        "text": "(レン)かけたんだよ 全国王は。"
    },
    {
        "start": 125588,
        "stop": 126126,
        "text": "序列再開の人類から 多種族を圧倒する者が現れるという。"
    },
    {
        "start": 126276,
        "stop": 126504,
        "text": "(オラゴン)限りなくゼロに等しい。"
    },
    {
        "start": 126508,
        "stop": 126892,
        "text": "(レン)しかし ゼロではない可能性に。"
    },
    {
        "start": 127108,
        "stop": 127242,
        "text": "(レン)ステフ… (ステフ)あっ…"
    },
    {
        "start": 127324,
        "stop": 127784,
        "text": "(レン)こいつは愚者を連じ 無謀に挑み 儚く破れ"
    },
    {
        "start": 127788,
        "stop": 128212,
        "text": "その手の内を暴くことに 手下り大な男の生涯。"
    },
    {
        "start": 128412,
        "stop": 128742,
        "text": "人類への信頼のすべてだ。"
    },
    {
        "start": 128746,
        "stop": 128896,
        "text": "(ステフ)ああ…"
    },
    {
        "start": 128900,
        "stop": 129300,
        "text": "(レン)お前の爺さん… いや 全国王は…"
    },
    {
        "start": 129300,
        "stop": 129512,
        "text": "(ステフ)やっぱ お前の爺さんだな。"
    },
    {
        "start": 129704,
        "stop": 130092,
        "text": "(オラゴン)お爺様… お爺様…"
    },
    {
        "start": 130096,
        "stop": 130396,
        "text": "(オラゴン)うっ… ううっ…"
    },
    {
        "start": 130400,
        "stop": 130716,
        "text": "(レン)重いもん 託されちまったな。"
    },
    {
        "start": 130720,
        "stop": 131100,
        "text": "(オラゴン)大丈夫 ニートしろなら。"
    },
    {
        "start": 131104,
        "stop": 131684,
        "text": "(レン)なあ ジブリール こういう奴がいるんだ。"
    },
    {
        "start": 131688,
        "stop": 132096,
        "text": "どうだ? 堪忍だよ。"
    },
    {
        "start": 132100,
        "stop": 132696,
        "text": "(オラゴン)うっ… そうかもしれません。"
    },
    {
        "start": 132796,
        "stop": 133192,
        "text": "(オラゴン)そうかもしれません。"
    },
    {
        "start": 133192,
        "stop": 133692,
        "text": "♪~"
    },
    {
        "start": 133692,
        "stop": 134192,
        "text": "♪~"
    },
    {
        "start": 134192,
        "stop": 134692,
        "text": "♪~"
    },
    {
        "start": 134792,
        "stop": 135292,
        "text": "♪~"
    },
    {
        "start": 135392,
        "stop": 135892,
        "text": "♪~"
    },
    {
        "start": 135892,
        "stop": 136392,
        "text": "♪~"
    },
    {
        "start": 136392,
        "stop": 136892,
        "text": "♪~"
    },
    {
        "start": 136892,
        "stop": 137392,
        "text": "♪~"
    },
    {
        "start": 137392,
        "stop": 137892,
        "text": "♪~"
    },
    {
        "start": 137892,
        "stop": 138392,
        "text": "♪~"
    },
    {
        "start": 138392,
        "stop": 138892,
        "text": "♪~"
    },
    {
        "start": 138892,
        "stop": 139392,
        "text": "♪~"
    },
    {
        "start": 139392,
        "stop": 139892,
        "text": "♪~"
    },
    {
        "start": 139892,
        "stop": 140392,
        "text": "♪~"
    },
    {
        "start": 140392,
        "stop": 140892,
        "text": "♪~"
    },
    {
        "start": 140992,
        "stop": 141492,
        "text": "♪~"
    },
    {
        "start": 141592,
        "stop": 142092,
        "text": "♪~"
    },
    {
        "start": 142192,
        "stop": 142692,
        "text": "♪~"
    },
    {
        "start": 142792,
        "stop": 143292,
        "text": "(オラゴン)トーブ連合 キコーラの首は 柱に吊るされるのがお似合いだ"
    },
    {
        "start": 143292,
        "stop": 143792,
        "text": "♪~"
    },
    {
        "start": 143792,
        "stop": 144092,
        "text": "愛してる「 working hard ひとりのまま」"
    },
    {
        "start": 144092,
        "stop": 144592,
        "text": "[音声なし]"
    }
]