[
    {
        "start": 0,
        "stop": 848,
        "text": "(オラゴン) 私はジブリールと申します イマニティのニューキング&クイーン ソラ様とシロ様が どのようなご用でしょう?"
    },
    {
        "start": 880,
        "stop": 1448,
        "text": "(レン) 俺らのこと知ってんのか? なら話が早い 率直に行こう"
    },
    {
        "start": 1610,
        "stop": 1810,
        "text": "この図書館をくれ"
    },
    {
        "start": 1810,
        "stop": 2374,
        "text": "俺らのこと知ってんのか? なら話が早い… 率直に行こう"
    },
    {
        "start": 2486,
        "stop": 2702,
        "text": "この図書館をくれ"
    },
    {
        "start": 2802,
        "stop": 3302,
        "text": "♪~"
    },
    {
        "start": 3302,
        "stop": 3802,
        "text": "♪~"
    },
    {
        "start": 3802,
        "stop": 4302,
        "text": "♪~"
    },
    {
        "start": 4302,
        "stop": 4802,
        "text": "♪~"
    },
    {
        "start": 4802,
        "stop": 5302,
        "text": "♪~"
    },
    {
        "start": 5302,
        "stop": 5802,
        "text": "♪~"
    },
    {
        "start": 5802,
        "stop": 6302,
        "text": "♪~"
    },
    {
        "start": 6402,
        "stop": 6902,
        "text": "♪~"
    },
    {
        "start": 7002,
        "stop": 7502,
        "text": "♪~"
    },
    {
        "start": 7502,
        "stop": 8002,
        "text": "♪~"
    },
    {
        "start": 8002,
        "stop": 8502,
        "text": "♪~"
    },
    {
        "start": 8502,
        "stop": 9002,
        "text": "♪~"
    },
    {
        "start": 9002,
        "stop": 9502,
        "text": "♪~"
    },
    {
        "start": 9602,
        "stop": 10102,
        "text": "♪~"
    },
    {
        "start": 10102,
        "stop": 10602,
        "text": "♪~"
    },
    {
        "start": 10602,
        "stop": 11102,
        "text": "♪~"
    },
    {
        "start": 11102,
        "stop": 11602,
        "text": "♪~"
    },
    {
        "start": 11702,
        "stop": 12202,
        "text": "♪~"
    },
    {
        "start": 12302,
        "stop": 12802,
        "text": "♪~"
    },
    {
        "start": 12902,
        "stop": 13402,
        "text": "♪~"
    },
    {
        "start": 13402,
        "stop": 13902,
        "text": "♪~"
    },
    {
        "start": 13902,
        "stop": 14402,
        "text": "♪~"
    },
    {
        "start": 14402,
        "stop": 14902,
        "text": "♪~"
    },
    {
        "start": 15002,
        "stop": 15502,
        "text": "♪~"
    },
    {
        "start": 15502,
        "stop": 16002,
        "text": "♪~"
    },
    {
        "start": 16002,
        "stop": 16502,
        "text": "♪~"
    },
    {
        "start": 16502,
        "stop": 17002,
        "text": "♪~"
    },
    {
        "start": 17002,
        "stop": 17502,
        "text": "♪~"
    },
    {
        "start": 17502,
        "stop": 18002,
        "text": "♪~"
    },
    {
        "start": 18002,
        "stop": 18502,
        "text": "♪~"
    },
    {
        "start": 18502,
        "stop": 19002,
        "text": "♪~"
    },
    {
        "start": 19102,
        "stop": 19602,
        "text": "♪~"
    },
    {
        "start": 19602,
        "stop": 20102,
        "text": "♪~"
    },
    {
        "start": 20202,
        "stop": 20702,
        "text": "♪~"
    },
    {
        "start": 20702,
        "stop": 21202,
        "text": "♪~"
    },
    {
        "start": 21202,
        "stop": 21702,
        "text": "♪~"
    },
    {
        "start": 21702,
        "stop": 22202,
        "text": "♪~"
    },
    {
        "start": 22202,
        "stop": 22702,
        "text": "♪~"
    },
    {
        "start": 22702,
        "stop": 23202,
        "text": "♪~"
    },
    {
        "start": 23302,
        "stop": 23802,
        "text": "♪~"
    },
    {
        "start": 23902,
        "stop": 24402,
        "text": "♪~"
    },
    {
        "start": 24402,
        "stop": 24902,
        "text": "♪~"
    },
    {
        "start": 24902,
        "stop": 25402,
        "text": "♪~"
    },
    {
        "start": 25402,
        "stop": 25902,
        "text": "♪~"
    },
    {
        "start": 25902,
        "stop": 26402,
        "text": "♪~"
    },
    {
        "start": 26502,
        "stop": 27002,
        "text": "♪~"
    },
    {
        "start": 27002,
        "stop": 27502,
        "text": "♪~"
    },
    {
        "start": 27602,
        "stop": 28102,
        "text": "♪~"
    },
    {
        "start": 28102,
        "stop": 28602,
        "text": "♪~"
    },
    {
        "start": 28602,
        "stop": 29102,
        "text": "♪~"
    },
    {
        "start": 29202,
        "stop": 29702,
        "text": "♪~"
    },
    {
        "start": 29702,
        "stop": 30202,
        "text": "♪~"
    },
    {
        "start": 30302,
        "stop": 30802,
        "text": "♪~"
    },
    {
        "start": 30802,
        "stop": 31302,
        "text": "♪~"
    },
    {
        "start": 31402,
        "stop": 31902,
        "text": "♪~"
    },
    {
        "start": 31902,
        "stop": 32402,
        "text": "♪~"
    },
    {
        "start": 32502,
        "stop": 32602,
        "text": "(レン)なあ?"
    },
    {
        "start": 32602,
        "stop": 32702,
        "text": "(マナ)はい!"
    },
    {
        "start": 32702,
        "stop": 32902,
        "text": "触り心地のお加減…"
    },
    {
        "start": 32902,
        "stop": 33102,
        "text": "よろしくないのですか?"
    },
    {
        "start": 33102,
        "stop": 33202,
        "text": "(レン)いや…うん…"
    },
    {
        "start": 33202,
        "stop": 33402,
        "text": "触り心地はいいよ"
    },
    {
        "start": 33402,
        "stop": 33602,
        "text": "うん…びっくりするくらい…"
    },
    {
        "start": 33602,
        "stop": 33702,
        "text": "けど…"
    },
    {
        "start": 33702,
        "stop": 33802,
        "text": "何だろう…"
    },
    {
        "start": 33802,
        "stop": 34002,
        "text": "この裏切られた感…"
    },
    {
        "start": 34002,
        "stop": 34102,
        "text": "特心ゆけぬ…"
    },
    {
        "start": 34102,
        "stop": 34502,
        "text": "(マナ)こちらは聖艦隊ではないのでございますか?"
    },
    {
        "start": 34502,
        "stop": 34702,
        "text": "(レン)そこを聖艦隊として認めるのは"
    },
    {
        "start": 34702,
        "stop": 35002,
        "text": "男の故県に関わる問題だとだけ言っておこう!"
    },
    {
        "start": 35002,
        "stop": 35202,
        "text": "もっとこう別の場所は"
    },
    {
        "start": 35202,
        "stop": 35502,
        "text": "触らせてほしかったともつけ加えておこうかな…"
    },
    {
        "start": 35502,
        "stop": 35702,
        "text": "(マナ)そう言われましても…"
    },
    {
        "start": 35702,
        "stop": 35902,
        "text": "(リヴィ)我々の力の源は"
    },
    {
        "start": 35902,
        "stop": 36302,
        "text": "全て「精霊回廊」と呼ばれる成分で構成されております"
    },
    {
        "start": 36302,
        "stop": 36602,
        "text": "それが集まる翼の部分は…"
    },
    {
        "start": 36602,
        "stop": 36802,
        "text": "その…聖艦隊として…"
    },
    {
        "start": 36802,
        "stop": 36902,
        "text": "いや…うん…"
    },
    {
        "start": 36902,
        "stop": 37002,
        "text": "(レン)レンは…"
    },
    {
        "start": 37002,
        "stop": 37202,
        "text": "(マナ)そんな的なのに触らない…"
    },
    {
        "start": 37202,
        "stop": 37302,
        "text": "(レン)うん…"
    },
    {
        "start": 37302,
        "stop": 37502,
        "text": "(マナ)ああああああっ…"
    },
    {
        "start": 37502,
        "stop": 37702,
        "text": "って…何やってるんですか!?"
    },
    {
        "start": 37702,
        "stop": 37802,
        "text": "(レン)妹よ"
    },
    {
        "start": 37802,
        "stop": 37902,
        "text": "俺は羽を触っているだけだ"
    },
    {
        "start": 37902,
        "stop": 38002,
        "text": "そうだな"
    },
    {
        "start": 38002,
        "stop": 38102,
        "text": "(マナ)うん"
    },
    {
        "start": 38102,
        "stop": 38202,
        "text": "超健全"
    },
    {
        "start": 38202,
        "stop": 38602,
        "text": "神殺しの兵器を相手に何なんですのこの兄弟!?"
    },
    {
        "start": 38602,
        "stop": 38902,
        "text": "(マナ)ああああああっ…"
    },
    {
        "start": 39102,
        "stop": 39202,
        "text": "(マナ)…"
    },
    {
        "start": 39202,
        "stop": 39302,
        "text": "調べたところ"
    },
    {
        "start": 39302,
        "stop": 39702,
        "text": "お二方の体からは一切の精霊が感じられません"
    },
    {
        "start": 39702,
        "stop": 39802,
        "text": "つまりお二方は"
    },
    {
        "start": 39802,
        "stop": 40102,
        "text": "この世界においては生命とすら定義されませんが"
    },
    {
        "start": 40102,
        "stop": 40402,
        "text": "構造上はイマニティーと思われます"
    },
    {
        "start": 40402,
        "stop": 40602,
        "text": "(レン)要するに…"
    },
    {
        "start": 40602,
        "stop": 40702,
        "text": "(マナ)何?"
    },
    {
        "start": 40802,
        "stop": 41002,
        "text": "未知でございます!"
    },
    {
        "start": 41002,
        "stop": 41102,
        "text": "(レン)お?"
    },
    {
        "start": 41102,
        "stop": 41202,
        "text": "(マナ)…"
    },
    {
        "start": 41202,
        "stop": 41402,
        "text": "未だ知らずと書いて未知!"
    },
    {
        "start": 41402,
        "stop": 41702,
        "text": "それはまだ存在しない知識を生み出す原石!"
    },
    {
        "start": 41702,
        "stop": 41902,
        "text": "未知ほど崇高なものがありますでしょうか!?"
    },
    {
        "start": 41902,
        "stop": 42002,
        "text": "(マナ)ああああああっ…"
    },
    {
        "start": 42002,
        "stop": 42102,
        "text": "(レン)まあとりあえず"
    },
    {
        "start": 42102,
        "stop": 42502,
        "text": "俺らが異世界人だと証明できたってことでいいのかな"
    },
    {
        "start": 42502,
        "stop": 42602,
        "text": "(マナ)あっ…そうでしたね"
    },
    {
        "start": 42602,
        "stop": 42902,
        "text": "勝手に程度の低いイマニティーごとくと"
    },
    {
        "start": 42902,
        "stop": 43202,
        "text": "同列ししましたことご容赦ください"
    },
    {
        "start": 43202,
        "stop": 43402,
        "text": "もちろんゲームはお受けします"
    },
    {
        "start": 43402,
        "stop": 43702,
        "text": "ただ4万もの異界の書となると"
    },
    {
        "start": 43702,
        "stop": 44002,
        "text": "10日のものはなかなかございませんゆえ"
    },
    {
        "start": 44002,
        "stop": 44102,
        "text": "(レン)いやだからこの図書館…"
    },
    {
        "start": 44102,
        "stop": 44402,
        "text": "(マナ)書けるのは 私の全てでどうでしょう?"
    },
    {
        "start": 44402,
        "stop": 44502,
        "text": "(レン)えっ!?"
    },
    {
        "start": 44502,
        "stop": 44602,
        "text": "(レン)マジで!?"
    },
    {
        "start": 44602,
        "stop": 44702,
        "text": "(レン)ラッキー…"
    },
    {
        "start": 44702,
        "stop": 44802,
        "text": "(マナ)よろしいですか?"
    },
    {
        "start": 44802,
        "stop": 44902,
        "text": "(レン)ああ"
    },
    {
        "start": 44902,
        "stop": 45302,
        "text": "俺らが要求するのはジブリール1人の全権利だ"
    },
    {
        "start": 45302,
        "stop": 45402,
        "text": "(マナ)ありがとうございます!"
    },
    {
        "start": 45402,
        "stop": 45702,
        "text": "あっあと時々で構いませんので"
    },
    {
        "start": 45702,
        "stop": 46002,
        "text": "お茶しに来て頂くことも追加してよろしいですか?"
    },
    {
        "start": 46002,
        "stop": 46302,
        "text": "もっとお二方のことを詳しく知りたいので"
    },
    {
        "start": 46302,
        "stop": 46502,
        "text": "(マナ)ふふっ…"
    },
    {
        "start": 46502,
        "stop": 46802,
        "text": "(レン)まるでもう勝ったかのような言い方だな"
    },
    {
        "start": 46802,
        "stop": 47202,
        "text": "じゃあ俺らが勝ったらこっちも追加要求するがいいな"
    },
    {
        "start": 47202,
        "stop": 47302,
        "text": "(マナ)はい!"
    },
    {
        "start": 47302,
        "stop": 47602,
        "text": "どうせ無理でございますが 何なりとご主望ください"
    },
    {
        "start": 47602,
        "stop": 47802,
        "text": "(マナ)ふふっ"
    },
    {
        "start": 48402,
        "stop": 48702,
        "text": "(マナ)勝負の方法は知り取り"
    },
    {
        "start": 48702,
        "stop": 49002,
        "text": "ただし普通の知り取りではありません"
    },
    {
        "start": 49002,
        "stop": 49202,
        "text": "具象化知り取りです"
    },
    {
        "start": 49202,
        "stop": 49402,
        "text": "(レン)具象化知り取り?"
    },
    {
        "start": 49402,
        "stop": 49602,
        "text": "(マナ)はい ルールは単純です"
    },
    {
        "start": 49602,
        "stop": 49802,
        "text": "普通の知り取り同様"
    },
    {
        "start": 49802,
        "stop": 50202,
        "text": "機質の回答をする30秒答えない"
    },
    {
        "start": 50202,
        "stop": 50502,
        "text": "継続不能のいずれかで負けです"
    },
    {
        "start": 50502,
        "stop": 50702,
        "text": "(レン)言葉は何語でもいいのか?"
    },
    {
        "start": 50702,
        "stop": 51002,
        "text": "(マナ)はい!ですが実在しない架空のものは"
    },
    {
        "start": 51002,
        "stop": 51302,
        "text": "無効回答となりますのでご注意を"
    },
    {
        "start": 51302,
        "stop": 51602,
        "text": "そして何より具象化知り取りでございます"
    },
    {
        "start": 51602,
        "stop": 52002,
        "text": "回答したものがこの場にあれば消え なければ現れる"
    },
    {
        "start": 52002,
        "stop": 52502,
        "text": "これがどういう意味を持つか もうお分かりでございましょう"
    },
    {
        "start": 52502,
        "stop": 52902,
        "text": "もちろんゲームが終われば全て元に戻りますので"
    },
    {
        "start": 52902,
        "stop": 53202,
        "text": "ご遠慮なく知識をご披露ください"
    },
    {
        "start": 53202,
        "stop": 53402,
        "text": "(レン)分かったぜ"
    },
    {
        "start": 53402,
        "stop": 53602,
        "text": "よしシロ こっちはこいこい"
    },
    {
        "start": 53602,
        "stop": 53802,
        "text": "(シロ)俺らはいつも通り2人でやれ"
    },
    {
        "start": 53802,
        "stop": 54002,
        "text": "(マナ)構いませんよ"
    },
    {
        "start": 54002,
        "stop": 54402,
        "text": "無力な人のみですから 死なない程度で楽しませてくださいます"
    },
    {
        "start": 54402,
        "stop": 54702,
        "text": "(シロ)えっ ちょっ えっ 死ぬんですの?"
    },
    {
        "start": 54702,
        "stop": 55002,
        "text": "(マナ)プレイヤーに直接干渉して死"
    },
    {
        "start": 55002,
        "stop": 55302,
        "text": "すなわち続行不能にすることはできませんが"
    },
    {
        "start": 55302,
        "stop": 55602,
        "text": "(シロ)じゃあ私 この場にいる必要ないじゃないですか"
    },
    {
        "start": 55602,
        "stop": 55802,
        "text": "(マナ)それでは"
    },
    {
        "start": 55802,
        "stop": 56002,
        "text": "(一同)うわああああああ"
    },
    {
        "start": 56002,
        "stop": 56302,
        "text": "(シロ)ああ ゲームを始めよう"
    },
    {
        "start": 56302,
        "stop": 56502,
        "text": "(マナ)かかってくるの"
    },
    {
        "start": 56502,
        "stop": 56702,
        "text": "(シロ)話を聞きなきゃ 青いの"
    },
    {
        "start": 56702,
        "stop": 57102,
        "text": "(シロ)やっ 逃げられなくなれた もう嫌ですわ"
    },
    {
        "start": 57102,
        "stop": 57502,
        "text": "(マナ)先行をお譲りします お好きな言葉をどうぞ"
    },
    {
        "start": 57502,
        "stop": 57802,
        "text": "(シロ)うーん そうだなぁ"
    },
    {
        "start": 57802,
        "stop": 58102,
        "text": "じゃあ手始めに 水爆"
    },
    {
        "start": 58302,
        "stop": 58602,
        "text": "(マナ)えっ これは"
    },
    {
        "start": 58902,
        "stop": 59202,
        "text": "(一同)あっ クリアスラッシュ"
    },
    {
        "start": 59202,
        "stop": 59502,
        "text": "(シロ)あっ クリアスラッシュ"
    },
    {
        "start": 59502,
        "stop": 59902,
        "text": "(一同)ああああああ"
    },
    {
        "start": 60602,
        "stop": 60902,
        "text": "(マナ)初手で自爆ですか"
    },
    {
        "start": 60902,
        "stop": 61402,
        "text": "今のは 九から始まる最上封印魔法 クーリアンス"
    },
    {
        "start": 61402,
        "stop": 61702,
        "text": "私の善意で皆さんをお守りしなければ"
    },
    {
        "start": 61702,
        "stop": 62002,
        "text": "ゲームはここで終了でございましたよ"
    },
    {
        "start": 62002,
        "stop": 62302,
        "text": "(マナ)え? たった一手でこのゲームを終わらせるなんて"
    },
    {
        "start": 62302,
        "stop": 62602,
        "text": "最悪につまんねえことをお前は認めないだろっつ"
    },
    {
        "start": 62602,
        "stop": 62902,
        "text": "常識的判断にかけたんだが"
    },
    {
        "start": 62902,
        "stop": 63102,
        "text": "(マナ)なるほど"
    },
    {
        "start": 63102,
        "stop": 63602,
        "text": "(シロ)しかし予想はしてたけど 続行不可能って条件 こっちは満たせそうにないな"
    },
    {
        "start": 63602,
        "stop": 63802,
        "text": "(マナ)ご理解いただけて何よりです"
    },
    {
        "start": 63802,
        "stop": 64102,
        "text": "どうか私を飽きさせないでくださいませ"
    },
    {
        "start": 64102,
        "stop": 64402,
        "text": "(シロ)安心しろ 飽きさせはしないさ"
    },
    {
        "start": 64402,
        "stop": 64702,
        "text": "精霊回路"
    },
    {
        "start": 64702,
        "stop": 64802,
        "text": "(マナ)うっ…"
    },
    {
        "start": 65102,
        "stop": 65402,
        "text": "これはまた いきなりですね"
    },
    {
        "start": 65402,
        "stop": 65602,
        "text": "(シロ)覚えたての言葉だしな"
    },
    {
        "start": 65602,
        "stop": 65702,
        "text": "何? 不都合?"
    },
    {
        "start": 65702,
        "stop": 66202,
        "text": "(マナ)いえ 多少身体能力に制限が付いたり 飛べなくなったりはしますが"
    },
    {
        "start": 66202,
        "stop": 66602,
        "text": "体内の精霊は残っていますので問題ありません"
    },
    {
        "start": 66602,
        "stop": 66902,
        "text": "死っていえば ちょっと落ち着かない感じでしょうか"
    },
    {
        "start": 66902,
        "stop": 67202,
        "text": "(シロ)ああ 携帯の電波が立たなくなったような"
    },
    {
        "start": 67202,
        "stop": 67602,
        "text": "(マナ)携帯? 電波? もしは先ほどの薄い太の関係に…"
    },
    {
        "start": 67602,
        "stop": 67902,
        "text": "(シロ)近い近い近い 顔近い! 俺にだったら教えて!"
    },
    {
        "start": 67902,
        "stop": 68102,
        "text": "(マナ)ねえ この人…"
    },
    {
        "start": 68102,
        "stop": 68502,
        "text": "(シロ)ああ なんか一瞬回って 面白く覚えてきたな"
    },
    {
        "start": 68502,
        "stop": 68602,
        "text": "で ジブリール 次"
    },
    {
        "start": 68602,
        "stop": 69102,
        "text": "(マナ)あっ… そうでした では無難に うまで"
    },
    {
        "start": 69102,
        "stop": 69202,
        "text": "(マナ)ああああああ…"
    },
    {
        "start": 69202,
        "stop": 69402,
        "text": "(シロ)おい マン…こと"
    },
    {
        "start": 69402,
        "stop": 69502,
        "text": "(マナ)お?"
    },
    {
        "start": 69502,
        "stop": 69702,
        "text": "(シロ)どうだ?"
    },
    {
        "start": 69702,
        "stop": 70002,
        "text": "(マナ)ふう…ふう…ふう…"
    },
    {
        "start": 70202,
        "stop": 70402,
        "text": "えいえいえい!"
    },
    {
        "start": 70402,
        "stop": 70702,
        "text": "一体何のつもりですのよ!"
    },
    {
        "start": 71102,
        "stop": 71602,
        "text": "(マナ)いい加減 埃っぽい場所は嫌ですね 少し遊びましょうか"
    },
    {
        "start": 71602,
        "stop": 71802,
        "text": "ビーチ"
    },
    {
        "start": 71802,
        "stop": 72002,
        "text": "(シロ)ああああああ!"
    },
    {
        "start": 72002,
        "stop": 72302,
        "text": "(シロ)確かに綺麗な所だが 引きこもりにはきつい… じゃちかみ!"
    },
    {
        "start": 72302,
        "stop": 72402,
        "text": "(マナ)あっ!"
    },
    {
        "start": 72402,
        "stop": 72602,
        "text": "(シロ)ああああああ…"
    },
    {
        "start": 72602,
        "stop": 72902,
        "text": "(マナ)ではお付き合いいたしましょう ビッキに"
    },
    {
        "start": 72902,
        "stop": 73202,
        "text": "(シロ)ジブリール お前 何もわかってねえな"
    },
    {
        "start": 73202,
        "stop": 73502,
        "text": "ビッキンにすんだら 先に服を消さないとダメだろか!"
    },
    {
        "start": 73502,
        "stop": 73902,
        "text": "(マナ)え? なるほど 申し訳ございません 糸をくみ取れず"
    },
    {
        "start": 73902,
        "stop": 74102,
        "text": "(マナ)あなた方ね!ふざけてない…"
    },
    {
        "start": 74102,
        "stop": 74402,
        "text": "(シロ)まあいい じゃあ荷物"
    },
    {
        "start": 74402,
        "stop": 74802,
        "text": "(マナ)それではそうですね つむじでいかがでしょう"
    },
    {
        "start": 74802,
        "stop": 75002,
        "text": "(マナ)うっ?"
    },
    {
        "start": 75002,
        "stop": 75102,
        "text": "(マナ)ちょっ!何だったー!"
    },
    {
        "start": 75102,
        "stop": 75302,
        "text": "(シロ)ジブリール 決断オンラインだ!"
    },
    {
        "start": 75302,
        "stop": 75602,
        "text": "ビッキンが中捨てた脳盤で18禁だったからだ"
    },
    {
        "start": 75602,
        "stop": 75902,
        "text": "ビッキンでもスカートからのぼくと なかなかどうして…"
    },
    {
        "start": 75902,
        "stop": 76002,
        "text": "(マナ)そそりゃあ なくなるの!"
    },
    {
        "start": 76002,
        "stop": 76202,
        "text": "(マナ)それは恐縮でございます"
    },
    {
        "start": 76202,
        "stop": 76402,
        "text": "(シロ)そして これで完成だ!"
    },
    {
        "start": 76402,
        "stop": 76602,
        "text": "ジョセフ!"
    },
    {
        "start": 76602,
        "stop": 76702,
        "text": "(マナ)あっ…"
    },
    {
        "start": 76702,
        "stop": 76902,
        "text": "(シロ)あっ…"
    },
    {
        "start": 76902,
        "stop": 77002,
        "text": "(マナ)うぃ…"
    },
    {
        "start": 77002,
        "stop": 77202,
        "text": "(マナ)いやあああああああああ!"
    },
    {
        "start": 77202,
        "stop": 77502,
        "text": "(シロ)あはははは! どうだ 妹よ!"
    },
    {
        "start": 77502,
        "stop": 77602,
        "text": "(シロ)局部が一切ない!"
    },
    {
        "start": 77602,
        "stop": 77902,
        "text": "(シロ)しかもクスやニエスはそのまま 首矢のオプション付き!"
    },
    {
        "start": 77902,
        "stop": 78102,
        "text": "(シロ)つまり前のよりエクセレント!"
    },
    {
        "start": 78102,
        "stop": 78402,
        "text": "(シロ)これが前連で対象なのは確定的に明らか!"
    },
    {
        "start": 78402,
        "stop": 78602,
        "text": "(シロ)まさに決戦!適度にエロく!"
    },
    {
        "start": 78602,
        "stop": 78702,
        "text": "(シロ)だが よろしくはない!"
    },
    {
        "start": 78702,
        "stop": 78902,
        "text": "(シロ)ならばここはそう"
    },
    {
        "start": 78902,
        "stop": 79202,
        "text": "(シロ)上賢善空間とでも名付けよう!"
    },
    {
        "start": 79202,
        "stop": 79402,
        "text": "(マナ)兄 おめがぐっちゃ"
    },
    {
        "start": 79402,
        "stop": 79702,
        "text": "(マナ)あなた方!一体 何がしたいんですのよ!"
    },
    {
        "start": 80102,
        "stop": 80402,
        "text": "(マナ)えぇ! 勝手なぼろにセーブするわぁ!"
    },
    {
        "start": 80402,
        "stop": 80602,
        "text": "(シロ)なあ…"
    },
    {
        "start": 80602,
        "stop": 80802,
        "text": "(シロ)ジグリールは腹減らないのか?"
    },
    {
        "start": 80802,
        "stop": 80902,
        "text": "(シロ)マントル"
    },
    {
        "start": 80902,
        "stop": 81302,
        "text": "(マナ)お構いなく フリューゲルは無力なイマニティと違い"
    },
    {
        "start": 81302,
        "stop": 81502,
        "text": "(マナ)食事を必要としません"
    },
    {
        "start": 81502,
        "stop": 81702,
        "text": "(マナ)ルーモーシの休暇間しようぜ"
    },
    {
        "start": 81702,
        "stop": 82002,
        "text": "(シロ)あぁそう でも眠くはなるだろう"
    },
    {
        "start": 82002,
        "stop": 82402,
        "text": "(シロ)もう朝日も上りそうだし 降参してくんね 外覚"
    },
    {
        "start": 82502,
        "stop": 82602,
        "text": "(マナ)あ゛っ!"
    },
    {
        "start": 82602,
        "stop": 83002,
        "text": "(マナ)お疲れでしたら わざと負けていただいてもよろしいのですよ"
    },
    {
        "start": 83002,
        "stop": 83302,
        "text": "(マナ)脆弱なイマニティにしては楽しませていただきましたし"
    },
    {
        "start": 83302,
        "stop": 83402,
        "text": "(マナ)クロック"
    },
    {
        "start": 83402,
        "stop": 83502,
        "text": "(マナ)ああああああ!"
    },
    {
        "start": 83502,
        "stop": 83902,
        "text": "(シロ)さっきから無力だ脆弱だって ちょっと尺に触るな"
    },
    {
        "start": 83902,
        "stop": 84102,
        "text": "(シロ)クリーチャル"
    },
    {
        "start": 84102,
        "stop": 84402,
        "text": "(シロ)まあそりゃ 第六位様から見れば"
    },
    {
        "start": 84402,
        "stop": 84802,
        "text": "(マナ)最下位の俺ら人間なんて ありんこ当然でしょうがね"
    },
    {
        "start": 84802,
        "stop": 85102,
        "text": "(マナ)ありんこが無力で弱いだなんて 誰が決めたよ"
    },
    {
        "start": 85102,
        "stop": 85302,
        "text": "(マナ)申し訳ございません"
    },
    {
        "start": 85302,
        "stop": 85502,
        "text": "(マナ)まさかあなた方イマニティが"
    },
    {
        "start": 85502,
        "stop": 85802,
        "text": "(マナ)ご自分のことを弱くないなどと思っていたとは"
    },
    {
        "start": 85802,
        "stop": 86102,
        "text": "(マナ)頑丈で長生きなのが力だと思ってんなら"
    },
    {
        "start": 86102,
        "stop": 86402,
        "text": "(マナ)お前こそおつむが弱い"
    },
    {
        "start": 86502,
        "stop": 86702,
        "text": "(マナ)私がイマニティに劣ると?"
    },
    {
        "start": 86702,
        "stop": 87002,
        "text": "(マナ)私があなた方に対して抱いてるのは"
    },
    {
        "start": 87002,
        "stop": 87302,
        "text": "(マナ)敬意ではなく好奇心にすぎません"
    },
    {
        "start": 87302,
        "stop": 87702,
        "text": "(マナ)その気になればいつでもこのゲームを終わらせられることを忘れなきよ"
    },
    {
        "start": 87702,
        "stop": 87902,
        "text": "(マナ)アカリ"
    },
    {
        "start": 88002,
        "stop": 88202,
        "text": "(明)そこがお前の弱いところ"
    },
    {
        "start": 88202,
        "stop": 88502,
        "text": "(明)暗弱な部分ってやつだな"
    },
    {
        "start": 88502,
        "stop": 88602,
        "text": "(マナ)暗弱?"
    },
    {
        "start": 88602,
        "stop": 88802,
        "text": "(明)そう 暗弱"
    },
    {
        "start": 88802,
        "stop": 89102,
        "text": "(明)もののどおりが分からねえって意味だ 覚えとけ"
    },
    {
        "start": 89102,
        "stop": 89402,
        "text": "(マナ)その程度の意味 分かっております"
    },
    {
        "start": 89402,
        "stop": 89602,
        "text": "(マナ)私のどこが暗弱であると"
    },
    {
        "start": 89602,
        "stop": 89802,
        "text": "(明)未知なる者に敬意を持たず"
    },
    {
        "start": 89802,
        "stop": 90102,
        "text": "(明)好奇心でことを進ませるあたりだよ"
    },
    {
        "start": 90202,
        "stop": 90402,
        "text": "(明)そろそろ教育してやる"
    },
    {
        "start": 90402,
        "stop": 90802,
        "text": "(明)てめえの弱さをたっぷり痛感しろ"
    },
    {
        "start": 90902,
        "stop": 91102,
        "text": "(明)ステフ 今までお疲れ"
    },
    {
        "start": 91102,
        "stop": 91202,
        "text": "(ステフ)はい"
    },
    {
        "start": 91202,
        "stop": 91402,
        "text": "(明)ステフがヤバイものを引きつけてくれなきゃ勝てなかった"
    },
    {
        "start": 91402,
        "stop": 91602,
        "text": "(ステフ)勝ったおつもりで"
    },
    {
        "start": 91602,
        "stop": 92002,
        "text": "(明)だからステフ ちょっと死ぬけど我慢してね"
    },
    {
        "start": 92002,
        "stop": 92202,
        "text": "(ステフ)はい"
    },
    {
        "start": 92202,
        "stop": 92402,
        "text": "(明)うおーっ"
    },
    {
        "start": 92602,
        "stop": 92702,
        "text": "(明)ぐっ"
    },
    {
        "start": 92702,
        "stop": 92902,
        "text": "(明)ディスクスペイラー"
    },
    {
        "start": 93102,
        "stop": 93202,
        "text": "(ステフ)えっ"
    },
    {
        "start": 93502,
        "stop": 93602,
        "text": "(ステフ)えっ"
    },
    {
        "start": 93702,
        "stop": 93902,
        "text": "(ステフ)うおおおお!"
    },
    {
        "start": 94002,
        "stop": 94402,
        "text": "(明)リソスフェア 惑星の表面"
    },
    {
        "start": 94402,
        "stop": 94702,
        "text": "(明)マントル外覚を先に消していた布石を"
    },
    {
        "start": 94702,
        "stop": 95002,
        "text": "(明)お前が理解できなかったからこそ"
    },
    {
        "start": 95002,
        "stop": 95302,
        "text": "(明)惑星の表面を絶やすく消すことができた"
    },
    {
        "start": 95302,
        "stop": 95502,
        "text": "(明)未知に対し威風を抱かない"
    },
    {
        "start": 95502,
        "stop": 95802,
        "text": "(明)それこそ暗弱ってやつだチブリール"
    },
    {
        "start": 95902,
        "stop": 96102,
        "text": "(ステフ)なるほど"
    },
    {
        "start": 96102,
        "stop": 96502,
        "text": "(ステフ)精霊回路で私の翼を奪ったのはこの為でしたか"
    },
    {
        "start": 96602,
        "stop": 96802,
        "text": "(ステフ)中心温度6000度"
    },
    {
        "start": 96802,
        "stop": 97102,
        "text": "(ステフ)表面で3000度と言ったところでしょうか"
    },
    {
        "start": 97302,
        "stop": 97702,
        "text": "(ステフ)まだ私を殺そうとしておられるようで"
    },
    {
        "start": 97702,
        "stop": 98002,
        "text": "(ステフ)まだ朝は来させませんよ 朝"
    },
    {
        "start": 98202,
        "stop": 98402,
        "text": "(明)はぁーっ サンソ!"
    },
    {
        "start": 98502,
        "stop": 98602,
        "text": "(明)うっ くっ…"
    },
    {
        "start": 98602,
        "stop": 99002,
        "text": "(ステフ)呼吸を封じましたか 無意味なことを"
    },
    {
        "start": 99002,
        "stop": 99402,
        "text": "(ステフ)しかしもう少しだけ楽しませてください そうなった"
    },
    {
        "start": 99502,
        "stop": 99602,
        "text": "(明)くっ…"
    },
    {
        "start": 99602,
        "stop": 99702,
        "text": "(明)だねえうえ!"
    },
    {
        "start": 99702,
        "stop": 99902,
        "text": "(ステフ)意外と素直ですね"
    },
    {
        "start": 99902,
        "stop": 100102,
        "text": "(ステフ)ではエア"
    },
    {
        "start": 100202,
        "stop": 100502,
        "text": "(ステフ)空気が戻れば呼吸が…"
    },
    {
        "start": 100502,
        "stop": 100702,
        "text": "(ステフ)うっ どうして!"
    },
    {
        "start": 100702,
        "stop": 101102,
        "text": "(明)やはりチブリール お前は原子炉を知らない"
    },
    {
        "start": 101102,
        "stop": 101502,
        "text": "(明)呼吸できなくなれば空気を戻せばいいと解釈するよな"
    },
    {
        "start": 101502,
        "stop": 101802,
        "text": "(ステフ)だが俺が消したのはサンソのみ"
    },
    {
        "start": 101802,
        "stop": 102202,
        "text": "(明)存在するものは消え 死ないものが出現するこのルール"
    },
    {
        "start": 102202,
        "stop": 102402,
        "text": "(ステフ)ではエア"
    },
    {
        "start": 102402,
        "stop": 102702,
        "text": "(明)他の機体は消え サンソは戻る"
    },
    {
        "start": 102702,
        "stop": 103302,
        "text": "(明)つまり今この空間は猛烈な見圧と単体で取り込めば猛毒でしかないサンソのみ"
    },
    {
        "start": 103402,
        "stop": 103802,
        "text": "(ステフ)しかし この状況はあなただとも同じこと?"
    },
    {
        "start": 103902,
        "stop": 104102,
        "text": "(ステフ)うっ… 何を!"
    },
    {
        "start": 104202,
        "stop": 104702,
        "text": "(明)瞬間呼吸 これがお前と俺らの決定的な差だ"
    },
    {
        "start": 104702,
        "stop": 104902,
        "text": "(ステフ)しろ 行くぞ"
    },
    {
        "start": 105202,
        "stop": 105402,
        "text": "(ステフ)アトモスペア"
    },
    {
        "start": 105502,
        "stop": 105702,
        "text": "(明)アトモスペア…"
    },
    {
        "start": 105702,
        "stop": 106002,
        "text": "(明)大気圏がなくなり消したゼロ気圧によって"
    },
    {
        "start": 106002,
        "stop": 106502,
        "text": "(明)体内に残った僅かな空気が膨張し 破裂する"
    },
    {
        "start": 106602,
        "stop": 107002,
        "text": "(明)俺らが空気をすべて吐き出した意味がわからなかっただろ"
    },
    {
        "start": 107002,
        "stop": 107302,
        "text": "(ステフ)まだ 無駄なことを…"
    },
    {
        "start": 107402,
        "stop": 107602,
        "text": "(明)あっ 声が!"
    },
    {
        "start": 107702,
        "stop": 108302,
        "text": "(明)真空になれば音は生まれない 30秒以上答えが出なければ"
    },
    {
        "start": 108502,
        "stop": 108802,
        "text": "(ステフ)私の負けということですね"
    },
    {
        "start": 109002,
        "stop": 109402,
        "text": "(ステフ)なるほど イマニティにしておくのが もったいないほどでございます"
    },
    {
        "start": 109502,
        "stop": 110102,
        "text": "(ステフ)ならばこそ 今度は感謝と敬意を込めて 返答いたしましょう"
    },
    {
        "start": 110302,
        "stop": 110902,
        "text": "(ステフ)お分かりですか? この差こそ イマニティが絶対的に超えられぬ壁"
    },
    {
        "start": 110902,
        "stop": 111202,
        "text": "(ステフ)あなたに答えを出す手段はない"
    },
    {
        "start": 111302,
        "stop": 111902,
        "text": "(ステフ)最後は自ら仕掛けた 音のない世界と灼熱の大地によって あなたは負け"
    },
    {
        "start": 112002,
        "stop": 112202,
        "text": "(ステフ)私が勝利したのです"
    },
    {
        "start": 112302,
        "stop": 112402,
        "text": "(ステフ)ああ…"
    },
    {
        "start": 113002,
        "stop": 113602,
        "text": "(明)空論力が消滅し 原子が引き合う角力だけが残ったことで起きるそれは"
    },
    {
        "start": 113602,
        "stop": 114202,
        "text": "(明)本来超大型惑星の最後 重力崩壊によって呑み引き起こされる天文学的現象"
    },
    {
        "start": 114302,
        "stop": 114802,
        "text": "(明)すなわち 数光年の星系をも蒸発させるハイパーノバとなる"
    },
    {
        "start": 114902,
        "stop": 115602,
        "text": "(明)折死500億度 天地改革に等しい衝撃にも耐えられるなら 耐えてみろよ ミューゲル!"
    },
    {
        "start": 115702,
        "stop": 115902,
        "text": "(ミューゲル)そういうことでしたか"
    },
    {
        "start": 116002,
        "stop": 116402,
        "text": "(ミューゲル)確かに ほんのわずかでも先に死んだほうが負け"
    },
    {
        "start": 116502,
        "stop": 117002,
        "text": "(ミューゲル)最初の爆発は 相手が知らない概念の具現化が可能かどうか試しただけ"
    },
    {
        "start": 117102,
        "stop": 117602,
        "text": "(ミューゲル)あの一発で あの男は必要な情報を全て引き出していた"
    },
    {
        "start": 117602,
        "stop": 118302,
        "text": "(ミューゲル)最後に至るまでの一連のやりとりは 全て 私の意識を反らすための茶番"
    },
    {
        "start": 118402,
        "stop": 118702,
        "text": "(ミューゲル)最初の一手で ゲームは終わっていたのですね"
    },
    {
        "start": 118802,
        "stop": 119402,
        "text": "(ミューゲル)異世界人 いいえ イマニティ 本当に 凄まじい種族"
    },
    {
        "start": 119402,
        "stop": 121302,
        "text": "(音楽)"
    },
    {
        "start": 121302,
        "stop": 121402,
        "text": "(ミューゲル)死にましたわ"
    },
    {
        "start": 121402,
        "stop": 121502,
        "text": "(ケテル)おう お帰り"
    },
    {
        "start": 121502,
        "stop": 122002,
        "text": "(ミューゲル)あなた! 私をおとりに使ってあげく 平成と見殺しにしましたわね"
    },
    {
        "start": 122002,
        "stop": 122302,
        "text": "(ミューゲル)吉くん 人手だし いえ イマニティだしですわ"
    },
    {
        "start": 122302,
        "stop": 122502,
        "text": "(ケテル)ステフ 人気"
    },
    {
        "start": 122502,
        "stop": 122602,
        "text": "(ミューゲル)あっ"
    },
    {
        "start": 122702,
        "stop": 122802,
        "text": "まだ続いてるんですの?"
    },
    {
        "start": 123002,
        "stop": 123702,
        "text": "(ケテル)まあ 文句も色々あるだろうが ステフがいなきゃ 俺らも負けてた ありがとうな ステフ"
    },
    {
        "start": 123902,
        "stop": 124102,
        "text": "(ステフ)完敗でございます"
    },
    {
        "start": 124202,
        "stop": 125002,
        "text": "(ステフ)どんなにうまく誘導しても 私が暗弱と応える保証など どこにもなかったのに 正気ではございませんね"
    },
    {
        "start": 125102,
        "stop": 125502,
        "text": "神様に挑むんだ 正気でやれるか"
    },
    {
        "start": 125502,
        "stop": 125802,
        "text": "(ケテル)あっ 神に? 挑む?"
    },
    {
        "start": 125802,
        "stop": 126102,
        "text": "(ステフ)俺らをこの世界に呼んだのはテトだ"
    },
    {
        "start": 126202,
        "stop": 126502,
        "text": "あいつを倒す以外の選択肢 内緒"
    },
    {
        "start": 126702,
        "stop": 127202,
        "text": "というわけで ジブリール 迷惑に従い 今日からお前の全ては俺らのものだ"
    },
    {
        "start": 127202,
        "stop": 128102,
        "text": "ああ それだな 俺のタウPCの書籍 あれ ただの餌だったんで 自由に見ていいぞ あと 図書館も 今まで通り使ってくれ"
    },
    {
        "start": 128102,
        "stop": 128802,
        "text": "(ケテル)ああ 無きマスターよ われらを作り保った 今は無きアルトシュよ"
    },
    {
        "start": 128802,
        "stop": 129602,
        "text": "ついに私はわれらが使え われらを従えるにふさわしき 新たなるマスターを見つける悲願を果たせました"
    },
    {
        "start": 129602,
        "stop": 130302,
        "text": "イマニティでありながら エルフを そして私を下し いかなる基地をも屈返す者"
    },
    {
        "start": 130302,
        "stop": 131602,
        "text": "マイマスター マイローノ イクシード1階序列第6位 フリューゲル 18翼議会が一つ ジブリール わが全てはマスターのもの"
    },
    {
        "start": 131602,
        "stop": 132102,
        "text": "その意志の意志杖としてくだされば 史上の喜びにございます"
    },
    {
        "start": 132202,
        "stop": 132502,
        "text": "(ケテル)ああ 任すとけ なあ シロ"
    },
    {
        "start": 132502,
        "stop": 132802,
        "text": "(シロ)うん 任せろ"
    },
    {
        "start": 133302,
        "stop": 133702,
        "text": "(マイマスター)ていうか 私 いつまで犬の真似すればいいんですのよ"
    },
    {
        "start": 133702,
        "stop": 133796,
        "text": "ごめんなよ!"
    },
    {
        "start": 133796,
        "stop": 135396,
        "text": "[音楽]"
    },
    {
        "start": 135396,
        "stop": 135996,
        "text": "誰にも言えない"
    },
    {
        "start": 135996,
        "stop": 136396,
        "text": "孤独を抱えたまま"
    },
    {
        "start": 136396,
        "stop": 136896,
        "text": "一人で泣いてた"
    },
    {
        "start": 136896,
        "stop": 137396,
        "text": "誰にも上手に笑えない僕ら"
    },
    {
        "start": 137396,
        "stop": 137796,
        "text": "二人出会って笑った"
    },
    {
        "start": 137796,
        "stop": 138396,
        "text": "真夜中過ぎに外の奥に"
    },
    {
        "start": 138396,
        "stop": 138696,
        "text": "どうしようもない気持ちを"
    },
    {
        "start": 138696,
        "stop": 138896,
        "text": "ただ押し合って"
    },
    {
        "start": 138896,
        "stop": 139396,
        "text": "さよならを泣き止まれ変われるから"
    },
    {
        "start": 139396,
        "stop": 139896,
        "text": "悲しみにいて怒るでしょう"
    },
    {
        "start": 139896,
        "stop": 140296,
        "text": "そしていつか笑うものままの心に"
    },
    {
        "start": 140296,
        "stop": 140596,
        "text": "灯を灯すように"
    },
    {
        "start": 140596,
        "stop": 140996,
        "text": "途切れ途切れの言葉を探して"
    },
    {
        "start": 140996,
        "stop": 141196,
        "text": "都合認めた"
    },
    {
        "start": 141196,
        "stop": 141796,
        "text": "それでもたった二人の世界を続いてくんだ"
    },
    {
        "start": 141796,
        "stop": 142296,
        "text": "空に祈るように"
    },
    {
        "start": 142296,
        "stop": 142496,
        "text": "どう?"
    },
    {
        "start": 142496,
        "stop": 142696,
        "text": "永遠に"
    },
    {
        "start": 142796,
        "stop": 142996,
        "text": "昔はお前みたいなゲーマーだったが"
    },
    {
        "start": 142996,
        "stop": 143196,
        "text": "膝に矢を受けてしまってな"
    },
    {
        "start": 143196,
        "stop": 143296,
        "text": "ストップ!"
    },
    {
        "start": 143296,
        "stop": 143796,
        "text": "さよならを泣き止まれ変われるから"
    },
    {
        "start": 143796,
        "stop": 143996,
        "text": "(エンディング)"
    },
    {
        "start": 143996,
        "stop": 144196,
        "text": "[音声なし]"
    }
]