[
    {
        "start": 0,
        "stop": 462,
        "text": "めっちゃ面白いパワー!"
    },
    {
        "start": 1580,
        "stop": 2190,
        "text": "爆発行ってきっかだから知らない"
    },
    {
        "start": 2720,
        "stop": 2820,
        "text": "(オラゴン)ええっ…"
    },
    {
        "start": 2870,
        "stop": 2970,
        "text": "(オラゴン)あ…"
    },
    {
        "start": 3020,
        "stop": 3140,
        "text": "(オラゴン)うっ…"
    },
    {
        "start": 3204,
        "stop": 3412,
        "text": "(オラゴン)でも これで終わりよ!"
    },
    {
        "start": 4446,
        "stop": 4546,
        "text": "(オラゴン)ああっ…"
    },
    {
        "start": 4546,
        "stop": 4646,
        "text": "(オラゴン)うっ…"
    },
    {
        "start": 4934,
        "stop": 5034,
        "text": "(オラゴン)とった…"
    },
    {
        "start": 5034,
        "stop": 5134,
        "text": "(オラゴン)ああっ…"
    },
    {
        "start": 5534,
        "stop": 5634,
        "text": "(オラゴン)とった…"
    },
    {
        "start": 5634,
        "stop": 5734,
        "text": "(オラゴン)ああっ…"
    },
    {
        "start": 6134,
        "stop": 6234,
        "text": "(オラゴン)とった…"
    },
    {
        "start": 6334,
        "stop": 6434,
        "text": "(オラゴン)うっ…"
    },
    {
        "start": 6534,
        "stop": 6634,
        "text": "(オラゴン)うっ…"
    },
    {
        "start": 6734,
        "stop": 6834,
        "text": "(オラゴン)とった…"
    },
    {
        "start": 8134,
        "stop": 8234,
        "text": "(オラゴン)あっ…"
    },
    {
        "start": 8634,
        "stop": 8734,
        "text": "(オラゴン)嘘…"
    },
    {
        "start": 8834,
        "stop": 9334,
        "text": "(オラゴン)嘘… あれを… 避けたの!?"
    },
    {
        "start": 9334,
        "stop": 9534,
        "text": "(オラゴン)あなたの都市伝説の一つに"
    },
    {
        "start": 9534,
        "stop": 9934,
        "text": "こんな話があるのを聞いたことはあるだろうか"
    },
    {
        "start": 9934,
        "stop": 10134,
        "text": "ただ一度も敗北はなく"
    },
    {
        "start": 10134,
        "stop": 10334,
        "text": "空前絶後のスコアを刻み"
    },
    {
        "start": 10334,
        "stop": 10634,
        "text": "あらゆるゲームの頂点に君臨する"
    },
    {
        "start": 10634,
        "stop": 10934,
        "text": "正体不明のプレイヤー"
    },
    {
        "start": 11034,
        "stop": 11334,
        "text": "アカウント名が常に空乱ゆえに"
    },
    {
        "start": 11334,
        "stop": 11534,
        "text": "通称「空白」"
    },
    {
        "start": 11634,
        "stop": 11834,
        "text": "勝つことは不可能とまで言われる"
    },
    {
        "start": 11834,
        "stop": 12034,
        "text": "ゲーマーの話を"
    },
    {
        "start": 12134,
        "stop": 12434,
        "text": "(オラゴン)チート? 空白の正体は?"
    },
    {
        "start": 12434,
        "stop": 12634,
        "text": "(マサイ)ああ 確信した"
    },
    {
        "start": 12634,
        "stop": 12834,
        "text": "奴らはチートのグループだ"
    },
    {
        "start": 12834,
        "stop": 13234,
        "text": "じゃなきゃ 1200人に4人で勝つなんてあり得ね"
    },
    {
        "start": 13234,
        "stop": 13534,
        "text": "自動焦銃回避当たり判定操作"
    },
    {
        "start": 13534,
        "stop": 13734,
        "text": "不正してるね 決まってる"
    },
    {
        "start": 13734,
        "stop": 13834,
        "text": "(オラゴン)違うわ"
    },
    {
        "start": 13834,
        "stop": 14134,
        "text": "不正ツールを使ってたのはこっちよ"
    },
    {
        "start": 14134,
        "stop": 14434,
        "text": "じゃなきゃあんな大魔法連射できるわけないでしょ"
    },
    {
        "start": 14534,
        "stop": 14634,
        "text": "(マサイ)なんだと?"
    },
    {
        "start": 14634,
        "stop": 14834,
        "text": "(オラゴン)なのに空白は避けた"
    },
    {
        "start": 14834,
        "stop": 15034,
        "text": "私がチートで魔法を連射することさえ"
    },
    {
        "start": 15034,
        "stop": 15234,
        "text": "読まれたってことよ"
    },
    {
        "start": 15334,
        "stop": 15434,
        "text": "(マサイ)くっ…"
    },
    {
        "start": 15434,
        "stop": 15534,
        "text": "(オラゴン)空白"
    },
    {
        "start": 15534,
        "stop": 15734,
        "text": "きっと恐ろしく頭のいい人よ"
    },
    {
        "start": 15734,
        "stop": 15934,
        "text": "あー どんな人かしら"
    },
    {
        "start": 16334,
        "stop": 16634,
        "text": "(オラゴン)こうして噂はさらに加速していく"
    },
    {
        "start": 16734,
        "stop": 17034,
        "text": "都市伝説 それは一種の願望だ"
    },
    {
        "start": 17234,
        "stop": 17334,
        "text": "なぜなら"
    },
    {
        "start": 17434,
        "stop": 17634,
        "text": "現実はだいたい"
    },
    {
        "start": 17634,
        "stop": 18034,
        "text": "一番つまらない答えが真実だから"
    },
    {
        "start": 18234,
        "stop": 18334,
        "text": "(マサイ)ああ…"
    },
    {
        "start": 18334,
        "stop": 18534,
        "text": "なんとか勝てた"
    },
    {
        "start": 18534,
        "stop": 18734,
        "text": "ああ…"
    },
    {
        "start": 18734,
        "stop": 18934,
        "text": "すが妹よ"
    },
    {
        "start": 18934,
        "stop": 19134,
        "text": "空白名義のメインアカウント"
    },
    {
        "start": 19234,
        "stop": 19434,
        "text": "足で操作するのやめてくれません?"
    },
    {
        "start": 19534,
        "stop": 19734,
        "text": "(オラゴン)お腹…すいたから"
    },
    {
        "start": 19934,
        "stop": 20134,
        "text": "兄も食べる?"
    },
    {
        "start": 20134,
        "stop": 20334,
        "text": "(マサイ)いただきます"
    },
    {
        "start": 20334,
        "stop": 20434,
        "text": "(オラゴン)うん"
    },
    {
        "start": 20434,
        "stop": 20534,
        "text": "(オラゴン)うん"
    },
    {
        "start": 20634,
        "stop": 20734,
        "text": "(オラゴン)うん"
    },
    {
        "start": 20834,
        "stop": 20934,
        "text": "(マサイ)うん"
    },
    {
        "start": 21934,
        "stop": 22234,
        "text": "(オラゴン)白がこんなブルジョーな氷炉を買うとはな"
    },
    {
        "start": 22334,
        "stop": 22534,
        "text": "(マサイ)栄養大事"
    },
    {
        "start": 22534,
        "stop": 22934,
        "text": "(オラゴン)妹よ 人間の脳はブドウ糖さえあれば機能する"
    },
    {
        "start": 22934,
        "stop": 23134,
        "text": "直盤がコスパ的に最強"
    },
    {
        "start": 23134,
        "stop": 23334,
        "text": "(マサイ)効率中落"
    },
    {
        "start": 23334,
        "stop": 23534,
        "text": "でもその他の栄養のなきゃ"
    },
    {
        "start": 23634,
        "stop": 23734,
        "text": "(オラゴン)おっきくならな"
    },
    {
        "start": 23734,
        "stop": 24134,
        "text": "(マサイ)白はもう完全無欠な美人さんだから気にする必要ないだろ"
    },
    {
        "start": 24134,
        "stop": 24234,
        "text": "(オラゴン)ああ…"
    },
    {
        "start": 24234,
        "stop": 24334,
        "text": "(マサイ)すが今何時だ?"
    },
    {
        "start": 24334,
        "stop": 24734,
        "text": "(オラゴン)えっと夜中の午前8時"
    },
    {
        "start": 24734,
        "stop": 24834,
        "text": "(マサイ)何日の?"
    },
    {
        "start": 24834,
        "stop": 25034,
        "text": "(オラゴン)兄とに関係あるの?"
    },
    {
        "start": 25034,
        "stop": 25434,
        "text": "(オラゴン)あるだろ 寝時のイベント開催日とかランク大会とか"
    },
    {
        "start": 25434,
        "stop": 25534,
        "text": "ああああああ ちょっと待って"
    },
    {
        "start": 25534,
        "stop": 25834,
        "text": "ご徹さんなわからが今落ちられたら回復担当が"
    },
    {
        "start": 26034,
        "stop": 26134,
        "text": "(オラゴン)兄ならできる"
    },
    {
        "start": 26134,
        "stop": 26434,
        "text": "(マサイ)おい まさか両手両脚で4キャラ操作しろって"
    },
    {
        "start": 26434,
        "stop": 26634,
        "text": "(オラゴン)ファイト"
    },
    {
        "start": 26634,
        "stop": 26834,
        "text": "(マサイ)まって!いや待ってください!"
    },
    {
        "start": 26834,
        "stop": 27034,
        "text": "白さん あなたが寝ちゃうとみたら"
    },
    {
        "start": 27034,
        "stop": 27234,
        "text": "え あいつか主に俺一人が死んじゃう"
    },
    {
        "start": 27334,
        "stop": 27634,
        "text": "おほーやったろうじゃねーかー!"
    },
    {
        "start": 28234,
        "stop": 28534,
        "text": "(オラゴン)世界は混沌で理不尽で不条理で"
    },
    {
        "start": 28534,
        "stop": 28734,
        "text": "意味などありはしない"
    },
    {
        "start": 28734,
        "stop": 28934,
        "text": "それに気づいた者"
    },
    {
        "start": 28934,
        "stop": 29434,
        "text": "認めたくない者の切なる願いから生まれる願望"
    },
    {
        "start": 29434,
        "stop": 29834,
        "text": "世界が少しでも面白くあればという願望"
    },
    {
        "start": 29834,
        "stop": 30234,
        "text": "それが都市伝説"
    },
    {
        "start": 30334,
        "stop": 30734,
        "text": "では一つ 僕もそれを手伝ってみよう"
    },
    {
        "start": 30734,
        "stop": 31134,
        "text": "差し当たって様式日としてこう書き出すとしよう"
    },
    {
        "start": 31134,
        "stop": 31534,
        "text": "こんな噂を聞いたことがあるだろうか"
    },
    {
        "start": 31534,
        "stop": 31734,
        "text": "と"
    },
    {
        "start": 31734,
        "stop": 31934,
        "text": "(オラゴン)お前は何をしてるんだ?"
    },
    {
        "start": 32034,
        "stop": 32234,
        "text": "(オラゴン)お前は何をしてるんだ?"
    },
    {
        "start": 32434,
        "stop": 32634,
        "text": "(オラゴン)お前は何をしてるんだ?"
    },
    {
        "start": 32634,
        "stop": 32834,
        "text": "(オラゴン)お前は何をしてるんだ?"
    },
    {
        "start": 33034,
        "stop": 33234,
        "text": "(オラゴン)お前は何をしてるんだ?"
    },
    {
        "start": 33234,
        "stop": 33434,
        "text": "(オラゴン)お前は何をしてるんだ?"
    },
    {
        "start": 33434,
        "stop": 33634,
        "text": "(オラゴン)お前は何をしてるんだ?"
    },
    {
        "start": 33634,
        "stop": 33834,
        "text": "(オラゴン)お前は何をしてるんだ?"
    },
    {
        "start": 33834,
        "stop": 34034,
        "text": "(オラゴン)お前は何をしてるんだ?"
    },
    {
        "start": 34034,
        "stop": 34234,
        "text": "(オラゴン)お前は何をしてるんだ?"
    },
    {
        "start": 34234,
        "stop": 34434,
        "text": "(オラゴン)お前は何をしてるんだ?"
    },
    {
        "start": 34434,
        "stop": 34634,
        "text": "(オラゴン)お前は何をしてるんだ?"
    },
    {
        "start": 34634,
        "stop": 34834,
        "text": "(オラゴン)お前は何をしてるんだ?"
    },
    {
        "start": 34834,
        "stop": 35034,
        "text": "(オラゴン)お前は何をしてるんだ?"
    },
    {
        "start": 35034,
        "stop": 35234,
        "text": "(オラゴン)お前は何をしてるんだ?"
    },
    {
        "start": 35234,
        "stop": 35434,
        "text": "(オラゴン)お前は何をしてるんだ?"
    },
    {
        "start": 35434,
        "stop": 35634,
        "text": "(オラゴン)お前は何をしてるんだ?"
    },
    {
        "start": 35634,
        "stop": 35834,
        "text": "(オラゴン)お前は何をしてるんだ?"
    },
    {
        "start": 35834,
        "stop": 36034,
        "text": "(オラゴン)お前は何をしてるんだ?"
    },
    {
        "start": 36034,
        "stop": 36234,
        "text": "(オラゴン)お前は何をしてるんだ?"
    },
    {
        "start": 36234,
        "stop": 36434,
        "text": "(オラゴン)お前は何をしてるんだ?"
    },
    {
        "start": 36434,
        "stop": 36634,
        "text": "(オラゴン)お前は何をしてるんだ?"
    },
    {
        "start": 36634,
        "stop": 36834,
        "text": "(オラゴン)お前は何をしてるんだ?"
    },
    {
        "start": 36834,
        "stop": 37034,
        "text": "(オラゴン)お前は何をしてるんだ?"
    },
    {
        "start": 37034,
        "stop": 37334,
        "text": "(レン)待って 待って 高度なチェスプログラムとかだったら"
    },
    {
        "start": 37334,
        "stop": 37534,
        "text": "(レン)俺一人じゃ手に追えないって"
    },
    {
        "start": 37734,
        "stop": 38134,
        "text": "(レン)チェスは2人0は有限確定完全情報ゲーム"
    },
    {
        "start": 38234,
        "stop": 38534,
        "text": "(レン)運が解体する余地がないこのゲームは"
    },
    {
        "start": 38534,
        "stop": 38834,
        "text": "(レン)運が解体する余地がないこのゲームは 原理上 明確な必勝法がある"
    },
    {
        "start": 38834,
        "stop": 39134,
        "text": "(レン)ただし 10の120乗"
    },
    {
        "start": 39234,
        "stop": 39634,
        "text": "(レン)無料体数以上の局面を全て把握できればだ"
    },
    {
        "start": 39934,
        "stop": 40434,
        "text": "(オラゴン)チェスなんて ただの… 丸抜ゲーム"
    },
    {
        "start": 40634,
        "stop": 40734,
        "text": "(レン)そう"
    },
    {
        "start": 40834,
        "stop": 41234,
        "text": "(レン)実際シロはグランドマスターを破ったプログラム相手に"
    },
    {
        "start": 41234,
        "stop": 41534,
        "text": "(レン)先手後手入れ替えで20連勝している"
    },
    {
        "start": 41734,
        "stop": 41834,
        "text": "(レン)だが…"
    },
    {
        "start": 41934,
        "stop": 42434,
        "text": "(オラゴン)あっ… 味方のタイルは立った…"
    },
    {
        "start": 42434,
        "stop": 42534,
        "text": "(レン)なんてシロ"
    },
    {
        "start": 42534,
        "stop": 42634,
        "text": "(オラゴン)なんてシロ (オラゴン)2位…"
    },
    {
        "start": 42634,
        "stop": 43134,
        "text": "(レン)プログラムは常に最善の手を打つ だからこそお前は勝てる"
    },
    {
        "start": 43134,
        "stop": 43634,
        "text": "(レン)だが こいつはあえて悪手で誘ってる 人間だ"
    },
    {
        "start": 43634,
        "stop": 43734,
        "text": "(オラゴン)うん"
    },
    {
        "start": 43734,
        "stop": 44034,
        "text": "(レン)落ち着け シロが疑量で負けるはずない"
    },
    {
        "start": 44134,
        "stop": 44734,
        "text": "(レン)揺さぶり誘いは俺が読む ソラとシロ 2人で空白だ"
    },
    {
        "start": 44734,
        "stop": 45134,
        "text": "(レン)俺らに勝てる奴がいるか 見せてもらおうじゃねえか"
    },
    {
        "start": 45134,
        "stop": 46466,
        "text": "小 lasci fan"
    },
    {
        "start": 46466,
        "stop": 46882,
        "text": "(明)ああーっ! 勝ったー!"
    },
    {
        "start": 46890,
        "stop": 47386,
        "text": "(オラゴン)こんな苦戦久しぶり 相手本当に人間?"
    },
    {
        "start": 47504,
        "stop": 47674,
        "text": "(明)あ… うん?"
    },
    {
        "start": 48324,
        "stop": 48466,
        "text": "(明)なっ… だと?"
    },
    {
        "start": 49108,
        "stop": 49378,
        "text": "(明)どう思うか だって?"
    },
    {
        "start": 49456,
        "stop": 50070,
        "text": "(明)ルールも目的も不明瞭な中 70億のプレイヤーが 随かってに手番を動かし"
    },
    {
        "start": 50140,
        "stop": 50616,
        "text": "(明)勝ちすぎても負けすぎてもペナルティー パッする権利もなく"
    },
    {
        "start": 50678,
        "stop": 51190,
        "text": "喋りすぎたら宇都まれる パラメーターもなく ジャンルすら不明"
    },
    {
        "start": 51250,
        "stop": 51470,
        "text": "(明)こんなもの ただの…"
    },
    {
        "start": 51508,
        "stop": 51612,
        "text": "(オラゴン)くそけい…"
    },
    {
        "start": 51662,
        "stop": 51992,
        "text": "(オラゴン)ああ そんな世界があるなら 俺たちは…"
    },
    {
        "start": 52028,
        "stop": 52282,
        "text": "(明)生まれる世界を間違えたわけだ"
    },
    {
        "start": 52508,
        "stop": 53096,
        "text": "(明)あっ… (明)なっ… なんだ?"
    },
    {
        "start": 53104,
        "stop": 53500,
        "text": "(オラゴン)兄… 僕の想い!"
    },
    {
        "start": 53508,
        "stop": 53946,
        "text": "(オラゴン)君たちはまさしく 生まれる世界を間違えた! えっ?"
    },
    {
        "start": 53954,
        "stop": 54722,
        "text": "(オラゴン)ならば 僕が生まれなおさせてあげよう! 君たちが… 生まれるべきだった世界!"
    },
    {
        "start": 55092,
        "stop": 55834,
        "text": "(オラゴン)ようこそ! 僕の世界に生まれる! 君たちの世界に生まれる!"
    },
    {
        "start": 55842,
        "stop": 56734,
        "text": "(オラゴン)ああっ… ああ! (明)僕の世界に! ようこそ! 僕の世界へ!"
    },
    {
        "start": 56742,
        "stop": 57234,
        "text": "(オラゴン)ああっ… なんだこれ!? (明)ああっ… ああ!"
    },
    {
        "start": 57242,
        "stop": 57756,
        "text": "(オラゴン)ことは君たちが夢見る理想境 万丈の世界リスボード!"
    },
    {
        "start": 57764,
        "stop": 58214,
        "text": "(明)ああっ… (オラゴン)この世のすべてが単純なゲームで決まる"
    },
    {
        "start": 58222,
        "stop": 58522,
        "text": "人の命も 国境戦さえも!"
    },
    {
        "start": 58530,
        "stop": 58764,
        "text": "(オラゴン)誰? (明)僕?"
    },
    {
        "start": 58772,
        "stop": 59468,
        "text": "(オラゴン)あそこに住んでね! (明)神様? 神様… (明)それどこじゃねえ! どうすんだよこれ!?"
    },
    {
        "start": 59476,
        "stop": 59888,
        "text": "(オラゴン)この世界は 銃の迷惑によってすべてが決定する!"
    },
    {
        "start": 59896,
        "stop": 60434,
        "text": "ひとつ! この世界におけるあらゆる殺傷 戦争 略奪を禁ずる!"
    },
    {
        "start": 60442,
        "stop": 60950,
        "text": "(明)え!? (オラゴン)ふたつ! 争いはすべてゲームによる勝敗で 解決するものとする!"
    },
    {
        "start": 60958,
        "stop": 61500,
        "text": "みっつ! ゲームには 総務が対等と判断したものを かけて行われる!"
    },
    {
        "start": 61508,
        "stop": 62086,
        "text": "よっつ! 三に反しない限り ゲーム内容 かける者は一切を問わない!"
    },
    {
        "start": 62094,
        "stop": 62594,
        "text": "いつつ! ゲーム内容は 挑まれた方が決定権を有する!"
    },
    {
        "start": 62602,
        "stop": 63082,
        "text": "むっつ! 名訳に誓って行われた賭けは 絶対順手される!"
    },
    {
        "start": 63090,
        "stop": 63640,
        "text": "ななつ! 集団における争いは 全権代理者を立てるものとする!"
    },
    {
        "start": 63648,
        "stop": 64112,
        "text": "やっつ! ゲーム中の不正反覚は敗北と見なす!"
    },
    {
        "start": 64120,
        "stop": 64612,
        "text": "ここのつ! 以上をもって神の名のもと 絶対普遍のルールとする!"
    },
    {
        "start": 64620,
        "stop": 65084,
        "text": "だからそんなこと言ってる場合か! もう死ぬんか!? 死ぬんか!?"
    },
    {
        "start": 65092,
        "stop": 65250,
        "text": "(オラゴン)ええっ!? (明)しろっ!"
    },
    {
        "start": 66700,
        "stop": 67188,
        "text": "そして ジュウ! みんな 仲良くプレイしましょう! えっ?"
    },
    {
        "start": 67196,
        "stop": 67418,
        "text": "(レン)あっ? おいっ!"
    },
    {
        "start": 67426,
        "stop": 67738,
        "text": "また会えることを期待しているよーー"
    },
    {
        "start": 67746,
        "stop": 68052,
        "text": "きっと そう遠くないうちに"
    },
    {
        "start": 68360,
        "stop": 68840,
        "text": "あっ… ねえ… ここって…"
    },
    {
        "start": 68840,
        "stop": 68940,
        "text": "(オラゴン)うん…"
    },
    {
        "start": 71096,
        "stop": 71380,
        "text": "(レン)妹よ (明)あっ…"
    },
    {
        "start": 71388,
        "stop": 71938,
        "text": "(レン) 人生なんて無理ゲーだ 魔族ゲーだと 何度となく思ったが…"
    },
    {
        "start": 71946,
        "stop": 72110,
        "text": "ついにバグった!"
    },
    {
        "start": 72118,
        "stop": 72342,
        "text": "もう 何これ?"
    },
    {
        "start": 72350,
        "stop": 72626,
        "text": "超クソゲー! (オラゴン)超クソゲー!"
    },
    {
        "start": 72830,
        "stop": 73388,
        "text": "昔々の更に昔 神々は世界の絶対自敗拳ーー"
    },
    {
        "start": 73396,
        "stop": 74088,
        "text": "唯一真の座を駆け その剣族 非造物と共に 永遠を争った"
    },
    {
        "start": 74096,
        "stop": 74660,
        "text": "長く精算な戦いは 空と海と地 星の死によってーー"
    },
    {
        "start": 74668,
        "stop": 75048,
        "text": "勝者なきまま 唐突に幕を閉じたーー"
    },
    {
        "start": 75056,
        "stop": 75502,
        "text": "かくして その時点で ただひと柱力を残しーー"
    },
    {
        "start": 75510,
        "stop": 76090,
        "text": "王冠を貫いた神が 不戦勝で唯一真の座についたのだーー"
    },
    {
        "start": 76098,
        "stop": 76656,
        "text": "その名はテト かつて 遊戯の神と呼ばれた存在だった"
    },
    {
        "start": 76664,
        "stop": 77056,
        "text": "腕力と暴力と武力と視力の限りを尽くしーー"
    },
    {
        "start": 77064,
        "stop": 77548,
        "text": "屍の塔を築く知性有しと自称する者ら 答えよ!"
    },
    {
        "start": 77556,
        "stop": 77828,
        "text": "己と知性なき獣の才を!"
    },
    {
        "start": 77836,
        "stop": 78220,
        "text": "崩壊した世界に いかなる弁明も無意味ーー"
    },
    {
        "start": 78228,
        "stop": 78874,
        "text": "そして神は言った この天地における一切の殺傷 略奪を禁ずると"
    },
    {
        "start": 78882,
        "stop": 79224,
        "text": "知性有しと主張する十六の種族よーー"
    },
    {
        "start": 79232,
        "stop": 79628,
        "text": "理力と知力と才力と財力の限りを尽くしーー"
    },
    {
        "start": 79636,
        "stop": 79978,
        "text": "知恵の塔を築き上げ 自らの知性を!"
    },
    {
        "start": 79986,
        "stop": 80158,
        "text": "証明せよ!"
    },
    {
        "start": 80166,
        "stop": 80766,
        "text": "なるほど それで 十六の迷惑によって すべてがゲームで決められる世界になったと?"
    },
    {
        "start": 80774,
        "stop": 80966,
        "text": "そうだ ところで…"
    },
    {
        "start": 80974,
        "stop": 81062,
        "text": "あっ 何?"
    },
    {
        "start": 81070,
        "stop": 81462,
        "text": "なんとか! ズボン一枚くらい残していっていただくわけには!"
    },
    {
        "start": 81470,
        "stop": 81912,
        "text": "その六 迷惑に誓って行われた賭けは絶対遵守されるーー"
    },
    {
        "start": 81920,
        "stop": 82246,
        "text": "俺たちは命も含む この身体すべてをかける代わりにーー"
    },
    {
        "start": 82254,
        "stop": 82542,
        "text": "あんたら持ち物すべてをかけた だろ?"
    },
    {
        "start": 82550,
        "stop": 82934,
        "text": "それはそうですが こんな格好で ここにホール出されては…"
    },
    {
        "start": 82942,
        "stop": 83030,
        "text": "いくぞ シロ"
    },
    {
        "start": 83038,
        "stop": 83514,
        "text": "ああ! 待て! 子供! 締めて一発 駄菓せろ!"
    },
    {
        "start": 83522,
        "stop": 84052,
        "text": "どうやら 盗賊でも 殺傷略奪の類はできないんだな"
    },
    {
        "start": 84060,
        "stop": 84356,
        "text": "多分 したくてもできない…"
    },
    {
        "start": 84422,
        "stop": 84860,
        "text": "つまり すべてがゲーム次第か…"
    },
    {
        "start": 84934,
        "stop": 85434,
        "text": "(鳩のかたち)"
    },
    {
        "start": 85442,
        "stop": 85918,
        "text": "(女性) うう… うう… うう… うう…"
    },
    {
        "start": 85926,
        "stop": 86118,
        "text": "(女性) ねえ 早くしてくれない?"
    },
    {
        "start": 86126,
        "stop": 86514,
        "text": "(女性) やがましいですわ ねえ 今 考えてるんですのー!"
    },
    {
        "start": 86522,
        "stop": 86930,
        "text": "(女性) うう… うう… うう… これ… これ… これ…"
    },
    {
        "start": 86938,
        "stop": 87256,
        "text": "次季国王選定ギャンブル大会?"
    },
    {
        "start": 87264,
        "stop": 87498,
        "text": "全国王の言い言です"
    },
    {
        "start": 87506,
        "stop": 87894,
        "text": "次季国王は人類最強のギャンブラーに 体感させるってね"
    },
    {
        "start": 87902,
        "stop": 88306,
        "text": "へえ 国王までゲームで決めるわけか"
    },
    {
        "start": 88314,
        "stop": 88794,
        "text": "赤毛の方は ステファニードーラー 全国王の孫娘なんだけど"
    },
    {
        "start": 88802,
        "stop": 89332,
        "text": "その言い言はって 多いも告げず ああやって ギャンブル大会に出てるわけ"
    },
    {
        "start": 89512,
        "stop": 89754,
        "text": "シロ 大丈夫か?"
    },
    {
        "start": 89838,
        "stop": 89958,
        "text": "(シロ) 平気…"
    },
    {
        "start": 90150,
        "stop": 90258,
        "text": "(女性) うう…"
    },
    {
        "start": 90266,
        "stop": 90480,
        "text": "(シロ) 何よ 惚れた?"
    },
    {
        "start": 90554,
        "stop": 90900,
        "text": "(レン) いや あんたは出ないのかなって思って"
    },
    {
        "start": 90908,
        "stop": 91334,
        "text": "(シロ) あたし? あたしはこっちがあれば 十分だからね それに…"
    },
    {
        "start": 91408,
        "stop": 91710,
        "text": "あの相手のクラミって子がバカ好きでさ"
    },
    {
        "start": 91718,
        "stop": 92088,
        "text": "強すぎて 他の連中は ほとんどが自退しちゃったのよ"
    },
    {
        "start": 92098,
        "stop": 92348,
        "text": "(レン) つまり おじげついたってわけか?"
    },
    {
        "start": 92356,
        "stop": 92468,
        "text": "(シロ) なんだって?"
    },
    {
        "start": 92478,
        "stop": 92806,
        "text": "(レン) まあ ここで負けたという事実さえなければ"
    },
    {
        "start": 92814,
        "stop": 93082,
        "text": "あとからいくらでも異様あるからな"
    },
    {
        "start": 93090,
        "stop": 93386,
        "text": "(レン) 実は勝てたんだが 見逃してやっただとか…"
    },
    {
        "start": 93440,
        "stop": 93766,
        "text": "(シロ) ふーん 面白いじゃない?"
    },
    {
        "start": 93774,
        "stop": 93982,
        "text": "やる? 坊や"
    },
    {
        "start": 93990,
        "stop": 94470,
        "text": "(レン) 悪いが お遊びの勝負は やるつもりはない その鐘全部だ"
    },
    {
        "start": 94478,
        "stop": 94716,
        "text": "(シロ) はっ? いくらあると思ってんの?"
    },
    {
        "start": 94724,
        "stop": 95170,
        "text": "互いが対等と判断したものをかけないと ゲームは成立しないのよ"
    },
    {
        "start": 95180,
        "stop": 95446,
        "text": "(レン) 名訳 その3だったか?"
    },
    {
        "start": 95454,
        "stop": 95880,
        "text": "そうだな 俺ら2人を 好きにしていいっていうのはどうだ?"
    },
    {
        "start": 95888,
        "stop": 96112,
        "text": "(レン) ブローが捨てようが構わない"
    },
    {
        "start": 96120,
        "stop": 96450,
        "text": "(シロ) 本気? 本気な…"
    },
    {
        "start": 96458,
        "stop": 96780,
        "text": "(レン) ゲームはポーカー1回勝負 どうする?"
    },
    {
        "start": 96850,
        "stop": 97100,
        "text": "やめるなら 今のうちだぜ"
    },
    {
        "start": 97108,
        "stop": 97432,
        "text": "(シロ) 予想が 生きがるんじゃないよ"
    },
    {
        "start": 97508,
        "stop": 97696,
        "text": "やってやろうじゃないの?"
    },
    {
        "start": 97820,
        "stop": 98000,
        "text": "名訳に誓って"
    },
    {
        "start": 98038,
        "stop": 98230,
        "text": "(レン) 名訳に誓って"
    },
    {
        "start": 98444,
        "stop": 98594,
        "text": "(アーサー) パッシュチェンジ! (シロ) パッシュチェンジ!"
    },
    {
        "start": 98594,
        "stop": 98694,
        "text": "(ルシファー)うん…"
    },
    {
        "start": 99056,
        "stop": 99382,
        "text": "(ルシファー)ふっ… 自信だけはありやまった バカな田舎者ってトコに"
    },
    {
        "start": 99540,
        "stop": 99794,
        "text": "あんたの村じゃ その張ったりが通じても…"
    },
    {
        "start": 99836,
        "stop": 99948,
        "text": "ここじゃ…"
    },
    {
        "start": 100044,
        "stop": 100186,
        "text": "通じないわよ!"
    },
    {
        "start": 100470,
        "stop": 100578,
        "text": "(ルシファー)あっ…"
    },
    {
        "start": 100732,
        "stop": 100828,
        "text": "(レン)ふう…"
    },
    {
        "start": 100848,
        "stop": 101186,
        "text": "(ルシファー)あら? 着いてないよね 可哀想に"
    },
    {
        "start": 101200,
        "stop": 101634,
        "text": "(レン)ああ 今日1日で 高度1万メートルからスカイダイブの上"
    },
    {
        "start": 101646,
        "stop": 102026,
        "text": "遠天下歩け歩け大会だ 確かに着いてない"
    },
    {
        "start": 102038,
        "stop": 102176,
        "text": "(ルシファー)何の話?"
    },
    {
        "start": 102188,
        "stop": 102418,
        "text": "(レン)別に いいのか勝負で?"
    },
    {
        "start": 102430,
        "stop": 102742,
        "text": "(ルシファー)ふっ… 私はいいわよ"
    },
    {
        "start": 102754,
        "stop": 103092,
        "text": "特別もう一度だけ 交換させてあげてもいいけど"
    },
    {
        "start": 103104,
        "stop": 103230,
        "text": "(レン)遠慮しとく"
    },
    {
        "start": 103242,
        "stop": 103480,
        "text": "(ルシファー)そう? それじゃ…"
    },
    {
        "start": 103526,
        "stop": 103718,
        "text": "悪いわねー ゴメン!"
    },
    {
        "start": 103730,
        "stop": 103884,
        "text": "フルハウスよ!"
    },
    {
        "start": 103918,
        "stop": 104152,
        "text": "(レン)あっ そうだな 確かに…"
    },
    {
        "start": 104164,
        "stop": 104286,
        "text": "(ルシファー)確かに悪い"
    },
    {
        "start": 104398,
        "stop": 104482,
        "text": "(レン)ん?"
    },
    {
        "start": 104562,
        "stop": 105042,
        "text": "(ルシファー)あっ… ど… どう言うやつ?"
    },
    {
        "start": 105054,
        "stop": 105320,
        "text": "ストレッド!"
    },
    {
        "start": 105332,
        "stop": 105674,
        "text": "(ルシファー)ふっ… うわーっ! ふーっ!"
    },
    {
        "start": 105686,
        "stop": 105970,
        "text": "うさ… うさよ うさよ うさよ! うさでしょ!"
    },
    {
        "start": 105982,
        "stop": 106120,
        "text": "(レン)よーく見ろ 事実だよ"
    },
    {
        "start": 106132,
        "stop": 106416,
        "text": "(ルシファー)ありえないわ 65万分の1の確率よ!"
    },
    {
        "start": 106428,
        "stop": 106666,
        "text": "(レン)その65万分の1が 今だったんだろ?"
    },
    {
        "start": 106678,
        "stop": 106886,
        "text": "(ルシファー)でも… (レン)名訳 その6"
    },
    {
        "start": 106900,
        "stop": 107216,
        "text": "賭けは絶対遵守される だったな"
    },
    {
        "start": 107258,
        "stop": 107708,
        "text": "(ルシファー)あっ… あんた… 一体 何者…"
    },
    {
        "start": 107758,
        "stop": 108266,
        "text": "(レン)別に ただの… 容そものだよ"
    },
    {
        "start": 108320,
        "stop": 108754,
        "text": "(ルシファー)あっ… あっ… あっ… あっ…"
    },
    {
        "start": 108926,
        "stop": 109376,
        "text": "(女性)兄 ズルイ あんな分かりやすい子様…"
    },
    {
        "start": 109418,
        "stop": 109614,
        "text": "(レン)銃の名訳 その8"
    },
    {
        "start": 109626,
        "stop": 109930,
        "text": "ゲーム中の不正発覚は敗北とみなす"
    },
    {
        "start": 109964,
        "stop": 110176,
        "text": "つまりバレなきゃいいってことだ"
    },
    {
        "start": 110218,
        "stop": 110526,
        "text": "(女性)いくら… あるの? (レン)そうなのな"
    },
    {
        "start": 110572,
        "stop": 111006,
        "text": "まっ まかすとけ 賭け引きは兄ちゃんの量分だ"
    },
    {
        "start": 111114,
        "stop": 111586,
        "text": "二人一部屋 ベッドは一つといい これで 何泊できる?"
    },
    {
        "start": 111682,
        "stop": 112002,
        "text": "(レン)1泊だな (レン)アハハ クタクタなんだよ"
    },
    {
        "start": 112016,
        "stop": 112344,
        "text": "本当は何泊か さっさと 教えてくれないかな?"
    },
    {
        "start": 112420,
        "stop": 112892,
        "text": "ぼったくろうとするなら もっと視線と声のトーンに気をつけたほうがいいよ"
    },
    {
        "start": 112918,
        "stop": 113330,
        "text": "(レン)チッ 2泊だよ (レン)ほら また嘘をつく"
    },
    {
        "start": 113388,
        "stop": 113976,
        "text": "言っとくぞ 嘘をつく相手は慎重に選べ なん?"
    },
    {
        "start": 114130,
        "stop": 114538,
        "text": "はい 4泊 ごっそさん (レン)チッ… あんた 名前は?"
    },
    {
        "start": 114550,
        "stop": 114960,
        "text": "(レン)あっ 空白でいいよ"
    },
    {
        "start": 115252,
        "stop": 115394,
        "text": "待たせたな 白"
    },
    {
        "start": 115464,
        "stop": 115860,
        "text": "あの人 負ける (レン)そりゃ そうだ"
    },
    {
        "start": 115872,
        "stop": 116448,
        "text": "相手みたいに ポーカーフェイスって言葉を知ら… イカ様か?"
    },
    {
        "start": 116460,
        "stop": 117082,
        "text": "間違いない でも… 方法が分からない"
    },
    {
        "start": 117302,
        "stop": 117740,
        "text": "なるほど まさかと思うが この世界…"
    },
    {
        "start": 117986,
        "stop": 118174,
        "text": "フッ マジかよ"
    },
    {
        "start": 118248,
        "stop": 118590,
        "text": "(レン)どうする? 降りる? (マナ)だ 黙らしいですわ!"
    },
    {
        "start": 118602,
        "stop": 119124,
        "text": "先生 どうだお 勝負ですわよ! えっと… えっと…"
    },
    {
        "start": 119430,
        "stop": 119704,
        "text": "よ… よしですわ! あっ…"
    },
    {
        "start": 119734,
        "stop": 120034,
        "text": "オタク イカ様されてるよ?"
    },
    {
        "start": 120054,
        "stop": 120442,
        "text": "あ… あっ… あっ…"
    },
    {
        "start": 121034,
        "stop": 121284,
        "text": "じゃあ 勝負でいいのね?"
    },
    {
        "start": 121300,
        "stop": 121622,
        "text": "あっ… マ… マジだろんですわ!"
    },
    {
        "start": 121684,
        "stop": 122426,
        "text": "スマホに DSP タブPC… バッテリーに ソーラーチャージャー ケーブルと…"
    },
    {
        "start": 122438,
        "stop": 122530,
        "text": "これだけ?"
    },
    {
        "start": 122542,
        "stop": 123002,
        "text": "ま あの状況で よくこれだけ残ってたっていうべきだろうな"
    },
    {
        "start": 123014,
        "stop": 123264,
        "text": "電波… 来てない?"
    },
    {
        "start": 123276,
        "stop": 123756,
        "text": "そりゃ そうだろ まさに ファンタジーって世界だもんな"
    },
    {
        "start": 123814,
        "stop": 124168,
        "text": "あんなイカ様 チートにもほどがあるだろ"
    },
    {
        "start": 124248,
        "stop": 124652,
        "text": "に… あれに勝てる?"
    },
    {
        "start": 125032,
        "stop": 125420,
        "text": "あ… ぐむんだった"
    },
    {
        "start": 125628,
        "stop": 125758,
        "text": "なあ シロ"
    },
    {
        "start": 125828,
        "stop": 126146,
        "text": "異世界漂流者の主人公たちって…"
    },
    {
        "start": 126178,
        "stop": 126554,
        "text": "ここから元の世界に戻ろうと頑張るんだよな"
    },
    {
        "start": 126554,
        "stop": 126682,
        "text": "(シロ)うん…"
    },
    {
        "start": 126798,
        "stop": 127124,
        "text": "(レン)なんで あんな世界に戻ろうとしたんだ?"
    },
    {
        "start": 127632,
        "stop": 127732,
        "text": "ん?"
    },
    {
        "start": 127836,
        "stop": 128232,
        "text": "(シロ)はあ… はあ… (レン)ふっ…"
    },
    {
        "start": 128482,
        "stop": 128882,
        "text": "シロも… そう思う…"
    },
    {
        "start": 129166,
        "stop": 129614,
        "text": "(シロ)じゃあ 決まりだな…"
    },
    {
        "start": 130106,
        "stop": 130414,
        "text": "さあ ゲームを始めよう"
    },
    {
        "start": 130414,
        "stop": 131734,
        "text": "(♪~ ♪~)"
    },
    {
        "start": 131734,
        "stop": 132384,
        "text": "回り続けてる 悪夢には成り下がらない"
    },
    {
        "start": 132384,
        "stop": 133054,
        "text": "平気揺れんじる 情報から始まった地獄"
    },
    {
        "start": 133054,
        "stop": 133534,
        "text": "遊び半分で 神が導いた 万丈の世界"
    },
    {
        "start": 133534,
        "stop": 133714,
        "text": "No! No! No! Get Alive!"
    },
    {
        "start": 133714,
        "stop": 134044,
        "text": "温い平穏を 刺激に捨てて"
    },
    {
        "start": 134044,
        "stop": 134454,
        "text": "愛恋の階段に 存在刻むんだ"
    },
    {
        "start": 134454,
        "stop": 134914,
        "text": "目に映るのは 完全勝利の運命"
    },
    {
        "start": 134914,
        "stop": 135314,
        "text": "何もかも 計算通り"
    },
    {
        "start": 135314,
        "stop": 135814,
        "text": "変えてやる 染まらない 食え白い"
    },
    {
        "start": 135814,
        "stop": 136454,
        "text": "みんなまでに 救えたいなんていらない"
    },
    {
        "start": 136454,
        "stop": 137124,
        "text": "どんな理神 襲うでも 勝てないだけの話だな"
    },
    {
        "start": 137124,
        "stop": 137764,
        "text": "歓迎と 才能が 無敗さらう"
    },
    {
        "start": 137764,
        "stop": 138404,
        "text": "生まれ直した命で 楽しむさ"
    },
    {
        "start": 138404,
        "stop": 139114,
        "text": "自分だけは 自分 信じてる"
    },
    {
        "start": 140634,
        "stop": 141034,
        "text": "シーロー 懐いてくれるのはアニメ寄りに尽きるが"
    },
    {
        "start": 141034,
        "stop": 141204,
        "text": "ちょっと話してくれ"
    },
    {
        "start": 141304,
        "stop": 141704,
        "text": "誰だ? 宿地になら前払いで…"
    },
    {
        "start": 142354,
        "stop": 142704,
        "text": "入らせていただけます?"
    },
    {
        "start": 142804,
        "stop": 143004,
        "text": "誰かを助けるのに…"
    },
    {
        "start": 143004,
        "stop": 143304,
        "text": "面白そう以上の理由がいるか?"
    },
    {
        "start": 143304,
        "stop": 143954,
        "text": "みんなまでに 救えたいなんていらない"
    },
    {
        "start": 143954,
        "stop": 144154,
        "text": "ご視聴ありがとうございました。"
    }
]