[
    {
        "start": 0,
        "stop": 716,
        "text": "(オラゴン)さて この者 フラミーツェルが 先帝の戦いを 最後まで勝ち抜いたわけであるが?"
    },
    {
        "start": 734,
        "stop": 1000,
        "text": "彼女に挑む者は もう おらぬか?"
    },
    {
        "start": 1068,
        "stop": 1464,
        "text": "(皆実)ちょっと ソラ 本気ですの? 大観識に乗り込むなんて!"
    },
    {
        "start": 1480,
        "stop": 1928,
        "text": "(ソラ)せっかく生まれ直した世界 いきなり住む場所 なくなっちゃ困るしな"
    },
    {
        "start": 1964,
        "stop": 2064,
        "text": "(皆実)でも…"
    },
    {
        "start": 2112,
        "stop": 2684,
        "text": "(ソラ)さて ちょいと王様になって 領土取り戻してくか!"
    },
    {
        "start": 2684,
        "stop": 2784,
        "text": "(剣士)くっ!"
    },
    {
        "start": 2784,
        "stop": 2884,
        "text": "(オラゴン)ああ…"
    },
    {
        "start": 2884,
        "stop": 3344,
        "text": "どうせもうつ mattio"
    },
    {
        "start": 4752,
        "stop": 5404,
        "text": "rapl prey"
    },
    {
        "start": 5504,
        "stop": 6304,
        "text": "- 地獄 遊び 半分で 神が導いた 万丈の世界 乱々 乱けんな!"
    },
    {
        "start": 6304,
        "stop": 7004,
        "text": "- 無理 平穏を 真っ先に捨てて 栄光への階段に 存在刻むんだ"
    },
    {
        "start": 7004,
        "stop": 8404,
        "text": "- 目に映るのは 完全勝利の運命 なるものかも 計算取り 通ってやる 染まらないクエクゼ"
    },
    {
        "start": 8404,
        "stop": 9704,
        "text": "- みんな 守りくらい なんていらないのに 怒鳴りし 嘔吐でも 勝てないだけの話だ"
    },
    {
        "start": 9704,
        "stop": 10904,
        "text": "- 今 歓迎と才能が 無敗さらう 生まれ直した命で 楽しむさ"
    },
    {
        "start": 10904,
        "stop": 11704,
        "text": "- 自分だけは自分 信じてる"
    },
    {
        "start": 11704,
        "stop": 11996,
        "text": "2日目"
    },
    {
        "start": 12900,
        "stop": 13914,
        "text": "では、全国王の由意言に従い、クラミイゼルをエルキア新国王として体感させる。意義のある者は申し立てよ。さもなくば、沈黙…"
    },
    {
        "start": 13914,
        "stop": 14022,
        "text": "意義あり!"
    },
    {
        "start": 14084,
        "stop": 14152,
        "text": "ん?"
    },
    {
        "start": 14270,
        "stop": 14474,
        "text": "意義あり!ありやりでーす!"
    },
    {
        "start": 14674,
        "stop": 15068,
        "text": "そ、それはつまり、彼女に挑むということですかな?"
    },
    {
        "start": 15068,
        "stop": 15140,
        "text": "ああ!"
    },
    {
        "start": 15306,
        "stop": 16130,
        "text": "自分が負けたからと言って、今度は使用人を送り込んでくるなんて。ここはこつれで遊びに来ていい場所じゃないわよ、ステファニードーラ。"
    },
    {
        "start": 16130,
        "stop": 16190,
        "text": "うっ!"
    },
    {
        "start": 16190,
        "stop": 16814,
        "text": "ペテンシに玉座を明けはだしていい場所でもないっしょ。特に他国の力を借りてる奴。"
    },
    {
        "start": 16814,
        "stop": 17008,
        "text": "ううううう…!"
    },
    {
        "start": 17064,
        "stop": 17172,
        "text": "シロ、いたか?"
    },
    {
        "start": 17172,
        "stop": 17246,
        "text": "一人。"
    },
    {
        "start": 17314,
        "stop": 17464,
        "text": "他に耳を隠してる奴は?"
    },
    {
        "start": 17506,
        "stop": 17568,
        "text": "いない。"
    },
    {
        "start": 17622,
        "stop": 17932,
        "text": "あの板切れ…。確か前にも…。"
    },
    {
        "start": 18102,
        "stop": 18230,
        "text": "どういう意味かしら?"
    },
    {
        "start": 18230,
        "stop": 19078,
        "text": "わかんないの?いいか?例えば、エルフと決着して魔法で優勝した奴を王にしたら、この国は終わりだろー?"
    },
    {
        "start": 19078,
        "stop": 19284,
        "text": "エルフと決着した奴は終わりだろー!?"
    },
    {
        "start": 19284,
        "stop": 19520,
        "text": "ど、どういうことですかの?"
    },
    {
        "start": 19520,
        "stop": 19836,
        "text": "つまり、私が生かさましてるとでも言いたいの?"
    },
    {
        "start": 19836,
        "stop": 20426,
        "text": "いやだなー、例えばって聞こえなかった?それとも心当たりでも?"
    },
    {
        "start": 20426,
        "stop": 20476,
        "text": "ん?"
    },
    {
        "start": 20580,
        "stop": 21490,
        "text": "いいわ。意義があるなら、希望通り勝負ではっきりさせてあげる。はーい、そうしてもらえるとは、気がしますー!"
    },
    {
        "start": 21490,
        "stop": 21984,
        "text": "でも、フォーカー勝負ならそこの協力者、追い出した方がいいよ。"
    },
    {
        "start": 21984,
        "stop": 22218,
        "text": "し、失礼いたしますわ!"
    },
    {
        "start": 22326,
        "stop": 22792,
        "text": "こ、このグループ!?ってことはまさか、あいつ!?"
    },
    {
        "start": 22864,
        "stop": 23406,
        "text": "あれぇ、クールビューティー気取りのペテンシさん。お友達助けないの?"
    },
    {
        "start": 23516,
        "stop": 24120,
        "text": "なるほど。適当なエルフと決着して、私をイマニティの敵に仕立てあげようってわけね。"
    },
    {
        "start": 24120,
        "stop": 24428,
        "text": "へっへっ、悪くない言い訳思いつくね。"
    },
    {
        "start": 24428,
        "stop": 24774,
        "text": "とっとと出て行ったら、エルフの協力者さん。"
    },
    {
        "start": 24824,
        "stop": 25056,
        "text": "おおー!"
    },
    {
        "start": 25056,
        "stop": 25350,
        "text": "さ、これで準備ができたようね。"
    },
    {
        "start": 25350,
        "stop": 25474,
        "text": "ああ。"
    },
    {
        "start": 25474,
        "stop": 26278,
        "text": "迷惑に従って、ゲームは私が決めさせてもらうわよ。イカ様など介入する余地のないゲームに。"
    },
    {
        "start": 26278,
        "stop": 26824,
        "text": "迷惑その後、ゲーム内容は挑まれた方が決定権を有するか。"
    },
    {
        "start": 26824,
        "stop": 27422,
        "text": "ま、どうしてここでポーカーを自退したのか、あえて追求しないであげる俺ってば優しい。"
    },
    {
        "start": 27546,
        "stop": 28082,
        "text": "ふーん。オタクうつり悪いね。もうちょい笑った方が可愛いよ。"
    },
    {
        "start": 28186,
        "stop": 28670,
        "text": "勝負は場所を変えましょう。準備ができたら呼びに行くわ。"
    },
    {
        "start": 28754,
        "stop": 29104,
        "text": "じゃ、じゃあ!私達は魔法使われていたんですの!?"
    },
    {
        "start": 29104,
        "stop": 29334,
        "text": "お、おま、声でけえよ。"
    },
    {
        "start": 29334,
        "stop": 29662,
        "text": "ああ、坂場で見た時に俺もシロも気づいた。"
    },
    {
        "start": 29662,
        "stop": 29800,
        "text": "シロが気づいた。"
    },
    {
        "start": 29800,
        "stop": 29980,
        "text": "細かいな、妹よ。"
    },
    {
        "start": 29980,
        "stop": 30710,
        "text": "はああ!さてはその秘密道具、魔法検出できるんですかね!? あのエルフ、一体どんな魔法を!?"
    },
    {
        "start": 30710,
        "stop": 30886,
        "text": "さあ、さっぱりだ。"
    },
    {
        "start": 30886,
        "stop": 30984,
        "text": "はああ!"
    },
    {
        "start": 30984,
        "stop": 31198,
        "text": "魔法ってすげえな。"
    },
    {
        "start": 31198,
        "stop": 31562,
        "text": "伏せ札書き替えとかだったら、証明の仕様もない。"
    },
    {
        "start": 31562,
        "stop": 31896,
        "text": "やればひっぱい。万にひとつも勝ち目もね。"
    },
    {
        "start": 31982,
        "stop": 32166,
        "text": "だから、それを避けた。"
    },
    {
        "start": 32166,
        "stop": 32216,
        "text": "え!?"
    },
    {
        "start": 32252,
        "stop": 32586,
        "text": "いいか。できるだけ簡単に説明するぞ。"
    },
    {
        "start": 32686,
        "stop": 33166,
        "text": "まず、この総当たりの国王選定戦。これが欠陥だらけだ。"
    },
    {
        "start": 33250,
        "stop": 33874,
        "text": "他国がイマニティの誰かを王にしてやると抱き込めば、勝負に介入することが可能。"
    },
    {
        "start": 33874,
        "stop": 34782,
        "text": "しかも相手は魔法を看知できないイマニティ。勝つのもたやすい。これでカイライ王の誕生。あとは国を好きにできる。"
    },
    {
        "start": 34782,
        "stop": 35002,
        "text": "誰でも思いつく簡単な方法だ。"
    },
    {
        "start": 35250,
        "stop": 35582,
        "text": "故に他種族はこう考えるだろう。"
    },
    {
        "start": 35582,
        "stop": 35842,
        "text": "やはり来たのですよ。"
    },
    {
        "start": 35842,
        "stop": 36666,
        "text": "心配しないで。私と同じように、他の種族の力を借りているイマニティが現れただけ。想定の範囲内でしょう。"
    },
    {
        "start": 36782,
        "stop": 37208,
        "text": "クラミー、私がいなくても大丈夫なのですか?"
    },
    {
        "start": 37386,
        "stop": 37482,
        "text": "問題ないわ。"
    },
    {
        "start": 37634,
        "stop": 38158,
        "text": "つまりクラミーは私たちのバックに他の種族がいると勝手に思い込んでいる。"
    },
    {
        "start": 38158,
        "stop": 38706,
        "text": "ああ。あいつの頭の中にあるのはエルキアを舞台とした国家戦外交戦だ。"
    },
    {
        "start": 38706,
        "stop": 39686,
        "text": "となればクラミーは今までのように魔法に頼ることができない。ピコン!つまり、イカサマなしの対等の勝負に持ち込めるということですのね!"
    },
    {
        "start": 39686,
        "stop": 39906,
        "text": "どこまで頭お花畑なんだよ!"
    },
    {
        "start": 39906,
        "stop": 40138,
        "text": "うわ!なんでなじられるんですの?"
    },
    {
        "start": 40138,
        "stop": 40806,
        "text": "他国の介入はあいつらの想定内なんだよ。今度はバレない魔法か何か仕込んでくるに決まってるだろ。"
    },
    {
        "start": 40806,
        "stop": 41134,
        "text": "それじゃ!余計自体は悪化してるんじゃ!"
    },
    {
        "start": 41134,
        "stop": 42462,
        "text": "用意されるのは少なくとも表面上は対等に見えるゲームだ。記憶改ざんとか視覚閲覧みたいな、俺らに直接干渉する魔法は避けるはず。つまり、原理的に勝てないゲームじゃない。"
    },
    {
        "start": 42462,
        "stop": 42702,
        "text": "だったらなんだっていうんですの?"
    },
    {
        "start": 42702,
        "stop": 43030,
        "text": "原理的に勝てないゲームでさえなければ。"
    },
    {
        "start": 43030,
        "stop": 43330,
        "text": "空白に敗北の二文字はない。"
    },
    {
        "start": 43330,
        "stop": 43470,
        "text": "ってことだ。"
    },
    {
        "start": 43470,
        "stop": 43570,
        "text": "え?"
    },
    {
        "start": 44034,
        "stop": 45210,
        "text": "正直に言うわ。私がエルフの力を借りているのはイマニティの生存権の確保のため。必要最低限の領土を得たら、エルフとは縁を切るつもりよ。"
    },
    {
        "start": 45210,
        "stop": 45410,
        "text": "ふーわ。"
    },
    {
        "start": 45410,
        "stop": 45710,
        "text": "ひもとよ。わざわざ口に出さなくていい。"
    },
    {
        "start": 45710,
        "stop": 46130,
        "text": "他国の患者かもしれない奴に、そんなことばらしちゃってバカなの?死ぬの?"
    },
    {
        "start": 46130,
        "stop": 47666,
        "text": "よく考えて。イマニティが生き残るには、大国の被誤化で生存権利を手に入れ、その後はあらゆる勝負を放棄して一切を閉ざす。これしかないの。ステファニードーラ、あなたも分かっているでしょ?"
    },
    {
        "start": 47666,
        "stop": 47774,
        "text": "それは…"
    },
    {
        "start": 47774,
        "stop": 49442,
        "text": "それに、世界最大国エルブンガルドのエルフが有する魔法は、どの種族にも破れやしない。私に勝つのは不可能よ。だから勝負を降りてほしい。決してエルフの怪来になんかさせないと誓うわ。"
    },
    {
        "start": 49442,
        "stop": 49562,
        "text": "ソラ…"
    },
    {
        "start": 49562,
        "stop": 50198,
        "text": "ふーん、なるほど。大国の被誤化で生存を得る。悪くない計略だ。"
    },
    {
        "start": 50198,
        "stop": 50398,
        "text": "でしょ?なら勝負を降り…"
    },
    {
        "start": 50398,
        "stop": 51586,
        "text": "だが、コトマル!この空白が最も好きなことのひとつは、自分が絶対的優位あると思ってる奴に、納得断ってやることだ!"
    },
    {
        "start": 51786,
        "stop": 52130,
        "text": "一度は言ってみたい台詞だよ!いい?リアルに言えたら!"
    },
    {
        "start": 52130,
        "stop": 52390,
        "text": "ねえ、ちょーくちょー!"
    },
    {
        "start": 52390,
        "stop": 53358,
        "text": "どうやら時間の無駄だったよね。ご希望通り、力でネジ伏せてあげる。ここでね。"
    },
    {
        "start": 53358,
        "stop": 53458,
        "text": "どうしてですの?"
    },
    {
        "start": 53458,
        "stop": 53558,
        "text": "何が?"
    },
    {
        "start": 53558,
        "stop": 53958,
        "text": "さっきの話ですわ。あの人の言うこと、一理あると思いましたけど。"
    },
    {
        "start": 53958,
        "stop": 54458,
        "text": "あのさ、そろそろ他人を疑うことを覚えてもいいんじゃないか?"
    },
    {
        "start": 54458,
        "stop": 54558,
        "text": "え?"
    },
    {
        "start": 54558,
        "stop": 54958,
        "text": "ひとつ、あいつの言葉が事実である根拠がどこにある?"
    },
    {
        "start": 54958,
        "stop": 55358,
        "text": "ふたつ、必ずかつてがあるなら、なぜこっちに勝負を降りるように言う?"
    },
    {
        "start": 55358,
        "stop": 55458,
        "text": "うっ…"
    },
    {
        "start": 55458,
        "stop": 56158,
        "text": "みっつ、すべて事実だとして、他国の患者かもしれない俺に、そんな情報を流すバカに国は任せておけよ。"
    },
    {
        "start": 56158,
        "stop": 56558,
        "text": "よっつ、話に乗ってこっちの手の内を探られたらおしまいです!"
    },
    {
        "start": 56558,
        "stop": 56658,
        "text": "オーケー。"
    },
    {
        "start": 56658,
        "stop": 57058,
        "text": "そこまで考えた上でのセリフだったんですのね!"
    },
    {
        "start": 57158,
        "stop": 57858,
        "text": "まあ、それだけじゃないけどな。あいつもお前も、人類舐めすぎ。"
    },
    {
        "start": 57858,
        "stop": 57958,
        "text": "チェス?"
    },
    {
        "start": 57958,
        "stop": 58558,
        "text": "そうよ。でもこれはただのチェスじゃない。コマが意思を持っているチェスよ。"
    },
    {
        "start": 58558,
        "stop": 59058,
        "text": "命じればコマは動く。ただ命じれば命じたままに。"
    },
    {
        "start": 59258,
        "stop": 59858,
        "text": "そうきたか。シロとスタッフのために、このチェスの名前を知っている。"
    },
    {
        "start": 59858,
        "stop": 60258,
        "text": "あいつらはこの「チェス」の名前を知っている。"
    },
    {
        "start": 60258,
        "stop": 60458,
        "text": "命じたままに。"
    },
    {
        "start": 60658,
        "stop": 60958,
        "text": "そうきたか。シロ、どうする?"
    },
    {
        "start": 60958,
        "stop": 61358,
        "text": "チェスなんて、ただの丸罰ゲーム。"
    },
    {
        "start": 61458,
        "stop": 61758,
        "text": "なあ、これ途中で交代してもいいよな。"
    },
    {
        "start": 61758,
        "stop": 61858,
        "text": "兄!"
    },
    {
        "start": 61858,
        "stop": 62558,
        "text": "悪いが、こっちは二人で一人のプレイヤーなんだわ。それに、そっちが一方的に熟知しているゲームのようでし。"
    },
    {
        "start": 62758,
        "stop": 63158,
        "text": "ばれるはずないわ。どうぞご自由に。"
    },
    {
        "start": 63158,
        "stop": 63358,
        "text": "シロが負けると…。"
    },
    {
        "start": 63358,
        "stop": 64158,
        "text": "シロ、熱くなりすぎ。チェスでお前が負けるなんて万に一つもない。ただ、これは普通のチェスじゃない。"
    },
    {
        "start": 64258,
        "stop": 64758,
        "text": "忘れるな。俺らは二人で一人。二人で空白だろ。"
    },
    {
        "start": 64758,
        "stop": 65158,
        "text": "ごめんなさい。気をつける。"
    },
    {
        "start": 65158,
        "stop": 65258,
        "text": "よし。"
    },
    {
        "start": 65458,
        "stop": 65858,
        "text": "話は終わった?先手はそちらで結構。"
    },
    {
        "start": 66058,
        "stop": 66358,
        "text": "では、これより勝負を始める。"
    },
    {
        "start": 66458,
        "stop": 66658,
        "text": "発進点!"
    },
    {
        "start": 67058,
        "stop": 67158,
        "text": "クラミ…。"
    },
    {
        "start": 67558,
        "stop": 67758,
        "text": "T2、T4へ…。"
    },
    {
        "start": 68158,
        "stop": 68958,
        "text": "チェスは原理的に、互いが最前止を打ち続ければ、先手が勝つ確率の高い先手有利のゲーム。"
    },
    {
        "start": 68958,
        "stop": 69058,
        "text": "動きました?"
    },
    {
        "start": 69058,
        "stop": 69258,
        "text": "そのことはあいつが知らないはずがない。"
    },
    {
        "start": 69258,
        "stop": 69558,
        "text": "G7、前へ。"
    },
    {
        "start": 70158,
        "stop": 70358,
        "text": "サ…サンマスも進んだ。"
    },
    {
        "start": 70358,
        "stop": 70558,
        "text": "ルール違反ですわ!"
    },
    {
        "start": 70558,
        "stop": 70958,
        "text": "言ったでしょ?これは、コマが意志を持ったチェスだと。"
    },
    {
        "start": 71058,
        "stop": 71758,
        "text": "なるほど。コマはプレイヤーのカリスマ、指揮力、王としての支出を反映して動く。"
    },
    {
        "start": 71858,
        "stop": 72358,
        "text": "その通りよ。王者を決めるのに、ふさわしいゲームだと思わない?"
    },
    {
        "start": 72358,
        "stop": 72558,
        "text": "ナイト、C3へ…。"
    },
    {
        "start": 72858,
        "stop": 73058,
        "text": "F7、前へ。"
    },
    {
        "start": 73258,
        "stop": 73658,
        "text": "前?って、なんなんですの?あの命令の出し方!"
    },
    {
        "start": 73658,
        "stop": 73758,
        "text": "いいから見てろ。"
    },
    {
        "start": 73758,
        "stop": 73958,
        "text": "E2、E4へ…。"
    },
    {
        "start": 74358,
        "stop": 74958,
        "text": "忘れてはいけない。一度ゲームに入り込んだシロの圧倒的な集中力。"
    },
    {
        "start": 74958,
        "stop": 75158,
        "text": "ナイト、E3へ…。"
    },
    {
        "start": 75158,
        "stop": 75458,
        "text": "それは、あの神さえ破ったのだという事実を。"
    },
    {
        "start": 75558,
        "stop": 75758,
        "text": "クイーン、H5。"
    },
    {
        "start": 75858,
        "stop": 76058,
        "text": "チェック。"
    },
    {
        "start": 76058,
        "stop": 76658,
        "text": "す、すごいですわ!ルール無視に近い動きをしているクラミンを圧倒してますわよ!"
    },
    {
        "start": 76658,
        "stop": 77158,
        "text": "何も不思議なことじゃない。正義でも、超一流の騎士なら、"
    },
    {
        "start": 77158,
        "stop": 77558,
        "text": "被写画、金銀、京境の10枚落ちたろうと相手を含風しきる。"
    },
    {
        "start": 77558,
        "stop": 77958,
        "text": "その実力差は、多少のルール違反でひっくり返るもんじゃない。"
    },
    {
        "start": 78058,
        "stop": 78258,
        "text": "F2、F4へ…。"
    },
    {
        "start": 78358,
        "stop": 78458,
        "text": "だが…。"
    },
    {
        "start": 78458,
        "stop": 78658,
        "text": "F2、F4へ…。"
    },
    {
        "start": 78858,
        "stop": 78958,
        "text": "動きませんわ?"
    },
    {
        "start": 79058,
        "stop": 79158,
        "text": "やはりそうなるか。"
    },
    {
        "start": 79158,
        "stop": 79358,
        "text": "どういう事ですの?"
    },
    {
        "start": 79358,
        "stop": 79858,
        "text": "このチェスのポイントは、駒が動かない事にこそあるんだ。"
    },
    {
        "start": 79958,
        "stop": 80358,
        "text": "死ぬのが分かっている場所に、喜んで進む兵士はいない。"
    },
    {
        "start": 80358,
        "stop": 80758,
        "text": "それは、狂気に等しい指揮があって初めて可能な事。"
    },
    {
        "start": 80758,
        "stop": 80858,
        "text": "じゃあ…。"
    },
    {
        "start": 80858,
        "stop": 81158,
        "text": "そう、捨てごまは使えないって事だ。"
    },
    {
        "start": 81658,
        "stop": 82058,
        "text": "どうするの?持ち時間が無くなるわよ。"
    },
    {
        "start": 82158,
        "stop": 82458,
        "text": "ナイト、テイクH7。"
    },
    {
        "start": 82458,
        "stop": 82658,
        "text": "F2、F3へ…。"
    },
    {
        "start": 82958,
        "stop": 83258,
        "text": "F2、F3へ…。"
    },
    {
        "start": 83558,
        "stop": 83858,
        "text": "Bショップ前へ、敵ナイトを撃ち取りなさい。"
    },
    {
        "start": 84158,
        "stop": 84458,
        "text": "ナイト、テイクH5。"
    },
    {
        "start": 84758,
        "stop": 84958,
        "text": "D4、D5へ…。"
    },
    {
        "start": 85258,
        "stop": 85458,
        "text": "A3…。"
    },
    {
        "start": 85858,
        "stop": 86058,
        "text": "Bショップ…。"
    },
    {
        "start": 86258,
        "stop": 86458,
        "text": "し、シロ…。"
    },
    {
        "start": 86558,
        "stop": 86758,
        "text": "ごめんなさい…。"
    },
    {
        "start": 86858,
        "stop": 87158,
        "text": "に、負けたよ…。"
    },
    {
        "start": 87358,
        "stop": 87558,
        "text": "ごめんなさい…。"
    },
    {
        "start": 87558,
        "stop": 87658,
        "text": "…。"
    },
    {
        "start": 88558,
        "stop": 88658,
        "text": "ソラ…。"
    },
    {
        "start": 88658,
        "stop": 88758,
        "text": "シロ…。"
    },
    {
        "start": 89158,
        "stop": 89258,
        "text": "ソラ…。"
    },
    {
        "start": 89458,
        "stop": 89958,
        "text": "戦、軍、二、撃つ、敵!"
    },
    {
        "start": 90058,
        "stop": 90458,
        "text": "この戦で功績を上げた奴には、国王権限で、"
    },
    {
        "start": 90458,
        "stop": 90758,
        "text": "好きな女と一発である権利をやる!"
    },
    {
        "start": 90758,
        "stop": 90858,
        "text": "何を?"
    },
    {
        "start": 90858,
        "stop": 91158,
        "text": "なお、前線で戦う兵士諸君、"
    },
    {
        "start": 91158,
        "stop": 91458,
        "text": "この戦に勝てば、身ごろ軍役を面積し、"
    },
    {
        "start": 91458,
        "stop": 91658,
        "text": "将来の納定義務を免除!"
    },
    {
        "start": 91658,
        "stop": 91858,
        "text": "国家から給付金を補償する!"
    },
    {
        "start": 91858,
        "stop": 92158,
        "text": "急に、同帝よ!"
    },
    {
        "start": 92158,
        "stop": 92358,
        "text": "死にたものだ!"
    },
    {
        "start": 92458,
        "stop": 92758,
        "text": "また家族が、愛する者が待つ者達も、"
    },
    {
        "start": 92758,
        "stop": 93158,
        "text": "全員、生きて帰ってくるのだ!"
    },
    {
        "start": 93158,
        "stop": 93258,
        "text": "あ!"
    },
    {
        "start": 93858,
        "stop": 94058,
        "text": "出、出た目ですわ!"
    },
    {
        "start": 94158,
        "stop": 94558,
        "text": "お前のおかげで、このチェスはチェスじゃないことが分かった。"
    },
    {
        "start": 94558,
        "stop": 94858,
        "text": "これは、ストラテジーゲームだ。"
    },
    {
        "start": 94858,
        "stop": 94958,
        "text": "あとは俺がやる。"
    },
    {
        "start": 94958,
        "stop": 95258,
        "text": "シロは、俺が冷静さを変えたら手伝ってくれ。"
    },
    {
        "start": 95258,
        "stop": 95458,
        "text": "まぁ、見てろ。"
    },
    {
        "start": 95458,
        "stop": 95758,
        "text": "このゲームは、俺の担当分野だ。"
    },
    {
        "start": 95858,
        "stop": 96158,
        "text": "戦隊へ通達!前線用に敵は進行中!"
    },
    {
        "start": 96158,
        "stop": 96358,
        "text": "特攻をかけて戦線を取れ!"
    },
    {
        "start": 96558,
        "stop": 96658,
        "text": "そんなバカな!"
    },
    {
        "start": 96658,
        "stop": 97058,
        "text": "紀兵二番隊、ボーンが明けた葛藤を無駄にするな!"
    },
    {
        "start": 97058,
        "stop": 97358,
        "text": "ここの王と女王、てめえはさっさと前線へ行け!"
    },
    {
        "start": 97358,
        "stop": 97658,
        "text": "ちょ、ちょっと待って、私の定番でしょう?"
    },
    {
        "start": 97658,
        "stop": 97958,
        "text": "あ、本物の戦争で相手の定番を待つタコがいるの?"
    },
    {
        "start": 97958,
        "stop": 98358,
        "text": "くっ、ボーン隊、戦線二番隊、防壁を気づけ!"
    },
    {
        "start": 98358,
        "stop": 98458,
        "text": "はっ、見よ!"
    },
    {
        "start": 98458,
        "stop": 98858,
        "text": "新たな兵を壁に身を隠す、この臆病者の姿を!"
    },
    {
        "start": 98858,
        "stop": 99258,
        "text": "前線で兵を戦わせ、後ろで踏ん取り返って何が多か!"
    },
    {
        "start": 99258,
        "stop": 99358,
        "text": "何ですって!?"
    },
    {
        "start": 99358,
        "stop": 99558,
        "text": "全軍よ、諸君よ!"
    },
    {
        "start": 99558,
        "stop": 100158,
        "text": "この戦いは、我々エルキアの、人類の、最後の取り出であるこの年を"
    },
    {
        "start": 100158,
        "stop": 100558,
        "text": "誰に任せるかという、面を左右する戦いであるぞ!"
    },
    {
        "start": 100558,
        "stop": 100758,
        "text": "目を開け、その国の王を!"
    },
    {
        "start": 100758,
        "stop": 101158,
        "text": "こんな頭の足りない女に任せ、本当にいいのか!?"
    },
    {
        "start": 101158,
        "stop": 101258,
        "text": "なっ!"
    },
    {
        "start": 101258,
        "stop": 102158,
        "text": "一方我らが勝利すれば、彼女が女王だ。そう、昔方諸君を想い、諸君に勝利をもたらさんと心を殺して指揮を取り、"
    },
    {
        "start": 102158,
        "stop": 102658,
        "text": "諸君らに無事一つき放され、心で涙している、彼女だ!"
    },
    {
        "start": 102658,
        "stop": 102758,
        "text": "おー!"
    },
    {
        "start": 102758,
        "stop": 103058,
        "text": "貴様は、それでも男かぁ!"
    },
    {
        "start": 103158,
        "stop": 103458,
        "text": "な、何!?この迫力は!?"
    },
    {
        "start": 103458,
        "stop": 104358,
        "text": "誇り高きナイト、ビショック、ルークよ、この昇豪に似合う働きを、今こそ示せ、王を援護し、鳴らせよ!"
    },
    {
        "start": 104358,
        "stop": 104658,
        "text": "こんなこと、ありえない!?"
    },
    {
        "start": 104658,
        "stop": 105158,
        "text": "だよな、エルフの魔法で自軍の士気だけ強制的にあげてんだもんな"
    },
    {
        "start": 105158,
        "stop": 106058,
        "text": "カリスマの差と言ってしまえば全て説明がつく。なるほど。証明しにくい遺鎖だ。だがお前は大いに間違えた"
    },
    {
        "start": 106058,
        "stop": 106158,
        "text": "何ですって!?"
    },
    {
        "start": 106158,
        "stop": 107258,
        "text": "個々の東西、圧制によって自軍を従うが、憲法だったためしはなく、何より人は正義のためにしか戦えず、またこの世に、絶対的な正義はたった一つしかない!"
    },
    {
        "start": 107258,
        "stop": 107458,
        "text": "たった一つの正義!?"
    },
    {
        "start": 107458,
        "stop": 107858,
        "text": "この世で唯一普遍の正義は、それは…"
    },
    {
        "start": 107858,
        "stop": 108058,
        "text": "カワイイだ!"
    },
    {
        "start": 108058,
        "stop": 108758,
        "text": "カワイイは正義!すべての欲求と欲望と本能がカワイイを求め、カワイイのためにすべてを捧げる!"
    },
    {
        "start": 108758,
        "stop": 108958,
        "text": "所詮男はそんなもんだ!"
    },
    {
        "start": 108958,
        "stop": 109258,
        "text": "そんな、そんなこと…"
    },
    {
        "start": 109558,
        "stop": 110158,
        "text": "向こうについているのがトの種族か分からない以上、ばれる危険はある。けど…"
    },
    {
        "start": 110158,
        "stop": 110358,
        "text": "やるしかない!"
    },
    {
        "start": 110358,
        "stop": 110558,
        "text": "キング、E6へ!"
    },
    {
        "start": 110558,
        "stop": 110670,
        "text": "(バルト)くっ…"
    },
    {
        "start": 111258,
        "stop": 111358,
        "text": "(まっすぐの声)"
    },
    {
        "start": 111970,
        "stop": 112224,
        "text": "(バルト) なに? (マーリン) なんなんですの!あの子は!"
    },
    {
        "start": 112700,
        "stop": 112898,
        "text": "(バルト) まっすぐ… 撤退だ!"
    },
    {
        "start": 112912,
        "stop": 113232,
        "text": "全軍撤退してよ 敵は戦闘魔法を使うぞ!"
    },
    {
        "start": 113248,
        "stop": 113340,
        "text": "(マーリン) バルト!"
    },
    {
        "start": 113404,
        "stop": 113592,
        "text": "(マーリン) どうなってるんですか?"
    },
    {
        "start": 113608,
        "stop": 113908,
        "text": "(バルト) とにかく敵に出んな (マーリン) 大丈夫 証拠はつかめていない"
    },
    {
        "start": 113992,
        "stop": 114322,
        "text": "(バルト) うっ… (マーリン) イカ様を証明できなければ"
    },
    {
        "start": 114338,
        "stop": 114492,
        "text": "(バルト) 私の勝ちよ (バルト) イカ様!"
    },
    {
        "start": 114538,
        "stop": 114754,
        "text": "さあ 全軍前!"
    },
    {
        "start": 114914,
        "stop": 115384,
        "text": "(バルト) まずい… まずい まずい まずい まずい 失敗した 失敗した 失敗した"
    },
    {
        "start": 115400,
        "stop": 115814,
        "text": "敵のイカ様一つだと 勝手に思い込んで 別の可能性を排除していた"
    },
    {
        "start": 115830,
        "stop": 116222,
        "text": "ステフに偉そうに指摘したミスを ここに来て自分がやらかした"
    },
    {
        "start": 116238,
        "stop": 116618,
        "text": "(バルト) なぜ もう一歩考えなかった? (マーリン) もう…"
    },
    {
        "start": 116634,
        "stop": 116922,
        "text": "(マーリン) 敵王の首を跳ねなさい クイーン (クイーン) うん!"
    },
    {
        "start": 117214,
        "stop": 117514,
        "text": "(マーリン) これで チェックメーターの…"
    },
    {
        "start": 117764,
        "stop": 118060,
        "text": "(クイーン) 女王よ! (クイーン) ああ…"
    },
    {
        "start": 118122,
        "stop": 118348,
        "text": "ちょっ! そうだわ!"
    },
    {
        "start": 118590,
        "stop": 118944,
        "text": "(クイーン) 女王よ 剣を下げてほしい"
    },
    {
        "start": 118998,
        "stop": 119336,
        "text": "そなたは… 美しい!"
    },
    {
        "start": 119470,
        "stop": 120008,
        "text": "(オラゴン) はり? (クイーン) ああ… 女王よ イマイチと考えてほしい"
    },
    {
        "start": 120024,
        "stop": 120362,
        "text": "彼の王は そなたが伝えるに 値する王か?"
    },
    {
        "start": 120378,
        "stop": 120938,
        "text": "兵を洗脳し 剣とし 道具とし 甘つさえ そなたを 矢を持てに立たせる王に"
    },
    {
        "start": 120954,
        "stop": 121472,
        "text": "そなたの剣は 狂うに値するのか? もう一度考えてほしい!"
    },
    {
        "start": 121488,
        "stop": 121980,
        "text": "そなたの民は 守るべき者たちは どこにいるのか?"
    },
    {
        "start": 122756,
        "stop": 123456,
        "text": "(オラゴン) レイアイシミュレーションゲームは 俺が妹よりうまい数少ないゲームのひとつ!"
    },
    {
        "start": 123472,
        "stop": 123868,
        "text": "(マーリン) 敵のクイーンを手に入れましたわ! 決戦逆転ですわ!"
    },
    {
        "start": 123884,
        "stop": 124064,
        "text": "(マーリン) 違う (オラゴン) うん?"
    },
    {
        "start": 124080,
        "stop": 124490,
        "text": "(マーリン) 向こうは 触れるだけで洗脳できる魔法を使ってる"
    },
    {
        "start": 124506,
        "stop": 124944,
        "text": "粉がひとつ増えたところで 状況は何も変わらない"
    },
    {
        "start": 124960,
        "stop": 125122,
        "text": "(オラゴン) そんな…"
    },
    {
        "start": 125140,
        "stop": 125610,
        "text": "(レイ) どうする どうする ソラ 天獣破裁 方法あるにはあるか…"
    },
    {
        "start": 125626,
        "stop": 126010,
        "text": "(ソラ) あいつがこの状況を打破しようと 動いてこなかったら それまで!"
    },
    {
        "start": 126026,
        "stop": 126376,
        "text": "(レイ) レイア 行きますのは危険か? ここはこっちから動いて…"
    },
    {
        "start": 126394,
        "stop": 126840,
        "text": "(レイ) レイア どうする? 偽装修正し 新たに検証してる時間は…"
    },
    {
        "start": 126856,
        "stop": 126956,
        "text": "(ソラ) あっ…"
    },
    {
        "start": 127044,
        "stop": 127174,
        "text": "(オラゴン) ニー…"
    },
    {
        "start": 127220,
        "stop": 127336,
        "text": "(レイ) シロ…"
    },
    {
        "start": 127486,
        "stop": 127908,
        "text": "(オラゴン) 2人で空白 大丈夫…"
    },
    {
        "start": 128270,
        "stop": 128470,
        "text": "(オラゴン) くっ… ダメよ 昼んでは…"
    },
    {
        "start": 128486,
        "stop": 128820,
        "text": "(オラゴン) ナイトよ! 敵に願えったクイーンを切りなさい!"
    },
    {
        "start": 128836,
        "stop": 128974,
        "text": "(オラゴン) うっ… (ナイト) オー…"
    },
    {
        "start": 129132,
        "stop": 129332,
        "text": "(オラゴン) ナイト どうしたの?"
    },
    {
        "start": 129332,
        "stop": 129528,
        "text": "(オラゴン)ナイト、どうしたの?"
    },
    {
        "start": 131184,
        "stop": 131530,
        "text": "(オラゴン)ああ! (レン)これだ! これが唯一の活路!"
    },
    {
        "start": 131550,
        "stop": 131984,
        "text": "しろ、軍の再配は任せる! 敵に先導されないように立ちまれるか!"
    },
    {
        "start": 132010,
        "stop": 132256,
        "text": "余裕…て!"
    },
    {
        "start": 132256,
        "stop": 132358,
        "text": "(オラゴン)ふっ!"
    },
    {
        "start": 132458,
        "stop": 132742,
        "text": "(オラゴン)どうするつもりですの? (レン)知ってるか、ステフ?"
    },
    {
        "start": 132766,
        "stop": 133180,
        "text": "ゲームに勝つ方法って何も一つじゃないんだわ! (オラゴン)えっ?"
    },
    {
        "start": 133300,
        "stop": 133692,
        "text": "(レン)別に戦わなくったって… 勝てる!"
    },
    {
        "start": 133692,
        "stop": 133842,
        "text": "そうなんか awful"
    },
    {
        "start": 133842,
        "stop": 134850,
        "text": "zepherine fig clearly"
    },
    {
        "start": 134850,
        "stop": 135240,
        "text": " wrong"
    },
    {
        "start": 135440,
        "stop": 135786,
        "text": "ni"
    },
    {
        "start": 136582,
        "stop": 136882,
        "text": "ni"
    },
    {
        "start": 136882,
        "stop": 137182,
        "text": "ni"
    },
    {
        "start": 137182,
        "stop": 137482,
        "text": "ni"
    },
    {
        "start": 137482,
        "stop": 137782,
        "text": "ni"
    },
    {
        "start": 137782,
        "stop": 138082,
        "text": "ni"
    },
    {
        "start": 138082,
        "stop": 138382,
        "text": "ni"
    },
    {
        "start": 138382,
        "stop": 138682,
        "text": "ni"
    },
    {
        "start": 138682,
        "stop": 138982,
        "text": "ni"
    },
    {
        "start": 138982,
        "stop": 139282,
        "text": "ni"
    },
    {
        "start": 139282,
        "stop": 139582,
        "text": "ni"
    },
    {
        "start": 139582,
        "stop": 139882,
        "text": "ni"
    },
    {
        "start": 139882,
        "stop": 140182,
        "text": "ni"
    },
    {
        "start": 140182,
        "stop": 140482,
        "text": "ni"
    },
    {
        "start": 140582,
        "stop": 140882,
        "text": "ni"
    },
    {
        "start": 140882,
        "stop": 141182,
        "text": "ni"
    },
    {
        "start": 141182,
        "stop": 141482,
        "text": "ni"
    },
    {
        "start": 141482,
        "stop": 141782,
        "text": "ni"
    },
    {
        "start": 141782,
        "stop": 142082,
        "text": "ni"
    },
    {
        "start": 142082,
        "stop": 142382,
        "text": "ni"
    },
    {
        "start": 142382,
        "stop": 142682,
        "text": "ni"
    },
    {
        "start": 142782,
        "stop": 143082,
        "text": "ni"
    },
    {
        "start": 143082,
        "stop": 143382,
        "text": "ni"
    },
    {
        "start": 143382,
        "stop": 143682,
        "text": "ni"
    },
    {
        "start": 143782,
        "stop": 144082,
        "text": "ni"
    },
    {
        "start": 144082,
        "stop": 144282,
        "text": "[音声なし]"
    }
]