[
    {
        "start": 0,
        "stop": 1352,
        "text": "[音楽]"
    },
    {
        "start": 1352,
        "stop": 1848,
        "text": "[音楽]"
    },
    {
        "start": 1848,
        "stop": 2650,
        "text": "施設に預けられたのは、1歳になる前。少女が言葉をはじってから、しばらく経った頃だった。"
    },
    {
        "start": 3078,
        "stop": 3382,
        "text": "そこで彼女はゲームを知った。"
    },
    {
        "start": 3536,
        "stop": 4326,
        "text": "知能検査と詳し、いくつものゲームをやらされたが、退屈すぎて、誰とやっても楽しくない。"
    },
    {
        "start": 4478,
        "stop": 5176,
        "text": "そして、2年が過ぎた頃、少女は母親らしき女性と再会した。"
    },
    {
        "start": 5322,
        "stop": 6686,
        "text": "自分より7つ年上の少年、大人たちの会話に適格な合図地を打ち、うつろで無機質な笑顔を振り巻く彼に、少女は長らく閉ざしていた口を開いた。"
    },
    {
        "start": 6932,
        "stop": 7132,
        "text": "「本当、空っぽ…」"
    },
    {
        "start": 7132,
        "stop": 7332,
        "text": "「…はっ…」"
    },
    {
        "start": 7632,
        "stop": 7832,
        "text": "「…はっ…」"
    },
    {
        "start": 8102,
        "stop": 8302,
        "text": "「なあ、ゲームをしようぜ」"
    },
    {
        "start": 8372,
        "stop": 8572,
        "text": "「…はっ…」"
    },
    {
        "start": 8572,
        "stop": 8772,
        "text": "「…はっ…」"
    },
    {
        "start": 8772,
        "stop": 8972,
        "text": "「…はっ…」"
    },
    {
        "start": 8972,
        "stop": 9378,
        "text": "1番 チャンネル登録を是非お願いします"
    },
    {
        "start": 9378,
        "stop": 10050,
        "text": "《ód(土)とは違って Um해서adım sinceogramとは違ってましたしめあ down"
    },
    {
        "start": 10438,
        "stop": 10768,
        "text": "誰ですの ぐっ"
    },
    {
        "start": 10792,
        "stop": 10880,
        "text": "管"
    },
    {
        "start": 11026,
        "stop": 11364,
        "text": "くわくに both"
    },
    {
        "start": 11958,
        "stop": 12158,
        "text": "えっ"
    },
    {
        "start": 12158,
        "stop": 12242,
        "text": "しろ…"
    },
    {
        "start": 13080,
        "stop": 13142,
        "text": "しろ!"
    },
    {
        "start": 13296,
        "stop": 13390,
        "text": "しろ…"
    },
    {
        "start": 13546,
        "stop": 13692,
        "text": "しろ!"
    },
    {
        "start": 14258,
        "stop": 14344,
        "text": "いきます sans!"
    },
    {
        "start": 14744,
        "stop": 14844,
        "text": "iversity…"
    },
    {
        "start": 14904,
        "stop": 15000,
        "text": "しろ!"
    },
    {
        "start": 15918,
        "stop": 16026,
        "text": "冷たい…"
    },
    {
        "start": 16234,
        "stop": 16456,
        "text": "マスター、こちらでしたか?"
    },
    {
        "start": 16482,
        "stop": 16916,
        "text": "突然飛び出していったとドラちゃんがうろたえていたのでどうしたのかと?"
    },
    {
        "start": 16930,
        "stop": 17034,
        "text": "ジブリール…"
    },
    {
        "start": 17066,
        "stop": 17244,
        "text": "はい?何でございましょ?"
    },
    {
        "start": 17296,
        "stop": 17560,
        "text": "ジブリールのマスター…誰?"
    },
    {
        "start": 17590,
        "stop": 17936,
        "text": "なぜそのようなことを今わざわざ… 答えて!"
    },
    {
        "start": 18118,
        "stop": 18318,
        "text": "シロ様でございます"
    },
    {
        "start": 18376,
        "stop": 18642,
        "text": "じゃあジブリールと戦ったのは?"
    },
    {
        "start": 18642,
        "stop": 18842,
        "text": "シロ様でございます"
    },
    {
        "start": 18894,
        "stop": 19198,
        "text": "ステフに惚れろと要求したのは?"
    },
    {
        "start": 19198,
        "stop": 19398,
        "text": "シロ様と聞いております"
    },
    {
        "start": 19398,
        "stop": 19732,
        "text": "トーブ連合のゲーム内容を甘えたのは?"
    },
    {
        "start": 19732,
        "stop": 20084,
        "text": "シロ様とドラちゃんの祖父の遺品でございます"
    },
    {
        "start": 20306,
        "stop": 21094,
        "text": "このジブリール、シロ様のたぐいまれなる知性と知略に浸水し、従うことにしたのでございます"
    },
    {
        "start": 21094,
        "stop": 21294,
        "text": "シロ…に?"
    },
    {
        "start": 21294,
        "stop": 21494,
        "text": "はい"
    },
    {
        "start": 21494,
        "stop": 22014,
        "text": "エルキアの王にしてイマニティの全権代理者、シロ様…"
    },
    {
        "start": 22312,
        "stop": 22658,
        "text": "つまり、シロのほかに別の人物がいた?"
    },
    {
        "start": 22658,
        "stop": 22906,
        "text": "しかし根拠がありません"
    },
    {
        "start": 22906,
        "stop": 23450,
        "text": "城内はもちろん、街の周囲に至るまで聞き取り範囲を広げましたが…"
    },
    {
        "start": 23450,
        "stop": 24018,
        "text": "ええ、講義のデモの中にも、そのような存在を知るものはないと…"
    },
    {
        "start": 24018,
        "stop": 24218,
        "text": "ということは…"
    },
    {
        "start": 24276,
        "stop": 25202,
        "text": "恐らく…マスターは我々が知らない間に何者かと勝負し、破れ…記憶を解散された"
    },
    {
        "start": 25202,
        "stop": 25486,
        "text": "まさか、そんなこと一体…"
    },
    {
        "start": 25612,
        "stop": 25732,
        "text": "トーブ連合…"
    },
    {
        "start": 25732,
        "stop": 25998,
        "text": "ええ、奴らなら可能かと…"
    },
    {
        "start": 26448,
        "stop": 26556,
        "text": "マスター?"
    },
    {
        "start": 26670,
        "stop": 26818,
        "text": "ゲームをしましょう"
    },
    {
        "start": 26818,
        "stop": 26918,
        "text": "えっ?"
    },
    {
        "start": 27302,
        "stop": 27452,
        "text": "ゲーム?"
    },
    {
        "start": 27452,
        "stop": 27992,
        "text": "はい、マスターに植え付けられた偽りの存在をかけ、ゲームを…"
    },
    {
        "start": 27992,
        "stop": 28114,
        "text": "偽り…?"
    },
    {
        "start": 28114,
        "stop": 28618,
        "text": "そして極めて失礼ながら…負けていただけませんか?"
    },
    {
        "start": 28688,
        "stop": 28864,
        "text": "(♪~)"
    },
    {
        "start": 28864,
        "stop": 29088,
        "text": "では、チェックでございます"
    },
    {
        "start": 29146,
        "stop": 30208,
        "text": "偽りの存在…本当に、あれは偽り?だから、消えていく?"
    },
    {
        "start": 30208,
        "stop": 30844,
        "text": "(♪~)"
    },
    {
        "start": 30844,
        "stop": 31688,
        "text": "なあ、シロ…人は変われるって言うけど、本当にそうかな?"
    },
    {
        "start": 31688,
        "stop": 32212,
        "text": "全部…全部、消えていく…"
    },
    {
        "start": 32212,
        "stop": 32852,
        "text": "飛びたいって願えば、翼が生えるのかな?違うと思うんだ"
    },
    {
        "start": 32852,
        "stop": 33272,
        "text": "変えるべきは自分じゃなくて、手段じゃないのか?"
    },
    {
        "start": 33272,
        "stop": 33420,
        "text": "にぃ…"
    },
    {
        "start": 33420,
        "stop": 34162,
        "text": "作るしかないんだ。今のままの自分が空を飛ぶ方法を編み出すしかない"
    },
    {
        "start": 34162,
        "stop": 34576,
        "text": "シロを飛ばす翼、考えてみようぜ"
    },
    {
        "start": 34576,
        "stop": 34742,
        "text": "ゆっくりさ"
    },
    {
        "start": 34862,
        "stop": 36004,
        "text": "全部、偽り…全て、無損…消えれば、楽に…"
    },
    {
        "start": 36004,
        "stop": 36096,
        "text": "(♪~)"
    },
    {
        "start": 36096,
        "stop": 36220,
        "text": "あ!"
    },
    {
        "start": 36246,
        "stop": 36606,
        "text": "(♪~)"
    },
    {
        "start": 36606,
        "stop": 37040,
        "text": "え?空白…"
    },
    {
        "start": 37040,
        "stop": 37264,
        "text": "(♪~)"
    },
    {
        "start": 37264,
        "stop": 37364,
        "text": "マスター?"
    },
    {
        "start": 37364,
        "stop": 37624,
        "text": "(♪~)"
    },
    {
        "start": 37624,
        "stop": 38192,
        "text": "空白…空白に…空白に…"
    },
    {
        "start": 38192,
        "stop": 38588,
        "text": "開放さ…ないの!"
    },
    {
        "start": 38588,
        "stop": 38960,
        "text": "(♪~)"
    },
    {
        "start": 38960,
        "stop": 39208,
        "text": "(♪~)"
    },
    {
        "start": 39208,
        "stop": 39844,
        "text": "(♪~)"
    },
    {
        "start": 39844,
        "stop": 40094,
        "text": "(ソラ)はっはっは…"
    },
    {
        "start": 40094,
        "stop": 40434,
        "text": "(マスター)なぜ、勝つのでございますか?"
    },
    {
        "start": 40434,
        "stop": 41028,
        "text": "(ソラ)よっ…ソラはいる…絶対、絶対いるの!"
    },
    {
        "start": 41028,
        "stop": 41138,
        "text": "(マスター)ソラ?"
    },
    {
        "start": 41138,
        "stop": 41274,
        "text": "(マスター)マスター、しかし…"
    },
    {
        "start": 41274,
        "stop": 41458,
        "text": "(ソラ)いる!いるの!"
    },
    {
        "start": 41458,
        "stop": 41838,
        "text": "(マスター)落ち着いてください、マスター、論理的に考えて"
    },
    {
        "start": 41838,
        "stop": 42424,
        "text": "(ソラ)確かに…確かに、いないと考えるのが自然ですが…"
    },
    {
        "start": 42424,
        "stop": 42662,
        "text": "その人はいるに違いないのですわ"
    },
    {
        "start": 42662,
        "stop": 42996,
        "text": "(ソラ)ドラちゃん、何を…"
    },
    {
        "start": 42996,
        "stop": 43532,
        "text": "(ソラ)だって!負けるはずありませんわ!シロたちが…"
    },
    {
        "start": 43532,
        "stop": 43670,
        "text": "(ソラ)ステフ…"
    },
    {
        "start": 43670,
        "stop": 43760,
        "text": "(ソラ)ですが…"
    },
    {
        "start": 43760,
        "stop": 43950,
        "text": "(ソラ)そう、負けるはずがない!"
    },
    {
        "start": 43950,
        "stop": 44394,
        "text": "(ソラ)きっと何か理由があるはずですわ!この状況を作り出した理由が…"
    },
    {
        "start": 44394,
        "stop": 44664,
        "text": "(ソラ)感情的になりすぎています、もう少し…"
    },
    {
        "start": 44664,
        "stop": 44818,
        "text": "(ソラ)二人とも…"
    },
    {
        "start": 44818,
        "stop": 45060,
        "text": "(ソラ)昨日、何してた?"
    },
    {
        "start": 45060,
        "stop": 45614,
        "text": "(ソラ)昨日…デモの対応に追われて…その後、玉座でシロがゲームを…"
    },
    {
        "start": 45614,
        "stop": 45948,
        "text": "(ソラ)それをととい、19日…"
    },
    {
        "start": 45948,
        "stop": 46170,
        "text": "(ソラ)質問変更…"
    },
    {
        "start": 46170,
        "stop": 46412,
        "text": "(ソラ)おとといの夜、どこいた?"
    },
    {
        "start": 46412,
        "stop": 46758,
        "text": "(ソラ)つまり、その日の夜のことですわよね"
    },
    {
        "start": 46758,
        "stop": 47242,
        "text": "(ソラ)えっと…えっと…あれ?記憶が…"
    },
    {
        "start": 47242,
        "stop": 47412,
        "text": "(ソラ)ない、それでいい"
    },
    {
        "start": 47412,
        "stop": 47512,
        "text": "(ソラ)はぁ?"
    },
    {
        "start": 47512,
        "stop": 47718,
        "text": "(ソラ)あ、あとは確認…"
    },
    {
        "start": 47718,
        "stop": 47770,
        "text": "(ソラ)え?"
    },
    {
        "start": 47770,
        "stop": 47870,
        "text": "(ソラ)あ?"
    },
    {
        "start": 47870,
        "stop": 48170,
        "text": "(ソラ)あ、あの、何を…"
    },
    {
        "start": 48170,
        "stop": 48370,
        "text": "(ソラ)ステフの胸、揉んでる…"
    },
    {
        "start": 48370,
        "stop": 48770,
        "text": "(ソラ)それで私はどう反応すれば…"
    },
    {
        "start": 48770,
        "stop": 49270,
        "text": "(ソラ)興奮しない? 惚れろと言われたのに…"
    },
    {
        "start": 49270,
        "stop": 49370,
        "text": "(ソラ)それは…"
    },
    {
        "start": 49370,
        "stop": 49870,
        "text": "(アーサー)つまり、マスター以外にドラちゃんに惚れろと要求したものがいると…"
    },
    {
        "start": 49870,
        "stop": 50170,
        "text": "(ソラ)そう、要求したのはニーだから…"
    },
    {
        "start": 50170,
        "stop": 50570,
        "text": "(アーサー)しかし、ソラの存在はすでに確信していたのでは?"
    },
    {
        "start": 50570,
        "stop": 50970,
        "text": "(ソラ)いったい私は何のために揉まれたんですの?"
    },
    {
        "start": 50970,
        "stop": 51470,
        "text": "(ソラ)おれ… ステフいなきゃ気づけなかったから…"
    },
    {
        "start": 51470,
        "stop": 51670,
        "text": "(ソラ)シロ…"
    },
    {
        "start": 51770,
        "stop": 51970,
        "text": "(シロ)では、考えてみましょう"
    },
    {
        "start": 51970,
        "stop": 52370,
        "text": "(シロ)ソラなる人物が存在し、消えた可能性を…"
    },
    {
        "start": 52370,
        "stop": 52970,
        "text": "(ソラ)約1日半で、私たちすべての頭の中から消え去る方法…"
    },
    {
        "start": 52970,
        "stop": 53370,
        "text": "(シロ)大規模な魔法を使えば、不可能ではありませんが…"
    },
    {
        "start": 53370,
        "stop": 53670,
        "text": "(ソラ)そうなれば必ず痕跡が残るはず"
    },
    {
        "start": 53670,
        "stop": 53970,
        "text": "(ソラ)うっ… ゲームだったら…"
    },
    {
        "start": 53970,
        "stop": 54270,
        "text": "(ソラ)うっ… (ソラ)ゲーム?"
    },
    {
        "start": 54270,
        "stop": 54870,
        "text": "(ソラ)迷惑によって行われるゲームに、そんな仕掛けあったら…"
    },
    {
        "start": 54870,
        "stop": 55170,
        "text": "(ソラ)う… 全権代理者として行われるゲームなら"
    },
    {
        "start": 55170,
        "stop": 55570,
        "text": "(ソラ)その影響はイマニティすべてに及びますわ"
    },
    {
        "start": 55570,
        "stop": 55770,
        "text": "(ソラ)でも、ジブリエルには…"
    },
    {
        "start": 55770,
        "stop": 56270,
        "text": "(ソラ)いえ、マスターにお使いしている今、私もいわば従属者です"
    },
    {
        "start": 56270,
        "stop": 56570,
        "text": "(ソラ)その影響下にあると考えてよいでしょう"
    },
    {
        "start": 56570,
        "stop": 56770,
        "text": "(ソラ)なるほどですわ"
    },
    {
        "start": 56770,
        "stop": 57070,
        "text": "(ソラ)でも、一体それってどんなゲームなんですよ?"
    },
    {
        "start": 57070,
        "stop": 57270,
        "text": "(マナ)わからない…"
    },
    {
        "start": 57270,
        "stop": 57370,
        "text": "(ソラ)う…"
    },
    {
        "start": 57370,
        "stop": 57770,
        "text": "(マナ)けど、わかる… 兄はいた"
    },
    {
        "start": 57970,
        "stop": 58170,
        "text": "(レン)俺はシロを信じてる"
    },
    {
        "start": 58270,
        "stop": 58670,
        "text": "(レン)シロ、俺らはいつも二人で一人だ"
    },
    {
        "start": 58670,
        "stop": 58970,
        "text": "(マナ)兄は、シロを一人にしない…"
    },
    {
        "start": 58970,
        "stop": 59270,
        "text": "(マナ)だから…"
    },
    {
        "start": 59270,
        "stop": 59570,
        "text": "(レン)シロは… いるから…"
    },
    {
        "start": 59570,
        "stop": 59770,
        "text": "(レン)シロは、まだどこでも…"
    },
    {
        "start": 59870,
        "stop": 59970,
        "text": "(マナ)兄…"
    },
    {
        "start": 60370,
        "stop": 60570,
        "text": "(レン)どこでもいい…"
    },
    {
        "start": 60570,
        "stop": 60970,
        "text": "(レン)まだ感覚があるところに逃げ出てくれないか"
    },
    {
        "start": 60970,
        "stop": 61170,
        "text": "(レン)車ないように…"
    },
    {
        "start": 61270,
        "stop": 61370,
        "text": "(マナ)兄!"
    },
    {
        "start": 61870,
        "stop": 62070,
        "text": "(マナ)シロ…"
    },
    {
        "start": 62170,
        "stop": 62370,
        "text": "(マナ)焼き切れてもいい…"
    },
    {
        "start": 62370,
        "stop": 62670,
        "text": "(マナ)考えて! この状況…"
    },
    {
        "start": 62670,
        "stop": 62870,
        "text": "(マナ)兄が託したこの状況…"
    },
    {
        "start": 62870,
        "stop": 63170,
        "text": "(マナ)残ってる記憶を全部使って…"
    },
    {
        "start": 63570,
        "stop": 63870,
        "text": "(マナ)兄は言った… 二人で一人…"
    },
    {
        "start": 63870,
        "stop": 64170,
        "text": "(マナ)なら、兄はここにいる"
    },
    {
        "start": 64270,
        "stop": 64670,
        "text": "(マナ)兄は言った… 常にゲームを始める前に勝っている"
    },
    {
        "start": 64670,
        "stop": 64970,
        "text": "(マナ)約束で襲われている"
    },
    {
        "start": 65370,
        "stop": 65870,
        "text": "(マナ)兄は言った… 俺らは少年漫画の主人公じゃない"
    },
    {
        "start": 65970,
        "stop": 66270,
        "text": "(マナ)ダメ! もっと考えて! もっと…"
    },
    {
        "start": 66270,
        "stop": 66670,
        "text": "(マナ)兄は言った… 最後のピースを手に入れようと…"
    },
    {
        "start": 66770,
        "stop": 66970,
        "text": "(マナ)手に入れる…"
    },
    {
        "start": 66970,
        "stop": 67470,
        "text": "(マナ)そのための勝負… 東部連合との戦いに必要な手札…"
    },
    {
        "start": 67470,
        "stop": 67770,
        "text": "(マナ)東部… 知恵… 監視者…"
    },
    {
        "start": 67870,
        "stop": 68070,
        "text": "(マナ)エルフ…"
    },
    {
        "start": 68070,
        "stop": 68370,
        "text": "(マナ)エルフを手に入れる… どうやって…"
    },
    {
        "start": 68470,
        "stop": 68970,
        "text": "(マナ)エルフ・ガルドに戦いを挑む… グラミ… 違う…"
    },
    {
        "start": 68970,
        "stop": 69370,
        "text": "(マナ)グラミは兄を信じてない そんな要求を飲むはずが…"
    },
    {
        "start": 69770,
        "stop": 70370,
        "text": "(マナ)あっ… 存在を奪い合うゲーム… なら…"
    },
    {
        "start": 70370,
        "stop": 70570,
        "text": "(マナ)あっ… (マナ)あっ…"
    },
    {
        "start": 70570,
        "stop": 70770,
        "text": "(マナ)走ろう! 走ろう!"
    },
    {
        "start": 71070,
        "stop": 71270,
        "text": "(レン)存在を奪い合うゲーム?"
    },
    {
        "start": 71270,
        "stop": 71370,
        "text": "(レン)そうだ"
    },
    {
        "start": 71470,
        "stop": 71870,
        "text": "(レン)自分の存在を構成する32の石は"
    },
    {
        "start": 71870,
        "stop": 72270,
        "text": "(レン)真相心理における優先順位を反映し"
    },
    {
        "start": 72270,
        "stop": 72470,
        "text": "(レン)重要な順位一番から振り分けられる"
    },
    {
        "start": 72470,
        "stop": 72970,
        "text": "(レン)つまり どの石に自分を構成する どの部分が入っているかは"
    },
    {
        "start": 72970,
        "stop": 73270,
        "text": "(レン)相手に取られ 実際に失うまで分からない"
    },
    {
        "start": 73370,
        "stop": 73670,
        "text": "(レン)例えば その隣にいるエルフの存在や"
    },
    {
        "start": 73670,
        "stop": 73970,
        "text": "(レン)腕や足 神経や記憶"
    },
    {
        "start": 74070,
        "stop": 74370,
        "text": "(レン)そして ついには存在そのものが奪われ"
    },
    {
        "start": 74370,
        "stop": 74770,
        "text": "(レン)全く認識されなくなる つまり 消えるのさ"
    },
    {
        "start": 74870,
        "stop": 74970,
        "text": "(マナ)あなた 本気?"
    },
    {
        "start": 74970,
        "stop": 75070,
        "text": "(レン)ああ"
    },
    {
        "start": 75070,
        "stop": 75170,
        "text": "(レン)迷惑その後"
    },
    {
        "start": 75270,
        "stop": 75570,
        "text": "(レン)ゲーム内容は挑まれたほうが決定権を有する"
    },
    {
        "start": 75670,
        "stop": 75970,
        "text": "(レン)嫌なら勝負不正率だ 出せれ"
    },
    {
        "start": 76070,
        "stop": 76170,
        "text": "(マナ)クラミ…"
    },
    {
        "start": 76270,
        "stop": 76670,
        "text": "(クラミ)フィー この男はイマニティの駒をかけると宣言しているの"
    },
    {
        "start": 76770,
        "stop": 76970,
        "text": "(クラミ)放っておくわけにはいかないわ"
    },
    {
        "start": 77170,
        "stop": 77570,
        "text": "(クラミ)まったく 和解できるんじゃないかって 少し期待していたのに"
    },
    {
        "start": 77570,
        "stop": 77770,
        "text": "(レン)和解なら応じるぜ"
    },
    {
        "start": 77770,
        "stop": 78070,
        "text": "(レン)俺を信じ そのエルフをこっちに起こしてくれるならな"
    },
    {
        "start": 78070,
        "stop": 78270,
        "text": "(クラミ)できるわけないでしょ!"
    },
    {
        "start": 78270,
        "stop": 78470,
        "text": "(クラミ)俺は マナの手を取ってくれるよ"
    },
    {
        "start": 78470,
        "stop": 78670,
        "text": "(レン)できるわけないでしょ!"
    },
    {
        "start": 78670,
        "stop": 78770,
        "text": "(クラミ)だろうな"
    },
    {
        "start": 78870,
        "stop": 78970,
        "text": "(マナ)かけるものは?"
    },
    {
        "start": 78970,
        "stop": 79270,
        "text": "(レン)勝ったほうは 相手に二つ要求ができることとしよう"
    },
    {
        "start": 79370,
        "stop": 80070,
        "text": "(レン)例えばゲーム結果を高級的に確定し 相手の存在を永久に放棄さったり"
    },
    {
        "start": 80070,
        "stop": 80470,
        "text": "(レン)それぞれのパートナーの記憶を1つ改ざんし味方にしたりな"
    },
    {
        "start": 80570,
        "stop": 81170,
        "text": "(マナ)つまり お互いの存在と相方の清殺余奪をかけた奪い合いってわけ"
    },
    {
        "start": 81170,
        "stop": 81270,
        "text": "(レン)そうだ"
    },
    {
        "start": 81270,
        "stop": 81470,
        "text": "(マナ)くるってるわ あなた"
    },
    {
        "start": 81670,
        "stop": 82270,
        "text": "(レン)じゃあ くるってるついでに もう一つだけ大切なルールを提案する"
    },
    {
        "start": 82470,
        "stop": 82570,
        "text": "(マナ)ニー"
    },
    {
        "start": 82670,
        "stop": 82870,
        "text": "(マナ)マスター シロ 大丈夫ですの?"
    },
    {
        "start": 82970,
        "stop": 83070,
        "text": "(シロ)ニー!"
    },
    {
        "start": 83270,
        "stop": 83470,
        "text": "(マナ)ジブリール…"
    },
    {
        "start": 83470,
        "stop": 83670,
        "text": "(シロ)何でございましょう?"
    },
    {
        "start": 83670,
        "stop": 83970,
        "text": "(マナ)作れる… 存在を奪い合うゲーム"
    },
    {
        "start": 84070,
        "stop": 84670,
        "text": "(マナ)いえ 残念ながら ぐしょうかしりとりのような仮想世界ならば可能ですが"
    },
    {
        "start": 84670,
        "stop": 84870,
        "text": "(シロ)エルフと合作なら…"
    },
    {
        "start": 84870,
        "stop": 85270,
        "text": "(マナ)合作? あの森の田舎者とでございますか?"
    },
    {
        "start": 85270,
        "stop": 85670,
        "text": "(マナ)対戦時 私が天撃一発で都ごと吹き飛ばした ゴミのような存在で…"
    },
    {
        "start": 85670,
        "stop": 85770,
        "text": "(シロ)できる?"
    },
    {
        "start": 85970,
        "stop": 86270,
        "text": "(マナ)不可能ではないかと あの田舎者どもは"
    },
    {
        "start": 86270,
        "stop": 86770,
        "text": "(マナ)複雑な術式を編むことに関しては 多少得意にはしておりますので"
    },
    {
        "start": 86770,
        "stop": 87270,
        "text": "(シロ)じゃあ ソラはそのゲームを行うことで 自らの存在を消した?"
    },
    {
        "start": 87270,
        "stop": 87370,
        "text": "(マナ)うん"
    },
    {
        "start": 87370,
        "stop": 87770,
        "text": "(シロ)だとしたら やはりすでに負けて 存在を消されたあと"
    },
    {
        "start": 87770,
        "stop": 87970,
        "text": "(シロ)ということになりませんか?"
    },
    {
        "start": 87970,
        "stop": 88470,
        "text": "(マナ)そうですわ 勝利したのであれば ソラは存在しているはずですわ"
    },
    {
        "start": 88470,
        "stop": 88770,
        "text": "(マナ)その… どちらでもないとしたら…"
    },
    {
        "start": 88770,
        "stop": 88970,
        "text": "(シロ)は?"
    },
    {
        "start": 88970,
        "stop": 89170,
        "text": "(マナ)勝負はまだ続いている?"
    },
    {
        "start": 89170,
        "stop": 89370,
        "text": "(マナ)うん…"
    },
    {
        "start": 89370,
        "stop": 89470,
        "text": "(シロ)まさか!"
    },
    {
        "start": 89470,
        "stop": 89770,
        "text": "(マナ)ジブリール 魔法の反応 この部屋の…"
    },
    {
        "start": 89770,
        "stop": 90170,
        "text": "(シロ)… わかりました"
    },
    {
        "start": 90870,
        "stop": 91170,
        "text": "(マナ)シロは ここで目が覚めた"
    },
    {
        "start": 91170,
        "stop": 91570,
        "text": "(マナ)ニーとシロの寝室 別にあるのに この部屋で…"
    },
    {
        "start": 91670,
        "stop": 92070,
        "text": "(マナ)ニーは言った 一人にしないって…"
    },
    {
        "start": 92370,
        "stop": 92870,
        "text": "(シロ)確かに魔法が展開されております ただ 正確な位置までは…"
    },
    {
        "start": 92870,
        "stop": 93170,
        "text": "(マナ)こうなったら 手当たり次第に 探してみるしかありません"
    },
    {
        "start": 93170,
        "stop": 93270,
        "text": "(マナ)うわー!"
    },
    {
        "start": 93470,
        "stop": 93970,
        "text": "(シロ)ドーラちゃん 何もないところで転ぶとは これ以上のキャラ付けは不要かと…"
    },
    {
        "start": 93970,
        "stop": 94370,
        "text": "(ドーラ)う… 転んだ? わたくしが?"
    },
    {
        "start": 94570,
        "stop": 94770,
        "text": "(マナ)オセロの… 石…"
    },
    {
        "start": 94770,
        "stop": 95270,
        "text": "(シロ)エルフ文字の3ですね なぜ石だけが…"
    },
    {
        "start": 95370,
        "stop": 96070,
        "text": "(マナ)まだ使われてないから 認識できなくてもそこにある"
    },
    {
        "start": 96170,
        "stop": 96670,
        "text": "(シロ)で… でも 分かったところであるのは 3枚ずつの石だけですのよ"
    },
    {
        "start": 96670,
        "stop": 96970,
        "text": "(シロ)こっちがシロかクロかも分からないのに"
    },
    {
        "start": 96970,
        "stop": 97270,
        "text": "(マナ)そんなの 簡単…"
    },
    {
        "start": 97270,
        "stop": 97870,
        "text": "(マナ)ニーは言った 2人で1人 このゲーム シロも参加してる"
    },
    {
        "start": 97970,
        "stop": 98270,
        "text": "(レン)大切なルールを提案する"
    },
    {
        "start": 98270,
        "stop": 98770,
        "text": "(レン)互いのパートナーは ゲームに参加 プレイヤーが続行不能になった場合"
    },
    {
        "start": 98770,
        "stop": 98970,
        "text": "(レン)代打ちが可能となる"
    },
    {
        "start": 99170,
        "stop": 99470,
        "text": "(マナ)だから 記憶が残っていた"
    },
    {
        "start": 99470,
        "stop": 99770,
        "text": "(マナ)見えるんですの? 版面が?"
    },
    {
        "start": 99770,
        "stop": 100170,
        "text": "(マナ)見えない… けど 見える…"
    },
    {
        "start": 100170,
        "stop": 100370,
        "text": "(マナ)ニーなら どうするか…"
    },
    {
        "start": 100670,
        "stop": 100970,
        "text": "(レン)あなた わざと負けるように 打っているわね"
    },
    {
        "start": 100970,
        "stop": 101370,
        "text": "(レン)いいや ちゃんとこれで 勝てるようになってる"
    },
    {
        "start": 101370,
        "stop": 101670,
        "text": "(マナ)どうやって 相手を誘導し…"
    },
    {
        "start": 101970,
        "stop": 102270,
        "text": "(マナ)あっ 何これ? あなたの記憶?"
    },
    {
        "start": 102270,
        "stop": 102670,
        "text": "(マナ)まさか こうして自分の記憶を奪わせて"
    },
    {
        "start": 102670,
        "stop": 103070,
        "text": "(マナ)背後にどの種族もいないことを 証明しようとしているの"
    },
    {
        "start": 103070,
        "stop": 103370,
        "text": "(レン)悪くない答えだ"
    },
    {
        "start": 103370,
        "stop": 103770,
        "text": "(マナ)どうやって 自分の狙いを伝え…"
    },
    {
        "start": 104870,
        "stop": 105370,
        "text": "(マナ)これでゲーム続行不可能 私の勝ち…"
    },
    {
        "start": 105370,
        "stop": 105670,
        "text": "(皆実)でも ゲームが… まだ…"
    },
    {
        "start": 105670,
        "stop": 105870,
        "text": "(マナ)あっ どういうこと?"
    },
    {
        "start": 105870,
        "stop": 106170,
        "text": "(マナ)どうしてゲームが終わらないの?"
    },
    {
        "start": 106270,
        "stop": 106670,
        "text": "(レン)その3枚にはいったい… サラの何が…"
    },
    {
        "start": 106670,
        "stop": 107170,
        "text": "(マナ)どうやって相手を騙し… そして…"
    },
    {
        "start": 107370,
        "stop": 107670,
        "text": "(マナ)どうやって勝つのか…"
    },
    {
        "start": 107970,
        "stop": 108470,
        "text": "(マナ)2位 すごいよ こんなの誰にも分からない"
    },
    {
        "start": 108770,
        "stop": 109070,
        "text": "(マナ)2位と白以外はね"
    },
    {
        "start": 109070,
        "stop": 109670,
        "text": "(マナ)残りの石に入っている 2位を構成する要素 それは…"
    },
    {
        "start": 109870,
        "stop": 110270,
        "text": "(マナ)3 ゲームに勝つ方法"
    },
    {
        "start": 110470,
        "stop": 110870,
        "text": "(マナ)2 白に対する絶対的信頼"
    },
    {
        "start": 110970,
        "stop": 111270,
        "text": "(マナ)そして1…"
    },
    {
        "start": 111470,
        "stop": 111770,
        "text": "(マナ)白 個人の全て"
    },
    {
        "start": 111870,
        "stop": 112470,
        "text": "(マナ)3 2… 帰って… 来てー!"
    },
    {
        "start": 114670,
        "stop": 114870,
        "text": "(マナ)あっ…"
    },
    {
        "start": 116170,
        "stop": 116370,
        "text": "(レン)白…"
    },
    {
        "start": 116370,
        "stop": 116870,
        "text": "(レン)よし 殴っていいぞ! 覚悟できて…"
    },
    {
        "start": 116970,
        "stop": 117470,
        "text": "(マナ)ごめんなさい! ごめんなさい! ごめんなさい!"
    },
    {
        "start": 117470,
        "stop": 117970,
        "text": "(マナ)もっと早く… もっと…"
    },
    {
        "start": 118170,
        "stop": 118570,
        "text": "(レン)マスターを忘れていたなんて なぜですの?"
    },
    {
        "start": 118570,
        "stop": 118970,
        "text": "(マナ)クラミン しっかりなのです クラミン…"
    },
    {
        "start": 118970,
        "stop": 119270,
        "text": "(マナ)あ… クラミン クラミン"
    },
    {
        "start": 119270,
        "stop": 119770,
        "text": "(クラミン)さてと 予定通り 要求させてもらおうか"
    },
    {
        "start": 119770,
        "stop": 120070,
        "text": "(マナ)わ… 私を どうにでも好きにしていいのです"
    },
    {
        "start": 120170,
        "stop": 120370,
        "text": "(マナ)でも クラミンは…"
    },
    {
        "start": 120370,
        "stop": 120670,
        "text": "(クラミン)ダメ… 要求一致"
    },
    {
        "start": 120670,
        "stop": 120770,
        "text": "(マナ)やめてー!"
    },
    {
        "start": 120870,
        "stop": 121270,
        "text": "(クラミン)互いに奪い合った記憶の定着と その変換"
    },
    {
        "start": 121270,
        "stop": 121370,
        "text": "(マナ)えっ?"
    },
    {
        "start": 121370,
        "stop": 121570,
        "text": "(オラゴン)あっ… あー…"
    },
    {
        "start": 121570,
        "stop": 121770,
        "text": "(オラゴン)あっ… クラミン…"
    },
    {
        "start": 121770,
        "stop": 121970,
        "text": "(マナ)どういうことですか?"
    },
    {
        "start": 121970,
        "stop": 122470,
        "text": "(クラミン)相手から奪った記憶は残したまま 奪われた記憶を元に戻しました"
    },
    {
        "start": 122570,
        "stop": 123070,
        "text": "これで クラミンとマスターは 互いのすべてを知り尽くした"
    },
    {
        "start": 123070,
        "stop": 123370,
        "text": "未来に値する相手になった"
    },
    {
        "start": 123370,
        "stop": 123770,
        "text": "これこそが マスターの求めていた 最後のピース"
    },
    {
        "start": 123770,
        "stop": 123870,
        "text": "そして…"
    },
    {
        "start": 123870,
        "stop": 124170,
        "text": "(オラゴン)要求2 そこのエルフ"
    },
    {
        "start": 124170,
        "stop": 124570,
        "text": "(オラゴン)フィール あんたの記憶を改ざんする権利をいただく"
    },
    {
        "start": 124570,
        "stop": 124770,
        "text": "(フィール)なっ… いいわ"
    },
    {
        "start": 124770,
        "stop": 124870,
        "text": "(オラゴン)えっ…"
    },
    {
        "start": 124870,
        "stop": 125270,
        "text": "(フィール)平気よ フィー この男の要求は一つ"
    },
    {
        "start": 125270,
        "stop": 125570,
        "text": "私たちに スパイをやれって言うんでしょ?"
    },
    {
        "start": 125570,
        "stop": 125970,
        "text": "(オラゴン)さすが 俺の頭の中を覗いただけはある"
    },
    {
        "start": 125970,
        "stop": 126270,
        "text": "(オラゴン)スパイ? どういうことなのです?"
    },
    {
        "start": 126270,
        "stop": 126470,
        "text": "(フィール)うーん… 後で話すわ"
    },
    {
        "start": 126470,
        "stop": 126670,
        "text": "(オラゴン)えっ…"
    },
    {
        "start": 126770,
        "stop": 127370,
        "text": "(フィール)あなたの頭の中を見て 考えが変わったわ 乗ってあげる"
    },
    {
        "start": 127470,
        "stop": 127670,
        "text": "(オラゴン)ねえ すごい"
    },
    {
        "start": 127670,
        "stop": 127870,
        "text": "(オラゴン)ん? だろう?"
    },
    {
        "start": 127870,
        "stop": 128170,
        "text": "自慢の兄ちゃんって 褒めてくれてもいいのよ"
    },
    {
        "start": 128170,
        "stop": 128670,
        "text": "(オラゴン)うん 白の自慢の兄"
    },
    {
        "start": 128670,
        "stop": 129070,
        "text": "(オラゴン)ん? 素直に言われると 照れるぞ 兄ちゃん"
    },
    {
        "start": 129070,
        "stop": 129270,
        "text": "(オラゴン)あっ…"
    },
    {
        "start": 129270,
        "stop": 129470,
        "text": "(オラゴン)あっ… (フィール)マスター!"
    },
    {
        "start": 129570,
        "stop": 129870,
        "text": "(レン)白… さらそろいいよな"
    },
    {
        "start": 129870,
        "stop": 130470,
        "text": "(オラゴン)うん… スタンバイ… いつでもOK"
    },
    {
        "start": 130470,
        "stop": 130870,
        "text": "(オラゴン)フィー… クラミ…"
    },
    {
        "start": 130870,
        "stop": 131170,
        "text": "(フィール)あっ… (オラゴン)うおおっ!"
    },
    {
        "start": 131170,
        "stop": 131570,
        "text": "(レン)うわー!超怖かった! もうまじ あんなこと二度とした!"
    },
    {
        "start": 131570,
        "stop": 131870,
        "text": "(オラゴン)うわー! (レン)怖かったのです!"
    },
    {
        "start": 131870,
        "stop": 132370,
        "text": "(オラゴン)うおおっ! (レン)なんなん…ですの?"
    },
    {
        "start": 132470,
        "stop": 132970,
        "text": "(オラゴン)これもマスターの真の姿… なのかもしれません"
    },
    {
        "start": 133270,
        "stop": 133670,
        "text": "(オラゴン)怖かったよー!"
    },
    {
        "start": 133670,
        "stop": 133870,
        "text": "(オラゴン)うわー!"
    },
    {
        "start": 133970,
        "stop": 134470,
        "text": "♪~"
    },
    {
        "start": 134470,
        "stop": 134870,
        "text": "♪~"
    },
    {
        "start": 134870,
        "stop": 135270,
        "text": "♪~"
    },
    {
        "start": 135370,
        "stop": 135770,
        "text": "♪~"
    },
    {
        "start": 135770,
        "stop": 136170,
        "text": "♪~"
    },
    {
        "start": 136170,
        "stop": 136570,
        "text": "♪~"
    },
    {
        "start": 136570,
        "stop": 136970,
        "text": "♪~"
    },
    {
        "start": 137070,
        "stop": 137470,
        "text": "♪~"
    },
    {
        "start": 137470,
        "stop": 137870,
        "text": "♪~"
    },
    {
        "start": 137870,
        "stop": 138270,
        "text": "♪~"
    },
    {
        "start": 138270,
        "stop": 138670,
        "text": "♪~"
    },
    {
        "start": 138670,
        "stop": 139070,
        "text": "♪~"
    },
    {
        "start": 139070,
        "stop": 139470,
        "text": "♪~"
    },
    {
        "start": 139570,
        "stop": 139970,
        "text": "♪~"
    },
    {
        "start": 139970,
        "stop": 140370,
        "text": "♪~"
    },
    {
        "start": 140370,
        "stop": 140770,
        "text": "♪~"
    },
    {
        "start": 140770,
        "stop": 141170,
        "text": "♪~"
    },
    {
        "start": 142770,
        "stop": 143070,
        "text": "(オラゴン)サラマンダーよりずっと早い (レン)うるせー!"
    },
    {
        "start": 143070,
        "stop": 143470,
        "text": "(オラゴン)大人になるって悲しい"
    },
    {
        "start": 143470,
        "stop": 143870,
        "text": "♪~"
    },
    {
        "start": 143870,
        "stop": 144070,
        "text": "サブタイトル:ひかり"
    },
    {
        "start": 144070,
        "stop": 144470,
        "text": "[音声なし]"
    }
]