[
    {
        "start": 0,
        "stop": 200,
        "text": "どういうことですか?"
    },
    {
        "start": 200,
        "stop": 400,
        "text": "な、何が?"
    },
    {
        "start": 400,
        "stop": 800,
        "text": "ああ、言っとくけど、俺ら兄弟だから、俺は別に…"
    },
    {
        "start": 800,
        "stop": 1100,
        "text": "え、兄におられた…"
    },
    {
        "start": 1100,
        "stop": 1300,
        "text": "どうでもいいですわ、そんなこと!"
    },
    {
        "start": 1300,
        "stop": 1700,
        "text": "それより、なぜイカ様と分かってて内容を教えてくれなかったんですの!?"
    },
    {
        "start": 1700,
        "stop": 1900,
        "text": "それをバラせば勝てましたのに!"
    },
    {
        "start": 1900,
        "stop": 2400,
        "text": "名薬その八、ゲーム中の不正発覚は敗北とみなすか?"
    },
    {
        "start": 2400,
        "stop": 2700,
        "text": "そうですわ!おかげで敗北とみなすか!"
    },
    {
        "start": 2700,
        "stop": 3000,
        "text": "国王宣定から外れ何もかも終わりですわ!"
    },
    {
        "start": 3300,
        "stop": 3400,
        "text": "つまり…?"
    },
    {
        "start": 3400,
        "stop": 3800,
        "text": "負けて悔しいから八当たり…"
    },
    {
        "start": 3900,
        "stop": 4000,
        "text": "かかった…"
    },
    {
        "start": 4100,
        "stop": 4700,
        "text": "なるほど、あの程度のイカ様も見破れず、身ぐるみ剥がされてあげくに八当たりか…"
    },
    {
        "start": 4700,
        "stop": 4900,
        "text": "全く話しいなら…"
    },
    {
        "start": 4900,
        "stop": 5000,
        "text": "どうですって!?"
    },
    {
        "start": 5000,
        "stop": 5400,
        "text": "しかも子供にズボシをつかれていちいち怒りを顔に出す"
    },
    {
        "start": 5400,
        "stop": 6200,
        "text": "単純、不転が低い、感情抑制もできない上に、リスクを恐れる保身的思考、はっきりで論外"
    },
    {
        "start": 6200,
        "stop": 6700,
        "text": "これが国王の血筋なら、負けが込むのも当然だな"
    },
    {
        "start": 7100,
        "stop": 7300,
        "text": "撤回…しなさい"
    },
    {
        "start": 7300,
        "stop": 7400,
        "text": "あ?"
    },
    {
        "start": 7400,
        "stop": 7900,
        "text": "私はともかく、おじいさままでグラウンするのは許せませんわ!"
    },
    {
        "start": 7900,
        "stop": 8100,
        "text": "今すぐ撤回しなさい!"
    },
    {
        "start": 8100,
        "stop": 8600,
        "text": "怒るってことはまたズボシか?さすが國王の孫娘"
    },
    {
        "start": 8700,
        "stop": 8900,
        "text": "言わせておけば!"
    },
    {
        "start": 9200,
        "stop": 9400,
        "text": "じゃ、ゲームをしよう"
    },
    {
        "start": 9400,
        "stop": 9600,
        "text": "(レン) じゃ、ゲームをしよう"
    },
    {
        "start": 9624,
        "stop": 9754,
        "text": "(レン) ゲームをしよう"
    },
    {
        "start": 9754,
        "stop": 10194,
        "text": "さよなら"
    },
    {
        "start": 10194,
        "stop": 11148,
        "text": "♪「啓煙」"
    },
    {
        "start": 11148,
        "stop": 11794,
        "text": "回り続ける 暴れ間には 鳴り下がらない"
    },
    {
        "start": 11794,
        "stop": 12468,
        "text": "平気を演じる 多重から始まった地獄"
    },
    {
        "start": 12468,
        "stop": 13036,
        "text": "あそれ反応ね 神が導いた 万丈の世界の No No No!"
    },
    {
        "start": 13036,
        "stop": 13446,
        "text": "Get Out Life! 温い平穏を 真っ先に捨てて"
    },
    {
        "start": 13446,
        "stop": 13852,
        "text": "栄光への階段に存在刻むんだ"
    },
    {
        "start": 13852,
        "stop": 14324,
        "text": "目に映るのは 完全勝利の運命"
    },
    {
        "start": 14324,
        "stop": 15188,
        "text": "何もかも 計算通り 変えてやる 染まらない グレーグレー!"
    },
    {
        "start": 15188,
        "stop": 15852,
        "text": "みんなママに 救えたいなんていらないのに"
    },
    {
        "start": 15852,
        "stop": 16528,
        "text": "どんな理事 嘘を吐くとも 勝てないだけの話だな"
    },
    {
        "start": 16528,
        "stop": 17164,
        "text": "影響と 才能が 無敗さらう"
    },
    {
        "start": 17164,
        "stop": 18592,
        "text": "生まれをした命で 楽しむさ 自分だけは自分 信じてる!"
    },
    {
        "start": 18592,
        "stop": 19028,
        "text": "(ノア)ゲーム? (レン)ああ 争い事は 全部ゲームで解決"
    },
    {
        "start": 19046,
        "stop": 19486,
        "text": "それがこの世界のルールだろ? だから ジャンケンをしよう"
    },
    {
        "start": 19578,
        "stop": 19884,
        "text": "(オラゴン)ジャンケン? (レン)ああ ただし"
    },
    {
        "start": 19996,
        "stop": 20392,
        "text": "俺は パーしか出さない (オラゴン)えっ?"
    },
    {
        "start": 20408,
        "stop": 20902,
        "text": "(レン)俺がパーしか出さないのは 全てをやるよ! (オラゴン)えっ?"
    },
    {
        "start": 20920,
        "stop": 21310,
        "text": "(レン)あなたが戦うことは 全てをやるよ (オラゴン)えっ?"
    },
    {
        "start": 21326,
        "stop": 21582,
        "text": "(レン)あなたが戦うことは 全てをやるよ (オラゴン)えっ?"
    },
    {
        "start": 21582,
        "stop": 21894,
        "text": "(レン)あなたがパー以外を出したら 俺の負け"
    },
    {
        "start": 22190,
        "stop": 22640,
        "text": "もし 俺が チョキやグーでお前に勝ったら お前も負けで引き分けになる"
    },
    {
        "start": 22690,
        "stop": 22902,
        "text": "(オラゴン)愛子のときは どうなるんですの?"
    },
    {
        "start": 22928,
        "stop": 23198,
        "text": "(レン)俺がパーを出して 愛子のときは引き分け"
    },
    {
        "start": 23222,
        "stop": 23556,
        "text": "他は当然 お前の勝ちになる 簡単だろ?"
    },
    {
        "start": 23636,
        "stop": 24198,
        "text": "(オラゴン)なるほど そういうことですの? で 何をかけるんですの?"
    },
    {
        "start": 24214,
        "stop": 24740,
        "text": "俺が勝ったら お前の要求を全て飲もう イカ様も教えるし"
    },
    {
        "start": 24756,
        "stop": 25282,
        "text": "グオウをグオウ呼ばわりしたのが気にいらないなら 俺らに死ねというのもありだ"
    },
    {
        "start": 25298,
        "stop": 25782,
        "text": "(オラゴン)あっ! (レン)で 俺が勝ったら お前が俺の要求を全て飲む"
    },
    {
        "start": 25798,
        "stop": 26328,
        "text": "こっちは たかがジャンケンに命までかけるんだ わかってるよな?"
    },
    {
        "start": 26416,
        "stop": 26820,
        "text": "(オラゴン)引き分けたら? (レン)俺はイカ様のヒントだけ教える"
    },
    {
        "start": 26836,
        "stop": 27124,
        "text": "その代わり ササイの願いを聞いてくれ"
    },
    {
        "start": 27140,
        "stop": 27640,
        "text": "ぶっちゃけ俺ら これ使い渡すと 宿も食い物も宛てがなくなるんだわ"
    },
    {
        "start": 27716,
        "stop": 28016,
        "text": "(オラゴン)宿を提供しろってことですの?"
    },
    {
        "start": 28158,
        "stop": 28312,
        "text": "(オラゴン)フッ…"
    },
    {
        "start": 28492,
        "stop": 28904,
        "text": "(オラゴン)分かりましたわ (レン)じゃ 名薬に誓って…"
    },
    {
        "start": 29092,
        "stop": 29304,
        "text": "(オラゴン)あっ! (レン)レン! レンとアー…"
    },
    {
        "start": 29320,
        "stop": 29646,
        "text": "ふっ うまく罠にはめているつもりでしょうけど"
    },
    {
        "start": 29662,
        "stop": 29976,
        "text": "このルール 一見 私に有利なように見えて"
    },
    {
        "start": 29992,
        "stop": 30376,
        "text": "実は1/3の確率で引き分けになるんですわ"
    },
    {
        "start": 30392,
        "stop": 30738,
        "text": "つまり この男の狙いは引き分けで宿狙い"
    },
    {
        "start": 30756,
        "stop": 31086,
        "text": "でも そう思わく通りにはさせませんわ"
    },
    {
        "start": 31102,
        "stop": 31526,
        "text": "このルールだと 私がグーを出した場合 2/3で勝ち"
    },
    {
        "start": 31544,
        "stop": 31778,
        "text": "チョキの場合も 2/3で勝ち"
    },
    {
        "start": 31794,
        "stop": 32270,
        "text": "ただし パーの場合は 1/3 選択肢はグーかチョキ"
    },
    {
        "start": 32286,
        "stop": 32566,
        "text": "ですが この男はパーしか出さないと宣言し"
    },
    {
        "start": 32582,
        "stop": 32900,
        "text": "私がグーを出しにくくするよう誘導している"
    },
    {
        "start": 32916,
        "stop": 33212,
        "text": "つまり 私にチョキを出させようとしている"
    },
    {
        "start": 33228,
        "stop": 33408,
        "text": "フンッ 読めましたわよ"
    },
    {
        "start": 33424,
        "stop": 33716,
        "text": "そんなミス・ジレクションに引っかかると思ってるんですの?"
    },
    {
        "start": 33732,
        "stop": 34012,
        "text": "裏をかいて グーですわ!"
    },
    {
        "start": 34030,
        "stop": 34126,
        "text": "(オラゴン)あっ!"
    },
    {
        "start": 34392,
        "stop": 34758,
        "text": "違う! 冷戦になるんですのよ ステマニンドーラ!"
    },
    {
        "start": 34776,
        "stop": 35284,
        "text": "私がグーを出せば 1/3の確率で負ける可能性が生まれるんですのよ!"
    },
    {
        "start": 35300,
        "stop": 35742,
        "text": "そうですわ この男は宣言通り パーを出すしかないんですの!"
    },
    {
        "start": 35760,
        "stop": 36056,
        "text": "パーを出せば 負ける確率は1/3!"
    },
    {
        "start": 36074,
        "stop": 36348,
        "text": "その上 勝つ確率が1/3もある"
    },
    {
        "start": 36364,
        "stop": 36870,
        "text": "あとはどちらも 2/3の確率で負け その上 勝ちはない!"
    },
    {
        "start": 36886,
        "stop": 37262,
        "text": "分かりきってることですわ 他を出す理由がない!"
    },
    {
        "start": 37278,
        "stop": 37724,
        "text": "つまり この男が出すのは… パーですわ!"
    },
    {
        "start": 37862,
        "stop": 38346,
        "text": "(オラゴン)じゃあ いくぞ! (レン)さあ 声面を書くがいいですわ!"
    },
    {
        "start": 38362,
        "stop": 38462,
        "text": "(オラゴン)フォー!"
    },
    {
        "start": 38680,
        "stop": 39072,
        "text": "(オラゴン)え? (レン)頑張ったみたいだが まだ足りない…"
    },
    {
        "start": 39160,
        "stop": 39468,
        "text": "俺の挑発に乗って グーを出そうとした"
    },
    {
        "start": 39484,
        "stop": 40102,
        "text": "が 俺の表情を見て冷静になり 俺がパー以外では勝ちがないのを理解した"
    },
    {
        "start": 40118,
        "stop": 40436,
        "text": "俺の勝ち目を消す そこまではいい"
    },
    {
        "start": 40452,
        "stop": 40702,
        "text": "だが それならパーを出すべきだったな"
    },
    {
        "start": 40720,
        "stop": 41108,
        "text": "そんな! だってチョキなら 勝つ確率はパーの倍ですのよ!"
    },
    {
        "start": 41124,
        "stop": 41400,
        "text": "だから 俺はお前がチョキを出すと予測できる…"
    },
    {
        "start": 41416,
        "stop": 41516,
        "text": "なっ!"
    },
    {
        "start": 41566,
        "stop": 41896,
        "text": "そこまで俺が読んでいると お前が読むことができれば"
    },
    {
        "start": 41912,
        "stop": 42226,
        "text": "お前はチョキではなく パーを出せたはずだ"
    },
    {
        "start": 42242,
        "stop": 42538,
        "text": "だから言っているけど まだ足りないと…"
    },
    {
        "start": 42626,
        "stop": 42726,
        "text": "あっ!"
    },
    {
        "start": 42742,
        "stop": 43138,
        "text": "そもそもこの勝負 俺のひとり勝ちなんだわ"
    },
    {
        "start": 43156,
        "stop": 43314,
        "text": "最初から…"
    },
    {
        "start": 43330,
        "stop": 43726,
        "text": "引き分け狙いってことでしょう? 分かってますわ 宿くらいなら…"
    },
    {
        "start": 43742,
        "stop": 43952,
        "text": "違うよ? (オラゴン)え?"
    },
    {
        "start": 43968,
        "stop": 44218,
        "text": "妹よ 俺はなんて言った?"
    },
    {
        "start": 44236,
        "stop": 44456,
        "text": "(妹)些細な願いを叶えてくれ"
    },
    {
        "start": 44472,
        "stop": 44646,
        "text": "その願いの内容は?"
    },
    {
        "start": 44768,
        "stop": 44846,
        "text": "言ってない…"
    },
    {
        "start": 44864,
        "stop": 45176,
        "text": "はぁーっ!? 待ちなさい! 違いますわ!"
    },
    {
        "start": 45192,
        "stop": 45476,
        "text": "私 確認しましたわよ! 宿を提供しろって!"
    },
    {
        "start": 45492,
        "stop": 45718,
        "text": "うん でも 俺 返事した"
    },
    {
        "start": 45734,
        "stop": 45834,
        "text": "え?"
    },
    {
        "start": 45952,
        "stop": 46052,
        "text": "あっ…"
    },
    {
        "start": 46126,
        "stop": 46410,
        "text": "ま…まさか… そんな…"
    },
    {
        "start": 46514,
        "stop": 46936,
        "text": "私が勝手に 宿を要求されたと思い込んだだけ…"
    },
    {
        "start": 47086,
        "stop": 47352,
        "text": "つまり このゲームの最大の罠は"
    },
    {
        "start": 47368,
        "stop": 47668,
        "text": "負けでも引き分けでも お前が追うリスクは同じってだから…"
    },
    {
        "start": 47686,
        "stop": 47864,
        "text": "そんな! 詐欺ですわ!"
    },
    {
        "start": 47882,
        "stop": 48244,
        "text": "俺は全て迷惑にしたがって お前に宣言した"
    },
    {
        "start": 48262,
        "stop": 48500,
        "text": "確認しなかった お前が悪い…"
    },
    {
        "start": 48516,
        "stop": 48608,
        "text": "(オラゴン)う…"
    },
    {
        "start": 48624,
        "stop": 48824,
        "text": "じゃあ 行ってみようか…"
    },
    {
        "start": 48942,
        "stop": 49162,
        "text": "俺の些細な願いを…"
    },
    {
        "start": 49180,
        "stop": 49450,
        "text": "(オラゴン)あっ… うっ… あっ…"
    },
    {
        "start": 49634,
        "stop": 49734,
        "text": "俺に…"
    },
    {
        "start": 50004,
        "stop": 50154,
        "text": "(オラゴン)惚れろ! (オラゴン)へ?"
    },
    {
        "start": 50172,
        "stop": 50580,
        "text": "惚れろ! 惚れろ! 惚れろ!"
    },
    {
        "start": 50664,
        "stop": 50764,
        "text": "ふっ…"
    },
    {
        "start": 50802,
        "stop": 51322,
        "text": "はははは! どうだ 妹よ! 兄のパーフェクトプランのは!"
    },
    {
        "start": 51340,
        "stop": 51726,
        "text": "迷惑損6 迷惑に誓って行われた賭けは絶対遵守される"
    },
    {
        "start": 51744,
        "stop": 52198,
        "text": "惚れさせてしまえば 宿も彼も勝手に見ついてくれるという訳だ!"
    },
    {
        "start": 52214,
        "stop": 52720,
        "text": "兄… 俺の所有物になれなら 全部手に入った…"
    },
    {
        "start": 52736,
        "stop": 52836,
        "text": "あれ?"
    },
    {
        "start": 53004,
        "stop": 53334,
        "text": "兄… 願望入った…"
    },
    {
        "start": 53350,
        "stop": 53526,
        "text": "ま… まさか…"
    },
    {
        "start": 53546,
        "stop": 53772,
        "text": "あっ… うわあああああ!"
    },
    {
        "start": 53788,
        "stop": 54102,
        "text": "このチャンスを逃したら 一生彼女ができないかもというコンプレックスが"
    },
    {
        "start": 54118,
        "stop": 54586,
        "text": "判断を鈍らせたためだから! 俺が! この俺が! バカな! この俺が! そんなミス!"
    },
    {
        "start": 54602,
        "stop": 54906,
        "text": "(オラゴン)兄 彼女いらないって… (シロ)ええっ…"
    },
    {
        "start": 55014,
        "stop": 55290,
        "text": "(オラゴン)シロがいればいいって言ってた?"
    },
    {
        "start": 55382,
        "stop": 55478,
        "text": "(シロ)シロ…"
    },
    {
        "start": 55544,
        "stop": 55694,
        "text": "はっ… はっ…"
    },
    {
        "start": 55736,
        "stop": 55836,
        "text": "うっ!"
    },
    {
        "start": 55898,
        "stop": 56034,
        "text": "うああああああああ!"
    },
    {
        "start": 56110,
        "stop": 56540,
        "text": "シロが出ました! すいませんでしたああああああ!"
    },
    {
        "start": 56556,
        "stop": 57040,
        "text": "だって妹に手出せないじゃん! まさや11歳じゃん! 兄ちゃんだってお年頃じゃん!"
    },
    {
        "start": 57056,
        "stop": 57424,
        "text": "戦欲だって戦欲だって戦欲だって戦欲だってあるじゃん!"
    },
    {
        "start": 57440,
        "stop": 57816,
        "text": "(オラゴン)恋恋と… 自由の名訳に拒否権はない"
    },
    {
        "start": 57832,
        "stop": 58396,
        "text": "けど あの男は私を無視して 妹と話をしていることに嫉妬しているなんて!"
    },
    {
        "start": 58412,
        "stop": 58962,
        "text": "そんなこと! そんなこと! 見かめられるわけないでしょー!"
    },
    {
        "start": 58980,
        "stop": 59288,
        "text": "ふっ… ふっ… ふっ… あき!"
    },
    {
        "start": 59604,
        "stop": 59930,
        "text": "ああああああ! 違う! 違いますわ!"
    },
    {
        "start": 59946,
        "stop": 60246,
        "text": "恋れるっていうのは永続的な状態を示す言葉ではないはず…"
    },
    {
        "start": 60264,
        "stop": 60652,
        "text": "(シロ)ああっ! つまり私が一生強く持ち算すれば…"
    },
    {
        "start": 60668,
        "stop": 60784,
        "text": "(レン)なあ (オラゴン)はい?"
    },
    {
        "start": 60802,
        "stop": 61080,
        "text": "(レン)とりあえずステフって呼んでもいいか? (オラゴン)もちろんですわ"
    },
    {
        "start": 61098,
        "stop": 61452,
        "text": "違う! 違うですわ これは私ではないですわ! あああああ!"
    },
    {
        "start": 61470,
        "stop": 61602,
        "text": "(レン)どうステフ (オラゴン)はい?"
    },
    {
        "start": 61620,
        "stop": 61882,
        "text": "(レン)応急に一緒に済ませて (オラゴン)喜んで!"
    },
    {
        "start": 61898,
        "stop": 62178,
        "text": "(オラゴン)違う! 違いますわ! (レン)なるほど これが迷惑の力か"
    },
    {
        "start": 62194,
        "stop": 62608,
        "text": "(オラゴン)ああああああ! (シロ)兄… 同体卒業 おめ…"
    },
    {
        "start": 62624,
        "stop": 62920,
        "text": "(オラゴン)ふっ… (シロ)ふっ…"
    },
    {
        "start": 62936,
        "stop": 63262,
        "text": "(レン)だめだめ シロの前で18権展開は却下 (オラゴン)何を出すんだろう?"
    },
    {
        "start": 63278,
        "stop": 63742,
        "text": "(シロ)シロ気にしない (レン)兄ちゃんは気にするの 権前なのじゃなきゃダメ!"
    },
    {
        "start": 63758,
        "stop": 64188,
        "text": "(オラゴン)じゃあ ギリギリ権前で… ううっ… ああ…"
    },
    {
        "start": 64322,
        "stop": 64442,
        "text": "(レン)ああああ! (シロ)ああっ!"
    },
    {
        "start": 64460,
        "stop": 64792,
        "text": "(レン)な… なっ… あああああ!"
    },
    {
        "start": 64934,
        "stop": 65326,
        "text": "(オラゴン)深効力からの 血もみ… (シロ)深効力…"
    },
    {
        "start": 65598,
        "stop": 66080,
        "text": "(オラゴン)ああああっ… (シロ)ボンパイ… ベンバイ…"
    },
    {
        "start": 66098,
        "stop": 66632,
        "text": "(オラゴン)す… 素敵! (オラゴン)続いて スカート巡りからの…"
    },
    {
        "start": 66694,
        "stop": 67376,
        "text": "(レン)バティラ… (オラゴン)ああっ… 今は… ラッティ! (シロ)ああっ!"
    },
    {
        "start": 67530,
        "stop": 68260,
        "text": "(オラゴン)うっ… ああ… そうだ! 大丈夫!"
    },
    {
        "start": 68276,
        "stop": 68556,
        "text": "(レン)すみません すみません ごめんなさい…"
    },
    {
        "start": 68572,
        "stop": 68856,
        "text": "すみません すみません ごめんなさい 許してください"
    },
    {
        "start": 68872,
        "stop": 69190,
        "text": "だって もうこの機会を 逃したら 一生おっぱいさえるチャンスないと思ったんですよ"
    },
    {
        "start": 69206,
        "stop": 69398,
        "text": "僕だって男の子で死に 雑誌にも会えるというか…"
    },
    {
        "start": 69414,
        "stop": 69610,
        "text": "(オラゴン)これはどうやって… (レン)ああっ!"
    },
    {
        "start": 69628,
        "stop": 70264,
        "text": "ミッドポー!シロ!ヒドイイイイ!ヒドイイイイ!"
    },
    {
        "start": 70264,
        "stop": 70790,
        "text": "もしかして2人一緒にいないとこうなってしまう…とか?"
    },
    {
        "start": 70932,
        "stop": 71316,
        "text": "チーラーキッシュ!"
    },
    {
        "start": 71316,
        "stop": 71600,
        "text": "なんなんですの この兄弟?"
    },
    {
        "start": 71948,
        "stop": 72096,
        "text": "異世界人?"
    },
    {
        "start": 72096,
        "stop": 72184,
        "text": "ああ"
    },
    {
        "start": 72184,
        "stop": 72438,
        "text": "それで宿に困っていたわけですね"
    },
    {
        "start": 72438,
        "stop": 72732,
        "text": "信じるの?異世界から来たって…"
    },
    {
        "start": 72732,
        "stop": 73180,
        "text": "召喚魔法なども存在していますし あり得る話ですわ"
    },
    {
        "start": 73180,
        "stop": 73280,
        "text": "へー…"
    },
    {
        "start": 73280,
        "stop": 73452,
        "text": "さすがファンタジー…"
    },
    {
        "start": 73452,
        "stop": 73876,
        "text": "それより…何事ですの?これ…"
    },
    {
        "start": 73876,
        "stop": 74140,
        "text": "ああ シロは風呂嫌いでなあ"
    },
    {
        "start": 74140,
        "stop": 74576,
        "text": "自動ぼるのとやらだから俺が見るのもダメとか言ってなかなか風呂に入らん"
    },
    {
        "start": 74576,
        "stop": 74920,
        "text": "そこでユケさんにご登場頂いたわけですよ!"
    },
    {
        "start": 74920,
        "stop": 75126,
        "text": "兄…嫌い…"
    },
    {
        "start": 75126,
        "stop": 75430,
        "text": "そしたら 宿が外に出ていればよいのでは?"
    },
    {
        "start": 75430,
        "stop": 75722,
        "text": "俺とシロは一定以上離れるわけにはいかない"
    },
    {
        "start": 75722,
        "stop": 75958,
        "text": "よってユケさんの存在は必須"
    },
    {
        "start": 75958,
        "stop": 76372,
        "text": "だがステーフ お前の裸はしっかり隠れにさせてもらい!"
    },
    {
        "start": 76526,
        "stop": 76794,
        "text": "すまんステーフ 手滑らししばった"
    },
    {
        "start": 76794,
        "stop": 76976,
        "text": "ちょっとそれ拾ってくれねえか?"
    },
    {
        "start": 76976,
        "stop": 77114,
        "text": "なんでしょう?"
    },
    {
        "start": 77114,
        "stop": 77394,
        "text": "異世界の秘密道具だよ!"
    },
    {
        "start": 77394,
        "stop": 77532,
        "text": "異世界の?"
    },
    {
        "start": 77780,
        "stop": 77946,
        "text": "これでステーフがスマホを拾えば"
    },
    {
        "start": 77946,
        "stop": 78350,
        "text": "ユケに隠れたシロを映さないまま ステーフ単体のラタイの画像は!"
    },
    {
        "start": 78630,
        "stop": 78782,
        "text": "どどど どうだ拾ったか!?"
    },
    {
        "start": 78782,
        "stop": 78914,
        "text": "ええ…"
    },
    {
        "start": 78914,
        "stop": 79198,
        "text": "画像もばっちり…キュッキュッ…"
    },
    {
        "start": 79354,
        "stop": 79638,
        "text": "ひらひら多い…動きにくい…"
    },
    {
        "start": 79638,
        "stop": 79934,
        "text": "私が小さい頃着ていた服ですわ"
    },
    {
        "start": 79934,
        "stop": 80070,
        "text": "ぴったりですわね!"
    },
    {
        "start": 80274,
        "stop": 80486,
        "text": "何かちょっと堅苦しいけど"
    },
    {
        "start": 80486,
        "stop": 80738,
        "text": "コスプレみたいで面白いなあ これ…"
    },
    {
        "start": 80822,
        "stop": 80972,
        "text": "羊来てくれー!"
    },
    {
        "start": 80972,
        "stop": 81246,
        "text": "ステフも似合ってるな そのドレス…"
    },
    {
        "start": 81246,
        "stop": 81372,
        "text": "ギョンコン!"
    },
    {
        "start": 81472,
        "stop": 81524,
        "text": "はっ!"
    },
    {
        "start": 81524,
        "stop": 81766,
        "text": "違います!違うんですの!"
    },
    {
        "start": 81766,
        "stop": 81936,
        "text": "何と戦ってるんだ?"
    },
    {
        "start": 81936,
        "stop": 82102,
        "text": "たぶん 自分と…"
    },
    {
        "start": 82330,
        "stop": 82640,
        "text": "お… お嬢だけに待くわー!"
    },
    {
        "start": 82890,
        "stop": 82968,
        "text": "何だおれは?"
    },
    {
        "start": 82968,
        "stop": 83238,
        "text": "ねえ 女心 わかってない…"
    },
    {
        "start": 83284,
        "stop": 83422,
        "text": "あ… あのー!"
    },
    {
        "start": 83422,
        "stop": 83692,
        "text": "お嬢様! お茶ならば私ともが…"
    },
    {
        "start": 83692,
        "stop": 83874,
        "text": "いいんですのよ!"
    },
    {
        "start": 83874,
        "stop": 84276,
        "text": "そのお飯作りは… どうしましょう? オラオラ…"
    },
    {
        "start": 84276,
        "stop": 84658,
        "text": "うまいよステフ 家庭的なところもあるんだな…"
    },
    {
        "start": 84658,
        "stop": 84910,
        "text": "兄 お嫁さんにするといい…"
    },
    {
        "start": 84994,
        "stop": 85352,
        "text": "へぇ! お嫁さんだなんて恥ずかしいのは私!"
    },
    {
        "start": 85352,
        "stop": 85510,
        "text": "お嬢様!"
    },
    {
        "start": 85510,
        "stop": 85644,
        "text": "ああああああああ!"
    },
    {
        "start": 85644,
        "stop": 85964,
        "text": "気を確かに持つんですの ステファニー・ドーラン!"
    },
    {
        "start": 85964,
        "stop": 86280,
        "text": "これ以上案内世界人に利用されてなるものですか?"
    },
    {
        "start": 86340,
        "stop": 86548,
        "text": "お待たせいたしましたわー!"
    },
    {
        "start": 86548,
        "stop": 86868,
        "text": "あら… ソラ?"
    },
    {
        "start": 87388,
        "stop": 87598,
        "text": "あはっ… あっ…"
    },
    {
        "start": 88612,
        "stop": 89038,
        "text": "国王選定戦が行われてる割には なんか寂しいなぁ…"
    },
    {
        "start": 89038,
        "stop": 89220,
        "text": "活気がないというか…"
    },
    {
        "start": 89296,
        "stop": 89574,
        "text": "あ? これ日本語じゃないのか…"
    },
    {
        "start": 89574,
        "stop": 89660,
        "text": "多分…"
    },
    {
        "start": 89660,
        "stop": 89880,
        "text": "イマニティ語ですわ"
    },
    {
        "start": 89880,
        "stop": 90302,
        "text": "これでもエルキアは イマニティ最大の国でしたのよ"
    },
    {
        "start": 90302,
        "stop": 90446,
        "text": "イマニティってのは?"
    },
    {
        "start": 90446,
        "stop": 90602,
        "text": "人類種ですわ"
    },
    {
        "start": 90602,
        "stop": 90764,
        "text": "人類種?"
    },
    {
        "start": 90764,
        "stop": 91220,
        "text": "かつてイマニティの国は 世界にいくつもあったんですの"
    },
    {
        "start": 91220,
        "stop": 91848,
        "text": "でもおじいさまが国王になった時には 既に自利品でエルキアを残すのみ"
    },
    {
        "start": 91848,
        "stop": 92338,
        "text": "領土を取り戻すには 国取りギャンブルに挑むしかない状況でしたの"
    },
    {
        "start": 92338,
        "stop": 92884,
        "text": "ってことは相手は人類… あとイマニティじゃなかったってことだな?"
    },
    {
        "start": 92884,
        "stop": 93044,
        "text": "もちろんですわ"
    },
    {
        "start": 93044,
        "stop": 93256,
        "text": "人類以外には何がいるんだ?"
    },
    {
        "start": 93256,
        "stop": 93432,
        "text": "そうですわねぇ"
    },
    {
        "start": 93432,
        "stop": 93986,
        "text": "神が獣の迷惑を適用した 自生ある種族は全部で16"
    },
    {
        "start": 93986,
        "stop": 94468,
        "text": "それを総称して私たちは「イクシード」 と呼んでいますわ"
    },
    {
        "start": 94468,
        "stop": 95074,
        "text": "唯一神に破れた1位のオールトデウス 2位のファンタズマ 3位のエレメンタル"
    },
    {
        "start": 95074,
        "stop": 95694,
        "text": "魔法が得意でエルブンガルドを世界一の大国に押し上げた 第7位のエルフ"
    },
    {
        "start": 95694,
        "stop": 96120,
        "text": "下の方だと14位のワービースと15位の精霊園…"
    },
    {
        "start": 96120,
        "stop": 96456,
        "text": "待て待て その1位2位ってのは何だ?"
    },
    {
        "start": 96456,
        "stop": 96968,
        "text": "遺甲鋳列ですわ 魔法適性の高さで決まっているらしいんですけど"
    },
    {
        "start": 96968,
        "stop": 97130,
        "text": "イマニティは何?"
    },
    {
        "start": 97396,
        "stop": 97606,
        "text": "16位ですわね"
    },
    {
        "start": 97606,
        "stop": 97750,
        "text": "再開かよ…"
    },
    {
        "start": 97750,
        "stop": 98126,
        "text": "仕方ありませんわ 魔法適性値ゼロですもの"
    },
    {
        "start": 98126,
        "stop": 98384,
        "text": "ゼロ?魔法が使えないってことか?"
    },
    {
        "start": 98384,
        "stop": 99170,
        "text": "ええ そもそも精霊回路 魔法の源に接続する回路が イマニティにはないんですの"
    },
    {
        "start": 99170,
        "stop": 99626,
        "text": "使えないところか 使われたことに気づくことすらできませんわ…"
    },
    {
        "start": 99730,
        "stop": 100438,
        "text": "だから勝ち目がない とでも思ってるならそりゃ負けが込むだろうよ"
    },
    {
        "start": 100438,
        "stop": 100520,
        "text": "えっ?"
    },
    {
        "start": 100520,
        "stop": 100826,
        "text": "ステフ ここに図書館はないか?"
    },
    {
        "start": 100826,
        "stop": 101322,
        "text": "え…あ 本でしたら書斎に… ただ…"
    },
    {
        "start": 101322,
        "stop": 101692,
        "text": "イマニティ5か… 覚えるしかないのな"
    },
    {
        "start": 101692,
        "stop": 101868,
        "text": "そうですわね"
    },
    {
        "start": 101868,
        "stop": 101996,
        "text": "に…"
    },
    {
        "start": 102208,
        "stop": 102310,
        "text": "覚えた…"
    },
    {
        "start": 102310,
        "stop": 102414,
        "text": "さすが!"
    },
    {
        "start": 102414,
        "stop": 102538,
        "text": "もっと褒める"
    },
    {
        "start": 102538,
        "stop": 102846,
        "text": "おおー さすが自慢の妹 テンサイ少女めん!"
    },
    {
        "start": 102846,
        "stop": 103184,
        "text": "まさか言語1つを覚えたってことですの?"
    },
    {
        "start": 103184,
        "stop": 103284,
        "text": "そうだけど…"
    },
    {
        "start": 103284,
        "stop": 103542,
        "text": "ありえませんわ こんな短時間で!"
    },
    {
        "start": 103542,
        "stop": 103976,
        "text": "音声言語が一致しているから簡単 2遅い"
    },
    {
        "start": 104122,
        "stop": 104358,
        "text": "男は早より遅い方がいいんだぞ…"
    },
    {
        "start": 104358,
        "stop": 104518,
        "text": "簡単って… 2小さい…"
    },
    {
        "start": 104518,
        "stop": 105462,
        "text": "この二人… ジャンケンの掛け引き 天才的な知能 完璧な信頼関係から生まれるチームワーク…"
    },
    {
        "start": 105462,
        "stop": 106162,
        "text": "この二人なら… もしかして… もしかして… このエルキオ…"
    },
    {
        "start": 106516,
        "stop": 106874,
        "text": "この勝負 プラミエットにも勝利とする!"
    },
    {
        "start": 107966,
        "stop": 108282,
        "text": "ステフ なんで王になりたかった?"
    },
    {
        "start": 108366,
        "stop": 108944,
        "text": "一晩読みあさって色々分かってきたの この国のこととか… お前の爺さんのこともな…"
    },
    {
        "start": 108944,
        "stop": 109144,
        "text": "そう…"
    },
    {
        "start": 109144,
        "stop": 109450,
        "text": "王族の地位を失うのが怖かったのか?"
    },
    {
        "start": 109450,
        "stop": 109600,
        "text": "違いますわ…"
    },
    {
        "start": 109600,
        "stop": 109890,
        "text": "エルキオを救いたかったのか?"
    },
    {
        "start": 109890,
        "stop": 110274,
        "text": "そうですわね もちろんそれが一番ですわ…"
    },
    {
        "start": 110274,
        "stop": 111038,
        "text": "ですが… 国取りギャンブルに挑むしかなかったお爺様は負け続け グオウと罵られた…"
    },
    {
        "start": 111038,
        "stop": 111678,
        "text": "でもお爺様はイマニティの可能性を信じていたんですもん 理解16位のイマニティでも…"
    },
    {
        "start": 111678,
        "stop": 112178,
        "text": "魔法が使えなくても 他の種族に勝てると本気で信じていた!"
    },
    {
        "start": 112178,
        "stop": 112966,
        "text": "私はお爺様が間違っていなかったと証明したかった 自分が王になり 強度を取り返すことで…"
    },
    {
        "start": 112966,
        "stop": 113414,
        "text": "イマニティを信じたお爺様が正しかったと 証明したかった!"
    },
    {
        "start": 113414,
        "stop": 113614,
        "text": "え?"
    },
    {
        "start": 113614,
        "stop": 114074,
        "text": "ステフ…この国…この世界…好き?"
    },
    {
        "start": 114074,
        "stop": 114274,
        "text": "あっ…"
    },
    {
        "start": 114274,
        "stop": 114574,
        "text": "ええ…もちろんですわ!"
    },
    {
        "start": 114874,
        "stop": 114998,
        "text": "いいな…"
    },
    {
        "start": 114998,
        "stop": 115798,
        "text": "そう言い切れるのはホント羨ましいわ…だが その願いは叶わない…"
    },
    {
        "start": 115798,
        "stop": 115998,
        "text": "あっ…"
    },
    {
        "start": 115998,
        "stop": 116998,
        "text": "さらに悪いが このままじゃ この国は滅びる 次の国王が即位すると同時にな…"
    },
    {
        "start": 117598,
        "stop": 118398,
        "text": "く…クラミ…いよいよ… 体監式…ですのね…"
    },
    {
        "start": 118398,
        "stop": 118998,
        "text": "ステファニードーラ…あなた 私に負けてからずっとそんな格好なの?"
    },
    {
        "start": 118998,
        "stop": 119698,
        "text": "この服はあなたの素敵なお爺様から贈られたものなんですってね 返してあげるわ"
    },
    {
        "start": 120798,
        "stop": 121598,
        "text": "いい?あなたは負けたの? その服をくれた愚王と同じ過ちは繰り返さないことね"
    },
    {
        "start": 122398,
        "stop": 122698,
        "text": "だから愚王の孫娘だと言われるんだ"
    },
    {
        "start": 122898,
        "stop": 123398,
        "text": "駆け引きってのは… もう始まってるんだよ"
    },
    {
        "start": 123398,
        "stop": 123598,
        "text": "あっ…"
    },
    {
        "start": 123798,
        "stop": 123998,
        "text": "ソラ…"
    },
    {
        "start": 124198,
        "stop": 125198,
        "text": "名薬その六 名薬に誓って行われた賭けは絶対遵守される これはお前のものだ 今はまだ な"
    },
    {
        "start": 125198,
        "stop": 125798,
        "text": "流石愚王の孫娘 その仕様にも愚かなものね"
    },
    {
        "start": 125798,
        "stop": 126298,
        "text": "なあ 妹よ 兄ちゃんが何をしようとついてきてくれるか?"
    },
    {
        "start": 126298,
        "stop": 126798,
        "text": "うん 約束通り どこへでも…"
    },
    {
        "start": 126798,
        "stop": 127098,
        "text": "速投か… こっちは結構覚悟して…"
    },
    {
        "start": 127098,
        "stop": 127298,
        "text": "嘘 兄 楽しそう"
    },
    {
        "start": 127398,
        "stop": 129198,
        "text": "まっ あっちの世界よりは楽しいところに連れてってやれるか? ステフ いつまで座ってんだ?"
    },
    {
        "start": 129198,
        "stop": 129398,
        "text": "あの服 さっさと取り返したいんだろ?"
    },
    {
        "start": 129398,
        "stop": 129598,
        "text": "ステフ 早く"
    },
    {
        "start": 129598,
        "stop": 129798,
        "text": "さあ行くぞ"
    },
    {
        "start": 129798,
        "stop": 129998,
        "text": "行くって…"
    },
    {
        "start": 129998,
        "stop": 130398,
        "text": "お前の爺さんが正しかったと証明しに行くぞ"
    },
    {
        "start": 130498,
        "stop": 130698,
        "text": "ソラ!"
    },
    {
        "start": 130798,
        "stop": 131298,
        "text": "なんですの? あれ? そういえば あの幻覚は…"
    },
    {
        "start": 131298,
        "stop": 131798,
        "text": "あっ そうだ クッキー すげえうまかった サンキュー"
    },
    {
        "start": 131798,
        "stop": 131998,
        "text": "キュッ"
    },
    {
        "start": 131998,
        "stop": 133398,
        "text": "遅いですわよ! 目標…とりあえず王様になってみるってことで"
    },
    {
        "start": 133398,
        "stop": 135398,
        "text": "誰にも 言えない 孤独を抱えたまま"
    },
    {
        "start": 135398,
        "stop": 136598,
        "text": "一人で泣いてた 誰にも上手に笑えない僕ら二人出会って笑った"
    },
    {
        "start": 136598,
        "stop": 137798,
        "text": "真夜中すぎに 外の奥に 君と僕らがいた"
    },
    {
        "start": 137798,
        "stop": 138898,
        "text": "真夜中すぎに 外の奥に どうしようもない気持ちをただ 押し合って"
    },
    {
        "start": 138898,
        "stop": 139898,
        "text": "さよなら僕ら きっと 叶われるから 悲しみに手を取るでしょう"
    },
    {
        "start": 139898,
        "stop": 140598,
        "text": "そして いつか笑うこのままの心に 灯りを灯すように"
    },
    {
        "start": 140598,
        "stop": 141198,
        "text": "途切れ途切れの 言葉を探して つなぎとめた"
    },
    {
        "start": 141198,
        "stop": 142298,
        "text": "それでも たった二人の世界は続いていくんだ 空に祈るように"
    },
    {
        "start": 142298,
        "stop": 142698,
        "text": "どうか 永遠に"
    },
    {
        "start": 143298,
        "stop": 143898,
        "text": "さよなら僕ら きっとまで 変われるから"
    },
    {
        "start": 143898,
        "stop": 144098,
        "text": "ご視聴ありがとうございました!"
    }
]